Temps [s];Marche [s/j];Amplitude [°]
2;0.9;278
4;0.5;279
6;1.1;282
8;3.9;282
10;0.3;285
12;1.5;283
14;3.8;280
16;2.6;276
18;2.5;275
20;1.2;273
22;4.8;272
24;0.1;270
26;0.7;273
28;0.2;275
30;2.7;270
32;-0.9;265
34;0;278
36;1.9;275
38;1;275
40;0.8;276
42;0.2;278
44;2.2;277
46;0.7;274
48;0.4;276
50;-0.5;283
52;2.8;283
54;0.4;278
56;1.1;283
58;0;283
60;4.3;280
62;0.6;276
64;0.7;272
66;1.7;279
68;4.6;279
70;2.2;275
72;2.4;271
74;3.2;277
76;1.1;277
78;1.2;276
80;1.2;278
82;4.3;276
84;0.4;277
86;0;279
88;0.2;282
90;3.3;279
92;-0.4;274
94;0.4;281
96;2.8;281
98;1.9;283
100;0.5;279
102;0;277
104;2.4;287
106;2.5;280
108;1.1;288
110;-0.1;291
112;3.6;289
114;1.1;286
116;1;289
118;0.6;293
120;4.5;288
122;0.9;290
124;1.3;291
126;2.2;288
128;4.9;287
130;1.5;285
132;0.8;289
134;2.5;286
136;1.5;286
138;1.2;282
140;0.8;289
142;4;287
144;0.8;289
146;0.6;289
148;0.8;288
150;3;287
152;-0.7;280
154;1.1;290
156;2.3;291
158;1.8;292
160;0.9;283
162;1.7;294
164;3.8;291
166;1.9;283
168;2;281
170;1.1;283
172;4.5;287
174;1.3;288
176;1.3;289
178;2.3;285
180;5.9;283
182;1.8;278
184;1.1;281
186;1.2;283
188;2.5;278
190;0.4;285
192;0.7;278
194;3.1;284
196;0.3;282
198;1.3;286
200;0.4;276
202;4.2;284
204;-0.2;291
206;0.8;288
208;0.7;292
210;3.5;284
212;0.2;285
214;0.7;292
216;3.2;285
218;2.5;286
220;2.2;291
222;1.8;290
224;4.1;276
226;2.4;284
228;2.3;283
230;1.5;280
232;3.7;286
234;1.3;282
236;2.6;275
238;1.9;277
240;4.8;272
242;1.7;275
244;1.3;276
246;1.1;273
248;2.8;272
250;-0.2;274
252;0.7;266
254;2.2;271
256;-0.7;273
258;-0.4;274
260;0.7;270
262;2.7;272
264;-1.3;276
266;0.4;274
268;0.3;275
270;2.5;277
272;0.2;277
274;1.1;280
276;3.2;271
278;0.4;281
280;1.7;282
282;0.8;283
284;3;279
286;0.8;282
288;1.2;277
290;1.3;279
292;3.9;279
294;1.2;278
296;1.7;280
298;0.6;280
300;4.2;276
302;0.9;274
304;0.6;278
306;1.1;274
308;2.5;274
310;-0.1;279
312;0.2;280
314;2.1;279
316;0;284
318;1.3;280
320;0.7;285
322;3.9;288
324;-0.3;289
326;1.6;288
328;1.7;279
330;3.6;275
332;0.6;286
334;1.6;289
336;3.4;280
338;1.2;283
340;2.4;288
342;0.7;281
344;3.5;285
346;1.6;285
348;2.3;284
350;1.3;284
352;4.5;283
354;1.5;274
356;1.7;276
358;0.5;285
360;3.3;283
362;0;284
364;0.6;275
366;1.2;288
368;2;279
370;-0.1;292
372;1.1;285
374;3.5;291
376;0.3;290
378;1.8;286
380;1.6;291
382;4.2;290
384;0.4;290
386;1.9;292
388;2.1;293
390;2.9;286
392;1.6;288
394;1.7;291
396;3.2;284
398;1.5;276
400;2.6;288
402;2;285
404;4.2;285
406;1.5;281
408;1.9;285
410;1.6;285
412;3.5;280
414;0.2;281
416;1.3;280
418;0.9;286
420;3.4;275
422;-0.1;292
424;0.4;289
426;0.5;289
428;2.3;289
430;0.9;294
432;1.2;291
434;3.3;290
436;0.8;285
438;1.8;275
440;1.9;285
442;4.2;289
444;1.4;288
446;1.9;286
448;1.9;284
450;4.1;287
452;1.8;289
454;2.6;282
456;4.2;278
458;2;279
460;1.7;269
462;1.7;283
464;3.7;277
466;1;274
468;1.2;272
470;0.1;280
472;4.5;276
474;-0.1;267
476;0.6;272
478;0.1;285
480;3.6;281
482;0.5;282
484;0.1;282
486;0.9;282
488;3.8;282
490;0.7;283
492;1.3;284
494;3;276
496;1.5;282
498;1.8;270
500;1.3;280
502;5.2;278
504;1.4;266
506;2.2;277
508;1.6;275
510;3.7;271
512;0.5;273
514;1;265
516;2;272
518;2.3;268
520;-0.1;271
522;-0.1;266
524;2.7;274
526;0.2;275
528;0.3;266
530;-1;277
532;2.8;277
534;-0.5;280
536;0.6;279
538;-0.3;284
540;3.9;282
542;0.1;272
544;0.3;286
546;1.5;287
548;3.5;285
550;0.7;289
552;1.1;285
554;3.1;287
556;1.7;284
558;3.4;285
560;2.6;284
562;6.7;279
564;1.1;276
566;1.5;271
568;0.9;277
570;4.2;274
572;-0.7;272
574;0.5;278
576;2;276
578;2;278
580;-0.2;279
582;-0.2;283
584;2.3;284
586;1.1;279
588;0.5;280
590;-1;289
592;3.4;291
594;0;284
596;0;293
598;0;287
600;4.4;292
602;1.3;286
604;1.4;299
606;2.7;298
608;4.8;295
610;1.4;296
612;3.5;293
614;5;282
616;4;287
618;3.7;289
620;1.9;283
622;6;280
624;1.4;269
626;1.8;282
628;0.9;272
630;3.4;282
632;-0.3;272
634;0.4;282
636;2.1;284
638;1.8;280
640;0.8;287
642;0.2;286
644;2.3;282
646;1;288
648;0.4;288
650;0.1;293
652;3.6;295
654;1.8;295
656;2.1;288
658;1.3;284
660;4.8;291
662;1;290
664;0.7;295
666;2.6;295
668;5.3;288
670;2.7;289
672;3;275
674;3.6;286
676;1.2;280
678;2.1;287
680;1.3;285
682;4.3;271
684;0.6;284
686;0.4;286
688;0.7;289
690;3.7;286
692;0.1;291
694;0.8;291
696;2.4;287
698;2.9;285
700;1.1;290
702;0.4;293
704;2.6;291
706;2.4;289
708;2.2;281
710;1.1;291
712;4.1;288
714;1.7;287
716;2.2;285
718;1.4;289
720;5.5;285
722;1.9;282
724;2.3;281
726;3.2;282
728;5.2;274
730;0.8;273
732;0.1;278
734;1.8;273
736;0.4;275
738;0.7;277
740;0.8;279
742;3.8;278
744;-0.2;279
746;0.7;280
748;0.6;279
750;2.9;282
752;-0.5;284
754;1.2;282
756;3.2;280
758;1.8;275
760;1.3;281
762;1.3;276
764;3.9;285
766;2.1;279
768;2.4;282
770;1.5;281
772;4.4;281
774;1.5;279
776;3;278
778;2.2;269
780;4.7;270
782;0.1;262
784;-0.7;268
786;0.3;269
788;2.6;273
790;-0.6;272
792;-0.2;271
794;2.4;277
796;-0.9;274
798;0.8;277
800;-0.2;280
802;3.6;281
804;-0.9;285
806;0.7;288
808;0.9;288
810;3.5;288
812;0.4;284
814;0.6;290
816;3.1;288
818;2.2;286
820;2.1;290
822;1.4;291
824;3.5;289
826;1.7;287
828;1.9;277
830;1;288
832;4;284
834;1.5;281
836;2.4;284
838;1.3;287
840;4.5;284
842;1.1;285
844;1.4;286
846;1.9;286
848;2.8;283
850;0.2;289
852;1;290
854;2.5;286
856;0.5;288
858;1.4;281
860;1;291
862;3.7;291
864;0;280
866;1.3;291
868;1.3;293
870;3.1;293
872;0.8;294
874;2;293
876;3.4;290
878;1.1;282
880;1.9;287
882;1;293
884;3.2;292
886;1.3;290
888;1.4;291
890;1.5;292
892;3.9;291
894;1.2;282
896;2;290
898;1.2;289
900;4.2;288
902;1.4;287
904;1.3;288
906;1.8;289
908;2.9;283
910;0.7;290
912;1;288
914;2.8;289
916;1;288
918;1.4;293
920;0.9;287
922;3.8;286
924;-0.4;288
926;1.7;293
928;1.9;292
930;4;289
932;0.9;280
934;2.1;292
936;3.7;290
938;1.6;291
940;2.6;287
942;1.5;288
944;3.7;290
946;1.2;287
948;1.9;287
950;1.3;289
952;4.7;287
954;2.2;286
956;2.7;283
958;1.6;286
960;4.2;280
962;0.8;283
964;1.2;281
966;2.3;280
968;3.4;279
970;1.7;277
972;1.5;282
974;3.2;276
976;0.6;281
978;1.5;282
980;1.7;282
982;4.5;277
984;0.3;280
986;1.9;277
988;1.8;279
990;3.1;277
992;1.2;280
994;1.5;279
996;3.5;276
998;0.7;266
1000;1.5;278
1002;0.6;278
1004;3.5;277
1006;0.8;274
1008;0.4;279
1010;1.1;273
1012;3.5;277
1014;0.4;278
1016;1.2;278
1018;0.3;280
1020;3;279
1022;-0.3;282
1024;0.4;282
1026;1.4;278
1028;2.6;280
1030;1.1;287
1032;0.9;287
1034;3;285
1036;0.7;284
1038;2.5;290
1040;1.5;288
1042;4.4;284
1044;0.7;287
1046;1.7;286
1048;1.8;287
1050;3.8;286
1052;0.9;286
1054;2.2;286
1056;3.6;285
1058;2.4;283
1060;2.5;283
1062;1.3;283
1064;3.5;281
1066;1.1;276
1068;1.1;283
1070;-0.4;284
1072;4.2;284
1074;-0.4;282
1076;0.4;288
1078;0.3;291
1080;4.5;286
1082;0.3;290
1084;0.4;292
1086;0.6;294
1088;3;292
1090;0.6;294
1092;1.3;290
1094;3.3;294
1096;2.1;294
1098;2.2;292
1100;1.7;296
1102;4.6;293
1104;1.4;291
1106;2.3;292
1108;2;290
1110;4.7;286
1112;1.8;289
1114;2.3;287
1116;3;284
1118;3.3;282
1120;1.1;283
1122;0.6;284
1124;3.2;284
1126;0.7;283
1128;0.9;286
1130;-0.3;287
1132;3.1;286
1134;0.7;287
1136;1;288
1138;-0.2;295
1140;4.5;289
1142;0.6;295
1144;0.2;293
1146;1.9;296
1148;3.8;292
1150;1.6;295
1152;2.1;294
1154;4.4;290
1156;2.1;290
1158;3.2;292
1160;3.1;290
1162;6.9;286
1164;2;280
1166;2.2;282
1168;1.7;280
1170;4.8;279
1172;0.2;280
1174;0.8;278
1176;2.2;272
1178;2.5;277
1180;0.5;278
1182;-0.4;283
1184;2.3;284
1186;0.8;281
1188;0.7;289
1190;0.3;281
1192;4.4;290
1194;1;277
1196;0.8;290
1198;0.1;293
1200;4.1;289
1202;1.4;289
1204;1.1;293
1206;1.5;291
1208;4.1;289
1210;1.9;285
1212;3.7;278
1214;5.7;281
1216;3.8;277
1218;2.2;279
1220;1.4;276
1222;5.6;273
1224;0.3;273
1226;0.4;271
1228;-0.2;277
1230;3;271
1232;-1;277
1234;-0.1;275
1236;1.5;278
1238;1.1;275
1240;0.8;269
1242;-0.3;282
1244;2.5;283
1246;1.4;279
1248;0.7;285
1250;-0.6;285
1252;3.4;288
1254;1.2;284
1256;1.7;287
1258;1.1;288
1260;4.6;283
1262;1.3;287
1264;1.1;286
1266;2.6;284
1268;5.8;283
1270;2.3;280
1272;2.1;281
1274;3.3;279
1276;0.5;277
1278;1.3;280
1280;0.7;281
1282;4;280
1284;0;281
1286;0.3;282
1288;0.3;284
1290;3.3;278
1292;0.1;284
1294;0.5;289
1296;2.3;289
1298;2.4;287
1300;0.5;288
1302;0.6;291
1304;2.4;293
1306;2;291
1308;1.1;279
1310;0.9;295
1312;3.6;293
1314;1.1;291
1316;1.7;292
1318;1.1;291
1320;5.1;291
1322;2.7;290
1324;2.3;288
1326;2.6;289
1328;4.4;272
1330;0.8;286
1332;0.7;288
1334;2.7;289
1336;1.4;285
1338;1.2;288
1340;1;291
1342;4;289
1344;0.4;291
1346;0.6;290
1348;1;295
1350;3.1;287
1352;0.1;295
1354;2;283
1356;2.9;293
1358;1.8;277
1360;1.2;294
1362;1.4;293
1364;4;289
1366;2.3;290
1368;2.4;290
1370;1.3;293
1372;4.4;288
1374;2.2;289
1376;3.7;285
1378;3;283
1380;5;279
1382;0.5;266
1384;0.4;284
1386;1.1;282
1388;3.1;277
1390;0.4;278
1392;1;284
1394;2.9;287
1396;-0.1;284
1398;1.5;289
1400;0.4;289
1402;4.4;273
1404;-0.4;288
1406;0.5;292
1408;1.3;291
1410;3.5;288
1412;0.7;293
1414;1;292
1416;3;294
1418;1.8;292
1420;2.1;290
1422;1.9;290
1424;3.7;290
1426;1.5;288
1428;2.7;282
1430;1.5;290
1432;5.1;285
1434;2.4;285
1436;3;284
1438;1.9;284
1440;5.1;279
1442;1.8;274
1444;1.4;269
1446;1.8;274
1448;2.9;276
1450;-0.3;276
1452;0.7;279
1454;2.9;278
1456;0;276
1458;1.6;278
1460;1.6;279
1462;3.2;279
1464;-0.4;277
1466;1;276
1468;0.9;276
1470;3.1;279
1472;0.4;283
1474;1.5;282
1476;3.7;277
1478;1.4;273
1480;1.7;280
1482;0.9;281
1484;3.2;278
1486;1.1;278
1488;2.1;279
1490;1.5;278
1492;3.6;279
1494;0.7;272
1496;1.4;279
1498;0.5;279
1500;3.5;277
1502;0.3;277
1504;0;278
1506;1;280
1508;2.8;281
1510;0.2;282
1512;0.9;284
1514;3;284
1516;0.9;281
1518;1.7;277
1520;0.6;284
1522;3.5;283
1524;-0.4;286
1526;1.5;287
1528;1.7;288
1530;3.9;287
1532;0.8;290
1534;2.2;288
1536;3.8;285
1538;1.2;286
1540;2.2;287
1542;1;288
1544;3.5;287
1546;1.2;285
1548;1.8;285
1550;1.5;287
1552;3.9;285
1554;1.6;284
1556;1.7;285
1558;0.4;288
1560;3.1;286
1562;-0.3;288
1564;0.8;290
1566;1.4;291
1568;3;291
1570;1.4;280
1572;1.1;283
1574;2.9;290
1576;0.5;289
1578;1.3;294
1580;1;293
1582;3.9;292
1584;0.3;296
1586;1.9;296
1588;2.3;292
1590;3.8;289
1592;1.7;295
1594;1.9;290
1596;4.1;292
1598;1.5;291
1600;2.7;292
1602;2;292
1604;4.5;286
1606;2.1;286
1608;2.1;287
1610;1.2;287
1612;3.6;286
1614;0.4;288
1616;1.4;287
1618;0.2;291
1620;3.3;287
1622;-0.1;288
1624;0.3;280
1626;2;292
1628;2.8;290
1630;1.3;294
1632;1.3;294
1634;3.5;294
1636;0.9;291
1638;2.1;280
1640;2;294
1642;4.6;291
1644;1.2;293
1646;2.2;291
1648;1.9;289
1650;4.4;288
1652;0.9;291
1654;2.4;288
1656;4.5;286
1658;2.6;283
1660;3.3;272
1662;1.5;285
1664;3.6;283
1666;1.3;280
1668;0.7;281
1670;-0.3;286
1672;4.3;286
1674;0.1;284
1676;0.7;284
1678;0.5;290
1680;4.9;285
1682;1.7;283
1684;1.2;288
1686;2.2;287
1688;4.3;282
1690;1;287
1692;1.5;287
1694;3.1;286
1696;2;275
1698;2.1;286
1700;2.2;282
1702;5.6;282
1704;1.7;281
1706;2.7;277
1708;1.6;279
1710;3.5;275
1712;0.7;276
1714;1.4;276
1716;2.5;271
1718;2.9;264
1720;0.6;274
1722;0;276
1724;2.4;276
1726;0.2;271
1728;0.1;276
1730;-0.9;275
1732;2.8;278
1734;-0.1;280
1736;0.8;282
1738;0.3;283
1740;4.2;280
1742;0.7;283
1744;0.1;279
1746;1.1;283
1748;3.4;274
1750;0.6;286
1752;1.1;288
1754;3.7;283
1756;1.7;284
1758;2.5;283
1760;2.2;283
1762;6.4;281
1764;0.8;276
1766;1.7;277
1768;0.6;278
1770;4.2;273
1772;-0.4;275
1774;-0.1;276
1776;1.6;276
1778;1.7;276
1780;-0.7;279
1782;-0.5;281
1784;1.8;285
1786;1.1;284
1788;0.3;288
1790;-0.3;287
1792;4.1;288
1794;0.6;289
1796;0.4;291
1798;0.1;295
1800;3.7;292
1802;0.8;295
1804;0.8;291
1806;2.3;296
1808;4.3;297
1810;1;296
1812;3;298
1814;5;295
1816;3.1;290
1818;3.1;291
1820;1.9;286
1822;6.5;287
1824;1.1;283
1826;1.3;284
1828;0.8;287
1830;3.3;284
1832;0;290
1834;0.6;289
1836;2.1;287
1838;1.8;290
1840;1.1;291
1842;0.1;293
1844;2.8;293
1846;1.7;288
1848;1.1;292
1850;0.6;296
1852;3.6;296
1854;1;292
1856;1.8;294
1858;1.6;297
1860;4.8;294
1862;1;297
1864;1.5;293
1866;3.6;295
1868;5.7;291
1870;2.5;288
1872;1.9;289
1874;3.9;285
1876;1.8;284
1878;2.1;288
1880;1.5;286
1882;4.2;280
1884;0.7;286
1886;0.8;286
1888;0.7;290
1890;3.6;287
1892;-0.2;280
1894;0.8;287
1896;2.4;288
1898;2.8;280
1900;1.1;288
1902;0.6;292
1904;2.9;292
1906;2.2;291
1908;1;294
1910;1.2;291
1912;3.4;294
1914;1.1;293
1916;1.6;295
1918;1.4;296
1920;5.4;293
1922;2.5;291
1924;2.5;292
1926;3;289
1928;5.1;284
1930;1.6;285
1932;1.3;287
1934;3.4;285
1936;2.3;282
1938;1.5;282
1940;1.2;282
1942;4.1;282
1944;0.7;281
1946;1;278
1948;1.1;282
1950;2.8;285
1952;0;278
1954;2.3;280
1956;3.5;278
1958;2.3;283
1960;0.9;284
1962;1.2;288
1964;3.6;284
1966;2.4;281
1968;2.7;280
1970;1.5;283
1972;4.5;281
1974;2.1;278
1976;3.5;273
1978;2.2;276
1980;5;270
1982;0.1;269
1984;-0.5;267
1986;0.9;269
1988;2.4;272
1990;-0.6;275
1992;0;278
1994;2.6;270
1996;-0.8;276
1998;1.1;280
2000;-0.1;280
2002;3.9;281
2004;-0.9;282
2006;0.4;282
2008;1.3;281
2010;3.7;280
2012;0.6;284
2014;0.7;287
2016;3.1;287
2018;2.1;289
2020;2.3;288
2022;1.7;288
2024;3.5;286
2026;1.6;281
2028;2.1;286
2030;1.9;285
2032;4.8;281
2034;2.1;281
2036;2.2;282
2038;1;282
2040;4.6;279
2042;1.3;280
2044;0.7;281
2046;1.1;282
2048;3;278
2050;-0.4;283
2052;1;287
2054;2.4;285
2056;0.1;286
2058;1.1;290
2060;1.2;289
2062;3.9;288
2064;0;289
2066;1.1;291
2068;1;288
2070;3.1;292
2072;0.8;295
2074;1.8;294
2076;3.7;291
2078;1.3;290
2080;2.1;291
2082;1.2;295
2084;3.5;291
2086;1.9;289
2088;2.9;288
2090;2.2;281
2092;4.2;284
2094;1;287
2096;1.8;288
2098;0.9;290
2100;4;287
2102;1.3;290
2104;0.8;290
2106;1.9;291
2108;2.7;289
2110;0.2;292
2112;1.1;293
2114;2.5;294
2116;1.1;290
2118;2.1;293
2120;1.2;294
2122;3.8;290
2124;-0.1;295
2126;2;296
2128;2.8;297
2130;4;291
2132;1.4;295
2134;2.1;295
2136;3.8;292
2138;1.6;290
2140;2.4;292
2142;1.9;292
2144;4.1;289
2146;1.9;288
2148;2.2;288
2150;0.9;288
2152;4.4;288
2154;1.7;285
2156;2.1;287
2158;1;288
2160;3.2;285
2162;0.2;289
2164;1;291
2166;2.1;289
2168;3.3;289
2170;1.3;290
2172;1.3;290
2174;3.4;285
2176;0.9;286
2178;1.9;289
2180;1.6;291
2182;4.8;285
2184;1.4;289
2186;2.9;287
2188;3.3;285
2190;4.1;284
2192;2;282
2194;2.3;283
2196;4.2;281
2198;1.4;280
2200;3;279
2202;1.5;277
2204;4.2;277
2206;0.7;276
2208;0.6;277
2210;0.7;278
2212;3.2;276
2214;-0.3;278
2216;0.7;279
2218;0.2;279
2220;3;280
2222;-0.2;282
2224;0.6;284
2226;1.3;284
2228;2.7;269
2230;1.1;285
2232;1.2;275
2234;3.4;283
2236;0.7;284
2238;1.7;286
2240;1.9;286
2242;4.3;282
2244;0.7;273
2246;1.9;284
2248;1.8;283
2250;4.4;281
2252;1.3;282
2254;2.2;279
2256;3.9;278
2258;1.9;270
2260;1.7;276
2262;0.6;278
2264;2.9;275
2266;0.3;274
2268;0.6;277
2270;-0.4;279
2272;3.6;278
2274;-1.2;279
2276;0.2;280
2278;0;277
2280;4;273
2282;0.3;286
2284;0.1;286
2286;1.3;287
2288;3.4;288
2290;0;288
2292;1.1;291
2294;2.6;288
2296;1.5;290
2298;1.8;290
2300;1.3;290
2302;5;289
2304;1;288
2306;2.1;289
2308;1.9;290
2310;4.1;285
2312;1.6;278
2314;1.7;286
2316;2.7;287
2318;3.7;281
2320;1.1;286
2322;1;281
2324;3.4;286
2326;1.3;283
2328;1.3;287
2330;0.2;290
2332;2.9;290
2334;0.6;291
2336;1.1;288
2338;0.4;295
2340;4.3;280
2342;0.8;295
2344;0.9;295
2346;2.1;295
2348;3.7;294
2350;1;293
2352;1.6;292
2354;4.1;296
2356;1.7;291
2358;3;293
2360;2.3;290
2362;6.5;284
2364;1.6;285
2366;2.6;285
2368;1.8;284
2370;4.9;281
2372;0.5;281
2374;1;281
2376;3;281
2378;2.7;278
2380;0.1;283
2382;0;286
2384;2.5;286
2386;1.7;283
2388;0.6;278
2390;0.1;289
2392;4.1;288
2394;0.3;288
2396;0.6;290
2398;0.4;295
2400;3.5;290
2402;1;295
2404;0.4;295
2406;1.5;296
2408;4.3;291
2410;0.7;291
2412;2.3;294
2414;4.6;289
2416;3.3;285
2418;3.5;287
2420;2.8;284
2422;2.3;279
2424;1.7;279
2426;1.9;276
2428;1.7;280
2430;3.5;275
2432;-0.5;278
2434;0.9;274
2436;2.2;280
2438;1.5;275
2440;1.2;281
2442;0.2;284
2444;3;282
2446;1.6;278
2448;1.2;282
2450;0.4;282
2452;3.3;284
2454;0.9;284
2456;1.7;283
2458;0.5;270
2460;4.2;280
2462;0.5;284
2464;0.6;286
2466;1.8;286
2468;4.6;283
2470;2;282
2472;2.5;283
2474;4.1;278
2476;1.9;273
2478;2;277
2480;0.9;276
2482;3.7;274
2484;-0.1;277
2486;-0.2;277
2488;0.5;277
2490;3.3;276
2492;-0.2;282
2494;0.1;283
2496;2;284
2498;2.3;279
2500;0.7;285
2502;0.6;282
2504;2.8;284
2506;1.8;279
2508;1;288
2510;0.9;287
2512;3.4;285
2514;1.1;287
2516;1.4;289
2518;0.8;291
2520;5;288
2522;2.3;287
2524;2.1;287
2526;2.5;284
2528;4.3;282
2530;0.5;284
2532;0.6;285
2534;2.7;283
2536;1.3;285
2538;1.2;290
2540;0.6;285
2542;3.5;288
2544;0.4;281
2546;0.6;292
2548;1;294
2550;2.8;284
2552;-0.3;293
2554;1.7;296
2556;3.7;293
2558;1.9;294
2560;1.7;294
2562;2.2;297
2564;4.3;293
2566;2.3;292
2568;2.4;293
2570;1.7;294
2572;4.9;289
2574;2.7;289
2576;3.9;288
2578;3.1;286
2580;5.2;279
2582;0.7;283
2584;0.6;283
2586;1.4;284
2588;3.1;282
2590;0.6;281
2592;0.7;286
2594;3;284
2596;0;286
2598;1.2;288
2600;0.4;288
2602;4.5;287
2604;-0.1;289
2606;0.9;292
2608;1.4;293
2610;3.4;290
2612;0.7;292
2614;1;293
2616;3.1;292
2618;2.5;277
2620;2.3;292
2622;2.2;291
2624;3.7;290
2626;1.5;288
2628;2.3;290
2630;1.4;290
2632;5.1;287
2634;1.7;286
2636;2.6;285
2638;1;286
2640;4.1;283
2642;1;284
2644;1.2;284
2646;1.3;283
2648;3.5;280
2650;0.2;285
2652;1.1;286
2654;3;285
2656;0.1;285
2658;1.3;289
2660;1.5;287
2662;4.2;285
2664;0.5;287
2666;1.7;289
2668;2.2;286
2670;3.7;285
2672;1.2;285
2674;2.5;287
2676;4.1;276
2678;1.5;284
2680;2.7;282
2682;1.5;280
2684;3.8;281
2686;2.3;278
2688;3;277
2690;2.1;279
2692;4.1;273
2694;0.6;274
2696;0.5;276
2698;-0.1;278
2700;3.5;272
2702;0.5;275
2704;0.1;276
2706;0.7;276
2708;2.3;278
2710;0;279
2712;0.8;282
2714;2.6;281
2716;1;281
2718;1.7;284
2720;0.7;284
2722;4;283
2724;-0.2;282
2726;1.6;284
2728;1.8;284
2730;3.9;281
2732;0.8;285
2734;1.8;284
2736;3.8;283
2738;1;282
2740;2.2;281
2742;1.1;283
2744;3.8;269
2746;1.2;280
2748;1.3;269
2750;1.1;282
2752;4;280
2754;0.9;280
2756;1.7;282
2758;0.4;282
2760;3;281
2762;-0.4;285
2764;0.7;287
2766;1.6;284
2768;2.6;288
2770;0.5;290
2772;0.7;291
2774;2.9;287
2776;0.3;291
2778;1.7;295
2780;1.7;293
2782;4.1;292
2784;0.2;288
2786;2.1;291
2788;2.3;293
2790;3.2;292
2792;1.2;293
2794;1.8;291
2796;3.7;290
2798;2.1;290
2800;3.4;273
2802;1.6;288
2804;3.5;274
2806;0.8;285
2808;1.6;282
2810;1.7;288
2812;4;286
2814;0.8;273
2816;1.8;288
2818;0.6;289
2820;3.3;285
2822;0.7;291
2824;1;293
2826;1.7;288
2828;2.9;290
2830;1.1;293
2832;1.3;293
2834;3.3;292
2836;0.8;292
2838;2.2;294
2840;2;284
2842;4.9;280
2844;1;278
2846;2.3;290
2848;1.9;293
2850;5.4;284
2852;2.1;288
2854;3;286
2856;4.2;280
2858;2.3;281
2860;2.1;279
2862;0.9;283
2864;3.3;278
2866;0.6;280
2868;1.1;282
2870;0.1;284
2872;4.1;279
2874;0.2;270
2876;0.3;284
2878;0.1;286
2880;4.5;285
2882;0.7;287
2884;0.4;289
2886;1.4;290
2888;3.8;288
2890;0.9;290
2892;2;289
2894;3.9;279
2896;2.9;286
2898;2.5;288
2900;2.7;285
2902;6;281
2904;3.1;279
2906;3.2;276
2908;1.6;274
2910;3.4;271
2912;0.5;269
2914;1.2;272
2916;2;273
2918;2.8;272
2920;1.1;270
2922;-0.4;274
2924;2.6;273
2926;0.5;271
2928;0.3;277
2930;-0.7;278
2932;2.8;277
2934;-0.1;278
2936;0.4;280
2938;0.1;280
2940;4.3;281
2942;0.6;283
2944;0.6;283
2946;1.2;285
2948;3.6;273
2950;0.8;284
2952;1.5;286
2954;3.5;283
2956;2.1;281
2958;3.6;281
2960;2.9;279
2962;6.5;274
2964;0.8;271
2966;1;273
2968;0.6;272
2970;3.9;269
2972;-0.2;273
2974;-0.1;274
2976;1.5;271
2978;2.2;272
2980;-0.6;275
2982;-1.1;277
2984;2;279
2986;0.8;279
2988;0.7;282
2990;0.2;284
2992;4;284
2994;0.1;279
2996;0;285
2998;0;289
3000;4.1;288
3002;1;290
3004;0;292
3006;1.1;282
3008;4;292
3010;0.3;291
3012;2.2;292
3014;4.2;288
3016;3.4;284
3018;3;273
3020;1.9;286
3022;6.2;279
3024;0.8;281
3026;1.3;278
3028;0.4;284
3030;3.2;285
3032;-0.4;285
3034;0.8;287
3036;2.4;286
3038;1.9;287
3040;1.5;288
3042;0.6;289
3044;2.8;289
3046;1.9;287
3048;0.7;287
3050;-0.1;292
3052;3;284
3054;1.1;293
3056;2.1;291
3058;1.5;289
3060;4.7;289
3062;1.3;294
3064;1.4;297
3066;2.6;295
3068;4.9;295
3070;2.5;290
3072;2.1;294
3074;4;291
3076;1.9;284
3078;2;291
3080;1;291
3082;4.2;290
3084;0.7;290
3086;0.7;292
3088;0.8;293
3090;3.7;291
3092;0;281
3094;1;295
3096;2.7;294
3098;2.8;292
3100;1.4;290
3102;1.1;293
3104;3.1;297
3106;2.5;293
3108;1.9;297
3110;1.8;297
3112;5;298
3114;1.4;295
3116;3;296
3118;2.2;297
3120;5.6;293
3122;1.4;293
3124;2;292
3126;2.9;290
3128;5.1;288
3130;2;288
3132;1.5;288
3134;3.3;286
3136;2.2;285
3138;1.9;286
3140;1.2;289
3142;4.5;285
3144;1;278
3146;2.3;287
3148;1.6;275
3150;3.8;285
3152;0.7;286
3154;2.2;287
3156;3.6;286
3158;2.2;271
3160;2;285
3162;1.7;288
3164;3.9;286
3166;2.7;283
3168;2.8;286
3170;1.5;283
3172;4.7;283
3174;1.6;280
3176;3.3;277
3178;2.1;278
3180;5.3;271
3182;0.7;272
3184;0.1;273
3186;1.4;274
3188;2.4;273
3190;0.2;275
3192;0.2;271
3194;2.6;274
3196;-0.2;275
3198;0.6;278
3200;-0.1;273
3202;4.2;279
3204;-0.4;280
3206;1.1;276
3208;1.1;285
3210;3.6;279
3212;0.7;282
3214;0.7;282
3216;2.9;281
3218;2.4;282
3220;2.3;283
3222;1.5;285
3224;3.7;281
3226;1.1;280
3228;2.2;281
3230;0.8;283
3232;3.9;283
3234;1.3;283
3236;2.1;283
3238;1.6;281
3240;4.4;275
3242;0.6;282
3244;1;283
3246;1.3;282
3248;3.3;283
3250;-0.1;284
3252;1.1;286
3254;3.1;286
3256;0.3;285
3258;1.9;288
3260;1.7;284
3262;3.8;285
3264;0.4;288
3266;1.5;279
3268;1.3;287
3270;2.9;290
3272;1;292
3274;1.5;288
3276;3.8;287
3278;1.6;282
3280;1.9;289
3282;1.6;292
3284;3.7;288
3286;1.3;289
3288;2.6;287
3290;1.6;290
3292;4.3;284
3294;1.3;279
3296;2;287
3298;0.9;290
3300;4.3;286
3302;1.7;281
3304;1.3;289
3306;1.9;289
3308;3.3;287
3310;0.9;287
3312;1.4;290
3314;2.9;289
3316;1.1;289
3318;1.6;292
3320;0.7;292
3322;3.8;290
3324;-0.2;278
3326;2.2;294
3328;2.1;286
3330;3.9;292
3332;1.3;290
3334;1.8;292
3336;4.1;290
3338;1.7;280
3340;3.1;288
3342;1.6;292
3344;3.4;288
3346;1.7;287
3348;2.2;290
3350;1.8;282
3352;4.2;287
3354;2;285
3356;2.5;285
3358;0.9;287
3360;3.6;279
3362;0.2;277
3364;1.2;288
3366;2.1;287
3368;2.9;288
3370;1;288
3372;1.6;291
3374;3.8;285
3376;1.1;283
3378;1.8;288
3380;2.2;287
3382;4.9;288
3384;1.1;287
3386;2.5;283
3388;2.7;286
3390;3.7;284
3392;2;285
3394;2;280
3396;4.1;280
3398;1.4;280
3400;3.2;280
3402;1.6;278
3404;3.7;277
3406;1.1;275
3408;1.5;275
3410;0.8;274
3412;3.1;274
3414;0.1;271
3416;1.3;270
3418;-0.3;277
3420;2.5;275
3422;-0.6;280
3424;0.4;281
3426;1.1;282
3428;2.8;282
3430;1.4;284
3432;0.5;284
3434;3.4;283
3436;1.2;281
3438;1.7;285
3440;2;283
3442;5;279
3444;1.2;274
3446;2.2;280
3448;1.7;280
3450;4.5;278
3452;1.4;276
3454;2.1;274
3456;4;271
3458;1.9;262
3460;1.7;271
3462;0.4;270
3464;2.9;270
3466;0.5;271
3468;0;270
3470;-0.9;273
3472;3.5;276
3474;-0.8;277
3476;-0.1;281
3478;0.2;281
3480;3.7;281
3482;-0.3;285
3484;-0.3;286
3486;0.8;284
3488;3.4;288
3490;1;290
3492;1.6;287
3494;2.8;290
3496;1.5;287
3498;1.7;292
3500;2;291
3502;5;288
3504;2;283
3506;3.3;283
3508;2.5;284
3510;4.6;281
3512;0.6;282
3514;1.4;281
3516;2.8;277
3518;3;281
3520;0.9;281
3522;1;284
3524;3.1;283
3526;1;281
3528;1;283
3530;-0.1;286
3532;3.3;287
3534;0.1;288
3536;0.6;290
3538;0;295
3540;4;291
3542;0.6;295
3544;0.6;296
3546;2.4;290
3548;4.2;295
3550;1.9;286
3552;2.2;297
3554;4.8;294
3556;2.2;292
3558;3.7;293
3560;3.6;291
3562;2.7;286
3564;1.8;281
3566;1.7;281
3568;1;284
3570;5;281
3572;0.7;283
3574;1.2;282
3576;2.6;282
3578;2.8;282
3580;0.3;273
3582;0.5;285
3584;2.8;281
3586;1.1;282
3588;1.1;282
3590;-0.1;287
3592;4.1;289
3594;0.6;290
3596;1;291
3598;0.5;293
3600;3.9;293
3602;1.4;280
3604;1.3;293
3606;1.8;295
3608;4.1;292
3610;1;294
3612;2.7;292
3614;5.3;290
3616;4.2;282
3618;3.1;282
3620;2.1;284
3622;1.6;276
3624;1;277
3626;1.6;277
3628;1.2;277
3630;3.2;278
3632;-0.4;278
3634;0.7;277
3636;2.1;278
3638;1.5;278
3640;1.5;277
3642;0.3;280
3644;2.6;281
3646;1.3;278
3648;0.7;282
3650;-0.1;285
3652;3.3;285
3654;1.5;284
3656;1.9;283
3658;0.9;284
3660;4.8;283
3662;1.1;280
3664;1.3;283
3666;1.3;283
3668;4.4;282
3670;2.1;281
3672;2.5;277
3674;4.3;276
3676;1.1;277
3678;0.9;277
3680;1;279
3682;4;275
3684;0.6;274
3686;0.8;280
3688;0.8;281
3690;3.6;278
3692;0.4;281
3694;0.9;277
3696;2.9;280
3698;2.4;271
3700;1.1;276
3702;0.4;283
3704;2.1;283
3706;2;279
3708;1.4;285
3710;0.7;286
3712;3.7;285
3714;0.9;285
3716;1.9;281
3718;1;290
3720;4.8;285
3722;1.1;284
3724;1.8;286
3726;2.4;285
3728;4.6;280
3730;1.3;281
3732;0.6;284
3734;2.7;285
3736;1.8;282
3738;1.6;283
3740;0.7;285
3742;4.1;282
3744;0.2;284
3746;1;284
3748;1.4;285
3750;3.1;283
3752;-0.3;288
3754;1.1;292
3756;2.8;291
3758;1.9;291
3760;1.5;291
3762;1.6;294
3764;4.1;293
3766;1.8;289
3768;2.3;291
3770;1;290
3772;4.1;290
3774;1.3;288
3776;2.3;287
3778;2.5;288
3780;6.2;276
3782;1.7;276
3784;0.7;270
3786;1.6;285
3788;2.6;274
3790;1;285
3792;1;282
3794;3.3;287
3796;0.4;287
3798;1.6;286
3800;0.7;291
3802;4.1;289
3804;0;291
3806;1.2;291
3808;1.5;293
3810;3.3;291
3812;0.9;292
3814;1;294
3816;3.6;292
3818;2.3;287
3820;2.5;290
3822;1.8;289
3824;4.1;288
3826;1.8;277
3828;2.4;286
3830;1.2;283
3832;4.1;290
3834;1.3;283
3836;2.5;288
3838;1.5;289
3840;5;276
3842;1.5;286
3844;1.8;286
3846;1.9;287
3848;3.5;285
3850;0.3;283
3852;1.2;289
3854;3.4;283
3856;0.9;284
3858;2.1;288
3860;1.9;281
3862;4.5;283
3864;0.8;285
3866;2.2;288
3868;2.1;285
3870;4.5;279
3872;1.5;283
3874;2.7;281
3876;4.3;279
3878;1.8;277
3880;2.9;278
3882;1.8;281
3884;4.2;277
3886;1.4;275
3888;2;279
3890;1.7;279
3892;4;279
3894;0.7;266
3896;2.6;276
3898;1.8;267
3900;4.5;268
3902;1.5;271
3904;0.5;271
3906;1;273
3908;2.1;263
3910;-0.2;275
3912;0;276
3914;1.8;273
3916;0.5;271
3918;1;276
3920;0.6;275
3922;3.8;275
3924;-0.8;276
3926;1.5;281
3928;1.9;278
3930;3.5;280
3932;1;283
3934;2;282
3936;3.7;280
3938;1.5;275
3940;2.3;280
3942;1;282
3944;3.1;278
3946;1.1;277
3948;1.7;281
3950;1;279
3952;4.2;275
3954;1.8;278
3956;1.4;273
3958;0.5;271
3960;3.1;277
3962;-0.1;274
3964;0.4;279
3966;1.4;283
3968;2.3;281
3970;0.4;283
3972;0.8;288
3974;3.3;286
3976;0.2;285
3978;1.4;286
3980;1.7;282
3982;4.8;282
3984;0.6;287
3986;2.3;289
3988;2.4;285
3990;3.2;284
3992;1.5;289
3994;1.7;288
3996;3.8;287
3998;1.3;280
4000;2.9;287
4002;2.1;283
4004;4.4;285
4006;1.3;285
4008;2.3;286
4010;1.5;286
4012;3.6;284
4014;0.5;284
4016;1.6;285
4018;0.7;288
4020;3.5;286
4022;0.2;280
4024;0.2;292
4026;1.1;293
4028;2.6;293
4030;1.5;295
4032;1.5;295
4034;4.2;294
4036;1.4;295
4038;3.5;284
4040;2.6;294
4042;5.2;290
4044;1.1;293
4046;2.4;290
4048;2.6;294
4050;3.9;289
4052;1.3;291
4054;3;291
4056;4.7;286
4058;2.7;283
4060;2.9;282
4062;1.4;282
4064;4;283
4066;1.2;281
4068;1.3;286
4070;0.7;285
4072;4;283
4074;0.6;281
4076;1.1;284
4078;0.6;287
4080;4.1;283
4082;0.5;289
4084;0.1;283
4086;1.1;293
4088;3.6;282
4090;1.1;292
4092;1.9;293
4094;3.3;293
4096;1.4;289
4098;1.9;294
4100;1.7;293
4102;5;288
4104;1.1;290
4106;2.8;290
4108;2.8;288
4110;4.9;284
4112;1.9;285
4114;1.9;280
4116;3.1;281
4118;3.4;276
4120;2.2;280
4122;1.4;269
4124;4.1;279
4126;1.4;272
4128;1.8;277
4130;0.7;280
4132;3.2;275
4134;0.3;273
4136;1.3;282
4138;0.7;286
4140;5;282
4142;0.8;283
4144;0.9;282
4146;2;283
4148;3.8;282
4150;1.1;285
4152;1.3;285
4154;4;274
4156;2.1;281
4158;3.1;280
4160;3.1;278
4162;6.8;273
4164;1.5;268
4166;1.6;271
4168;1;264
4170;4.3;266
4172;-0.2;268
4174;0.1;273
4176;1.4;271
4178;2.2;271
4180;-0.4;274
4182;-1.1;271
4184;2;275
4186;0.4;275
4188;0.1;280
4190;-0.2;281
4192;4;281
4194;0.5;279
4196;0.3;284
4198;-0.1;285
4200;3.9;281
4202;1.2;288
4204;0.8;288
4206;1.6;281
4208;4;287
4210;0.5;289
4212;2.7;289
4214;4.9;287
4216;3.1;283
4218;3;284
4220;1.9;282
4222;6.1;279
4224;0.8;278
4226;0.9;279
4228;1;280
4230;3.5;280
4232;-0.6;280
4234;0.4;284
4236;2.3;283
4238;1.9;276
4240;1.4;285
4242;0.3;288
4244;2.6;289
4246;1.3;286
4248;1;284
4250;0;285
4252;3.1;294
4254;1.3;293
4256;2;293
4258;1.7;288
4260;4.5;288
4262;1;294
4264;1.3;297
4266;3;298
4268;5.2;290
4270;2.7;289
4272;2.7;292
4274;4.1;286
4276;1.4;286
4278;2.9;280
4280;2;287
4282;4.6;285
4284;1.1;284
4286;1;287
4288;1;290
4290;3.7;284
4292;0.3;286
4294;0.6;284
4296;2.6;291
4298;2.6;291
4300;0.9;292
4302;1.1;290
4304;3;287
4306;2.5;289
4308;2;289
4310;1.4;293
4312;3.8;294
4314;1.3;293
4316;1.9;294
4318;1.5;294
4320;5.2;290
4322;1.9;288
4324;2.5;289
4326;3.1;283
4328;5.3;285
4330;1.6;269
4332;1.4;285
4334;2.7;283
4336;1.4;285
4338;1.9;285
4340;1.3;285
4342;4.3;286
4344;0.5;287
4346;1.3;288
4348;1.3;279
4350;3.6;288
4352;0.7;288
4354;2.1;289
4356;3.9;287
4358;2.7;286
4360;2.3;286
4362;2.7;285
4364;4.5;282
4366;2.4;279
4368;3.2;279
4370;1.8;282
4372;4.8;272
4374;1.6;264
4376;2.7;277
4378;3.4;275
4380;2.2;267
4382;1;265
4384;0.6;268
4386;0.7;268
4388;2.2;266
4390;-0.4;269
4392;0.2;271
4394;2.4;275
4396;-0.8;272
4398;0.5;271
4400;-0.1;276
4402;4;278
4404;-0.9;277
4406;1.1;278
4408;1.7;265
4410;3.8;278
4412;0.7;280
4414;0.8;281
4416;3.8;274
4418;2.1;276
4420;2.1;267
4422;1.5;278
4424;3.9;270
4426;1.3;277
4428;1.5;277
4430;0.7;276
4432;3.8;277
4434;1;277
4436;2;275
4438;1;277
4440;3.9;277
4442;0.4;276
4444;0.4;275
4446;0.5;274
4448;2.3;275
4450;-0.2;279
4452;0.6;282
4454;2.6;280
4456;0.3;278
4458;1.2;282
4460;0.7;282
4462;3.8;282
4464;0.1;281
4466;1.4;288
4468;1.4;286
4470;3.5;279
4472;0.9;289
4474;1.8;289
4476;3.6;289
4478;1.4;288
4480;2.4;288
4482;1.2;288
4484;3.7;287
4486;1.8;286
4488;2;289
4490;1.1;288
4492;4.7;284
4494;1.3;287
4496;2.1;288
4498;1.1;292
4500;4.5;281
4502;1.8;285
4504;1.1;288
4506;1.6;288
4508;3;279
4510;0.2;287
4512;1.1;290
4514;3.1;289
4516;1;283
4518;1.9;295
4520;1.2;294
4522;4;292
4524;-0.1;292
4526;2;292
4528;2.3;280
4530;4;290
4532;1.2;287
4534;1.9;291
4536;3.4;291
4538;1.6;287
4540;2.7;288
4542;1.3;292
4544;3.5;291
4546;1.6;288
4548;1.6;291
4550;1.1;291
4552;3.8;290
4554;1.9;288
4556;2.8;288
4558;1.5;291
4560;4.2;286
4562;0.7;288
4564;1.2;290
4566;2.1;289
4568;3.1;286
4570;1.2;290
4572;1.4;290
4574;3.5;290
4576;0.3;285
4578;1.4;285
4580;1.9;286
4582;4.3;291
4584;0.5;291
4586;2;290
4588;2.1;291
4590;3.5;287
4592;1.8;291
4594;1.8;286
4596;4.3;287
4598;1.8;288
4600;2.7;288
4602;2;277
4604;4.7;283
4606;1.9;279
4608;2;283
4610;1.9;283
4612;4.3;283
4614;1.4;279
4616;2.2;280
4618;1.1;282
4620;3.7;282
4622;0.9;280
4624;1.4;282
4626;1.9;282
4628;3.4;282
4630;1.9;270
4632;1.4;286
4634;3.4;281
4636;1.1;282
4638;2.7;281
4640;2.2;281
4642;4.8;274
4644;0.7;281
4646;2.1;280
4648;1.9;271
4650;3.8;278
4652;1;270
4654;1.7;279
4656;3.8;276
4658;1.6;275
4660;1.8;265
4662;0.9;275
4664;3.6;276
4666;1.2;272
4668;1.1;272
4670;-0.6;277
4672;4.3;276
4674;-0.1;276
4676;0.3;278
4678;0;276
4680;3.9;275
4682;0.3;283
4684;-0.2;283
4686;1.1;280
4688;3.8;282
4690;0.5;285
4692;1.2;286
4694;3;288
4696;1.7;287
4698;2.4;274
4700;1.4;287
4702;4.9;280
4704;1;285
4706;2.1;287
4708;2.1;282
4710;3.9;285
4712;1.2;283
4714;1.8;281
4716;2.7;282
4718;3.6;282
4720;1.4;282
4722;0.8;282
4724;3.2;285
4726;1.8;281
4728;0.9;283
4730;0.1;288
4732;2.9;283
4734;0.9;288
4736;1.2;291
4738;0.5;293
4740;4.2;292
4742;0.7;293
4744;0.3;295
4746;2.3;294
4748;4.1;295
4750;1.5;297
4752;2.1;298
4754;4.8;295
4756;2.2;290
4758;3.1;296
4760;2.6;293
4762;6.6;289
4764;2.1;284
4766;2.6;285
4768;2.3;284
4770;5;283
4772;0.8;282
4774;1.2;282
4776;2.9;277
4778;3.2;283
4780;0.3;284
4782;0.5;286
4784;2.7;288
4786;1.2;284
4788;0.6;290
4790;0.1;291
4792;4;288
4794;0.4;284
4796;1.1;291
4798;0.6;296
4800;4.9;292
4802;1.2;296
4804;1.2;291
4806;2.7;297
4808;4.6;294
4810;1.9;294
4812;2.2;296
4814;4.5;293
4816;3.4;288
4818;3.8;291
4820;3;286
4822;6.5;282
4824;1.5;281
4826;1.6;281
4828;1.4;281
4830;3.3;275
4832;0;280
4834;0.7;283
4836;2.2;278
4838;1.4;283
4840;1;285
4842;0.7;290
4844;3.2;288
4846;2.1;280
4848;1.8;289
4850;0.4;289
4852;3.5;291
4854;1.9;289
4856;2.6;288
4858;1.3;291
4860;4.8;280
4862;2.2;283
4864;2;288
4866;2.9;284
4868;2.9;281
4870;2.9;281
4872;2.2;278
4874;3.6;275
4876;0.9;270
4878;1.8;278
4880;0.9;276
4882;4;273
4884;0.2;274
4886;0.3;275
4888;0.4;280
4890;3.2;277
4892;-0.5;281
4894;0.4;281
4896;2.3;281
4898;2.6;280
4900;1.2;283
4902;0.5;286
4904;2.7;284
4906;2;282
4908;1.2;282
4910;0.9;282
4912;4.1;281
4914;1;284
4916;2.2;286
4918;1.5;284
4920;5.1;282
4922;2.2;270
4924;2.5;274
4926;2.7;281
4928;4.3;277
4930;0.7;272
4932;0.3;277
4934;2.2;280
4936;0.8;280
4938;1.2;282
4940;0.6;285
4942;3.7;278
4944;-0.1;275
4946;1.1;288
4948;0.9;289
4950;2.7;286
4952;-0.3;293
4954;1.7;291
4956;2.8;290
4958;1.8;291
4960;1.2;290
4962;1.2;293
4964;3.9;294
4966;2;290
4968;2.1;291
4970;1.6;293
4972;4.7;292
4974;3;286
4976;4.3;284
4978;2.4;279
4980;5.1;281
4982;0.5;280
4984;0.5;282
4986;1.4;280
4988;3.3;283
4990;0.4;285
4992;0.4;283
4994;2.9;287
4996;0;286
4998;1;291
5000;0.1;292
5002;4.1;287
5004;-0.4;294
5006;1.5;294
5008;2.6;295
5010;3.7;293
5012;0.9;297
5014;1.6;294
5016;4.1;295
5018;2.5;294
5020;2.9;295
5022;1.9;296
5024;4.2;292
5026;1.8;291
5028;2.5;288
5030;1.4;291
5032;4.8;286
5034;2.1;287
5036;3;288
5038;1.5;288
5040;4.6;285
5042;1.5;288
5044;1.6;287
5046;2;286
5048;3.4;288
5050;0.4;289
5052;1.1;286
5054;3.1;285
5056;0.3;288
5058;1.2;290
5060;1.6;291
5062;4.6;276
5064;0.3;287
5066;1.6;291
5068;1.6;292
5070;3.2;292
5072;0.9;289
5074;1.8;293
5076;4.1;294
5078;1.4;291
5080;2.3;291
5082;1.3;286
5084;3.7;293
5086;1.5;291
5088;2.6;290
5090;1.9;290
5092;4.3;288
5094;2;288
5096;3.1;287
5098;2.3;285
5100;5.3;282
5102;2.7;281
5104;2;282
5106;2.5;282
5108;3.9;278
5110;1.1;281
5112;1.4;281
5114;3.2;280
5116;1.1;274
5118;2;279
5120;0.6;281
5122;4;277
5124;-0.3;272
5126;1.6;282
5128;1.4;284
5130;3.8;277
5132;1.3;282
5134;2.4;282
5136;3.8;276
5138;1.5;278
5140;2.3;280
5142;1.5;282
5144;3.7;279
5146;1.3;281
5148;2.2;281
5150;1.9;278
5152;3.8;277
5154;0.9;277
5156;1.3;276
5158;0.5;278
5160;3;277
5162;-0.2;279
5164;0.6;282
5166;1.9;283
5168;3.1;284
5170;0.8;279
5172;1.4;281
5174;3.4;281
5176;0.1;282
5178;1.6;288
5180;1.4;288
5182;4.3;287
5184;0.5;275
5186;1.9;288
5188;2.7;286
5190;3.5;286
5192;1.9;287
5194;2;289
5196;4.2;283
5198;1.6;284
5200;2.8;286
5202;1.3;283
5204;3.9;285
5206;1.2;285
5208;1.3;286
5210;1.5;284
5212;3.6;283
5214;0.5;283
5216;1.6;284
5218;1;285
5220;3.2;286
5222;0;287
5224;0.7;290
5226;2;289
5228;3.1;292
5230;1.5;295
5232;1.1;296
5234;3.7;292
5236;0.8;292
5238;2.4;297
5240;2.8;292
5242;4.5;295
5244;1.1;293
5246;2.7;295
5248;2.8;295
5250;4.4;286
5252;1.4;288
5254;2.5;292
5256;4.7;287
5258;3.2;285
5260;3.2;285
5262;1.8;281
5264;3.9;283
5266;1.5;269
5268;1.3;284
5270;0.1;286
5272;4.3;285
5274;0.1;285
5276;0.9;287
5278;0;292
5280;4.2;285
5282;1;281
5284;0.7;293
5286;1.3;293
5288;3.9;285
5290;0.9;291
5292;1.6;294
5294;3.1;294
5296;1.7;287
5298;2;294
5300;2.2;291
5302;5.2;282
5304;1.9;287
5306;2.7;288
5308;2.4;288
5310;4.8;279
5312;1.9;286
5314;2.1;285
5316;3.2;275
5318;3.4;274
5320;1.7;283
5322;0.9;284
5324;3.1;282
5326;1.1;276
5328;1.4;281
5330;0.3;285
5332;3.5;282
5334;1;276
5336;1.9;287
5338;1.3;289
5340;5.3;285
5342;1.7;284
5344;1;285
5346;2;286
5348;3.9;285
5350;1.5;278
5352;1.5;283
5354;3.5;283
5356;2.2;282
5358;2.9;282
5360;2.5;281
5362;6.2;275
5364;1;275
5366;1.6;274
5368;0.9;273
5370;4.2;271
5372;0.1;268
5374;0.4;268
5376;1.8;272
5378;2.2;268
5380;-0.6;274
5382;-0.9;277
5384;2.1;277
5386;0.4;276
5388;0.4;280
5390;0.3;283
5392;4.4;281
5394;0.8;270
5396;1.1;282
5398;0.3;285
5400;3.9;273
5402;0.8;281
5404;0.1;285
5406;1.4;287
5408;3.8;285
5410;0.3;287
5412;2.1;288
5414;4.3;286
5416;2.7;282
5418;3;283
5420;3;282
5422;6.3;277
5424;0.6;278
5426;1;278
5428;0.6;280
5430;2.8;278
5432;-0.5;282
5434;0.5;283
5436;2;284
5438;1.7;284
5440;1.2;286
5442;0.2;283
5444;2.4;285
5446;1.8;287
5448;1;289
5450;0.3;290
5452;3.2;293
5454;0.8;293
5456;1.9;293
5458;1;296
5460;4.4;288
5462;1;294
5464;0.9;295
5466;2.5;295
5468;5;293
5470;2.3;291
5472;2.1;290
5474;3.8;287
5476;1.8;287
5478;2.5;288
5480;1.6;289
5482;4.4;283
5484;1.2;286
5486;0.6;284
5488;0.6;291
5490;3.6;288
5492;-0.3;294
5494;0.9;294
5496;2.7;295
5498;3.1;292
5500;1.7;284
5502;1.3;295
5504;3.7;296
5506;2.5;293
5508;1.7;298
5510;2.2;295
5512;4.6;294
5514;2;288
5516;2.6;293
5518;2.5;299
5520;5.8;288
5522;2.9;291
5524;2.6;291
5526;2.6;291
5528;5.1;276
5530;1.6;286
5532;1.1;286
5534;3.1;286
5536;1.7;286
5538;1.4;291
5540;0.9;291
5542;4;288
5544;0.3;291
5546;1.2;291
5548;1.3;290
5550;3.1;292
5552;0.3;295
5554;3;297
5556;4.2;294
5558;2.3;293
5560;2.1;295
5562;2.3;299
5564;4.4;295
5566;2.3;292
5568;2.7;294
5570;1.9;294
5572;4.7;292
5574;3.2;289
5576;4.5;287
5578;3.5;283
5580;5.7;281
5582;1.1;281
5584;0.8;281
5586;2.3;279
5588;3.6;279
5590;1.5;279
5592;1.4;274
5594;3.2;279
5596;-0.1;279
5598;1.4;282
5600;0.7;281
5602;4.5;279
5604;-0.5;279
5606;1;282
5608;1.6;284
5610;3.8;280
5612;0.8;282
5614;0.7;283
5616;3.2;285
5618;2.4;285
5620;2.4;285
5622;1.8;286
5624;4.1;282
5626;1.6;281
5628;2.1;282
5630;1.2;281
5632;4.5;281
5634;1.6;279
5636;1.8;278
5638;0.6;276
5640;3.9;274
5642;0.3;276
5644;0.6;277
5646;1.1;276
5648;2.7;278
5650;0.2;280
5652;0.8;280
5654;2.6;279
5656;0.3;282
5658;1.2;280
5660;1.1;283
5662;4.1;283
5664;0.3;286
5666;1;284
5668;1.6;285
5670;3.1;284
5672;0.8;286
5674;2.1;285
5676;3.8;286
5678;1.4;286
5680;2.4;287
5682;1.5;282
5684;3.9;274
5686;2;284
5688;3.1;278
5690;1.6;282
5692;3.7;279
5694;1.1;283
5696;2.5;284
5698;1.3;285
5700;3.8;281
5702;0.8;281
5704;1.2;284
5706;1.3;285
5708;2.4;286
5710;0.1;287
5712;0.7;288
5714;2.7;290
5716;1.2;289
5718;1.7;292
5720;0.8;292
5722;3.8;292
5724;-0.2;290
5726;1.7;294
5728;2.2;292
5730;3.9;291
5732;1.1;283
5734;2.2;292
5736;3.9;291
5738;1.7;286
5740;3;291
5742;1.9;291
5744;4.2;279
5746;2;288
5748;2.3;289
5750;1.5;289
5752;4;289
5754;1.8;287
5756;2.1;288
5758;1.1;290
5760;3.7;287
5762;0.4;276
5764;0.9;291
5766;1.5;291
5768;3.2;288
5770;0.7;293
5772;1.2;294
5774;3.4;288
5776;0.2;293
5778;2;293
5780;1.7;293
5782;4.7;288
5784;0.8;293
5786;2.3;293
5788;2.6;291
5790;3.8;288
5792;1.8;290
5794;2.2;289
5796;4.7;280
5798;2.4;283
5800;3;284
5802;1.5;285
5804;4;281
5806;1.5;281
5808;1.9;278
5810;1.2;283
5812;3.6;279
5814;0.9;282
5816;2.2;282
5818;1;284
5820;3.8;281
5822;0.7;284
5824;1.4;280
5826;2.2;284
5828;3.4;281
5830;1.6;281
5832;1.1;283
5834;3.5;280
5836;0.7;282
5838;2;282
5840;2.4;280
5842;4.8;281
5844;1;273
5846;2.3;281
5848;2.2;280
5850;3.9;273
5852;1.3;278
5854;2.1;276
5856;3.5;272
5858;2.3;259
5860;2.1;272
5862;0.6;268
5864;3.2;271
5866;0.7;269
5868;1.1;273
5870;-1;274
5872;3.4;276
5874;-0.8;274
5876;-0.3;277
5878;-0.4;282
5880;4.3;279
5882;0.5;277
5884;0;280
5886;1.3;283
5888;3.8;282
5890;0.6;284
5892;1.3;285
5894;2.8;283
5896;1.9;277
5898;1.8;285
5900;1.6;284
5902;5.4;280
5904;2.1;281
5906;2.5;279
5908;2;277
5910;3.8;273
5912;0.9;277
5914;1.8;264
5916;2.2;274
5918;2.8;273
5920;0.8;275
5922;-0.3;274
5924;2.6;272
5926;-0.1;275
5928;0.3;281
5930;0.1;279
5932;3.2;282
5934;0.3;281
5936;0.7;285
5938;0.4;287
5940;4.4;284
5942;1.1;287
5944;0.2;287
5946;1.1;288
5948;3.3;289
5950;0.6;292
5952;0.9;294
5954;3.7;290
5956;2;276
5958;2.6;291
5960;1.9;291
5962;5.9;286
5964;1.6;277
5966;2.6;286
5968;1.7;283
5970;4.8;280
5972;0.4;285
5974;1.3;284
5976;2.5;285
5978;2.7;285
5980;0.6;283
5982;0.3;291
5984;2.5;290
5986;1.7;287
5988;0.6;290
5990;0.5;293
5992;4.3;291
5994;0.7;292
5996;1.3;283
5998;1.2;285
6000;4.8;295
6002;1.3;290
6004;1.5;297
6006;2.7;297
6008;4.7;295
6010;2;295
6012;3.2;298
6014;5;295
6016;2.9;291
6018;3.7;290
6020;2.9;290
6022;6.7;284
6024;1.4;285
6026;1.7;282
6028;1.3;285
6030;3.9;282
6032;-0.1;284
6034;1.1;284
6036;2.4;286
6038;2.2;286
6040;1.9;286
6042;0.9;276
6044;2.6;289
6046;1.5;286
6048;1.1;284
6050;0.4;293
6052;3.5;294
6054;1;295
6056;2.2;294
6058;1.2;296
6060;4.8;294
6062;1.4;293
6064;1.4;292
6066;2.8;291
6068;5.3;290
6070;2.8;292
6072;3.1;290
6074;4.5;286
6076;2.2;281
6078;2.6;285
6080;2.1;284
6082;5.2;276
6084;1.4;279
6086;1.4;282
6088;1.5;279
6090;4.1;273
6092;0.4;284
6094;0.8;283
6096;2.7;279
6098;2.5;271
6100;1.6;283
6102;1.8;281
6104;3.7;276
6106;2.5;279
6108;1.2;283
6110;0.4;283
6112;3.6;272
6114;1;282
6116;1.8;282
6118;0.4;285
6120;4.9;278
6122;1.6;282
6124;2;281
6126;2.2;281
6128;4.2;279
6130;1.2;279
6132;1;280
6134;3.1;279
6136;1.1;278
6138;1.6;281
6140;0.9;281
6142;4.2;279
6144;0.3;280
6146;0.8;282
6148;0.6;283
6150;2.7;281
6152;-0.5;286
6154;1.8;284
6156;3.1;284
6158;2;284
6160;1.4;286
6162;1.3;282
6164;3.6;288
6166;2.1;286
6168;2.2;287
6170;1.5;287
6172;4.6;277
6174;1.1;285
6176;3.2;285
6178;2.9;277
6180;5.6;275
6182;0.6;275
6184;0.5;281
6186;1.3;280
6188;2.9;279
6190;0.1;281
6192;0.3;284
6194;2.8;284
6196;-0.3;283
6198;1.4;288
6200;0.6;289
6202;4.2;288
6204;-0.5;289
6206;0.6;294
6208;1.9;283
6210;3.7;292
6212;0.9;296
6214;1.2;294
6216;3.5;294
6218;1.9;294
6220;2.8;293
6222;1.8;296
6224;4;292
6226;1.6;291
6228;2.4;292
6230;1.3;291
6232;4.5;284
6234;2.1;286
6236;3.1;286
6238;1.7;287
6240;4.6;285
6242;1.8;286
6244;1.9;277
6246;1.9;285
6248;3.3;281
6250;0.6;287
6252;1.3;289
6254;3;289
6256;0.8;289
6258;1.1;292
6260;1.6;289
6262;4.1;280
6264;0.4;291
6266;1.3;292
6268;1.9;295
6270;3.5;292
6272;0.9;289
6274;2.3;288
6276;4.1;290
6278;1.5;288
6280;2.2;290
6282;1.2;293
6284;3.8;290
6286;1.7;290
6288;3.5;288
6290;2.2;288
6292;4.3;286
6294;1.2;286
6296;2.2;286
6298;1.5;284
6300;4.5;283
6302;1.7;287
6304;1.3;283
6306;2;285
6308;3.1;284
6310;0.8;285
6312;1.3;287
6314;3.4;287
6316;1.7;283
6318;2.2;286
6320;1.4;286
6322;4.7;285
6324;0.3;285
6326;2.8;283
6328;2.8;284
6330;4.2;283
6332;1.8;283
6334;2.7;278
6336;4.4;281
6338;1.6;277
6340;2.7;278
6342;1.5;278
6344;3.9;276
6346;1.6;265
6348;1.5;271
6350;0.4;275
6352;4;274
6354;0.8;273
6356;1.2;274
6358;0.3;277
6360;2.9;273
6362;-0.7;276
6364;0;279
6366;1.4;279
6368;2.8;280
6370;0.6;282
6372;0.8;281
6374;3.2;281
6376;0.2;283
6378;1.4;271
6380;1.1;285
6382;4;282
6384;0.5;273
6386;2.3;283
6388;2.4;282
6390;3.6;282
6392;1.6;285
6394;2.2;282
6396;4.2;281
6398;1.8;278
6400;2.7;278
6402;1.7;277
6404;3.6;278
6406;0.7;273
6408;1.2;276
6410;1;279
6412;3.6;280
6414;0.1;280
6416;1.6;283
6418;0.1;283
6420;3;283
6422;0.1;284
6424;0.6;288
6426;1.3;287
6428;2.7;290
6430;1.1;291
6432;0.9;291
6434;3.4;290
6436;0.8;292
6438;2;292
6440;2.1;290
6442;4.5;289
6444;1.1;290
6446;2.6;290
6448;2.3;292
6450;4.7;286
6452;1.9;288
6454;2.9;286
6456;4.3;284
6458;2.4;282
6460;2;281
6462;0.9;284
6464;3.6;281
6466;1;279
6468;1.5;285
6470;0;286
6472;4.4;282
6474;0.2;275
6476;0.7;286
6478;0.1;290
6480;4.5;289
6482;0.8;291
6484;0.3;291
6486;1.5;292
6488;3.5;287
6490;0.9;294
6492;1.7;293
6494;3.4;291
6496;1.9;291
6498;2.1;288
6500;1.9;291
6502;6;288
6504;2.9;273
6506;3.6;283
6508;2.6;276
6510;4.4;275
6512;1.3;280
6514;1.7;280
6516;2.8;277
6518;2.9;274
6520;1.4;279
6522;0.5;279
6524;3.2;271
6526;1;280
6528;0.8;273
6530;-0.5;284
6532;3.2;278
6534;0.6;285
6536;1.4;288
6538;0.6;289
6540;4.7;287
6542;1.1;291
6544;0.9;291
6546;1.7;291
6548;4.2;290
6550;1.3;289
6552;1.8;291
6554;4.2;284
6556;2.8;283
6558;4.7;281
6560;3.7;280
6562;2.5;276
6564;1.3;269
6566;1.7;272
6568;1;272
6570;4.4;270
6572;0;270
6574;0.5;271
6576;2;265
6578;2.9;270
6580;0.1;270
6582;-0.8;272
6584;2.2;276
6586;0.4;273
6588;0.3;274
6590;-0.1;272
6592;3.9;280
6594;0;279
6596;0.5;282
6598;0.1;273
6600;4;280
6602;0.9;284
6604;0.4;285
6606;1.8;285
6608;4.2;281
6610;1;283
6612;2.4;283
6614;5.2;276
6616;3.1;273
6618;2.6;275
6620;1.2;271
6622;5.3;274
6624;0.5;272
6626;0.8;274
6628;0.5;273
6630;3;273
6632;-1;275
6634;0.1;276
6636;1.6;276
6638;1.3;277
6640;1.4;278
6642;0.2;282
6644;2.7;281
6646;1.2;280
6648;0.9;283
6650;0;287
6652;3.4;288
6654;0.8;285
6656;2;286
6658;0.9;288
6660;4.7;288
6662;1.8;289
6664;0.9;289
6666;1.8;289
6668;5.2;288
6670;2.8;287
6672;2.5;284
6674;3.9;282
6676;1.3;280
6678;2;284
6680;1.1;282
6682;4.5;283
6684;0.6;284
6686;0.7;284
6688;1;276
6690;4;286
6692;0.1;288
6694;1.1;283
6696;2.9;289
6698;3.2;277
6700;1.3;289
6702;0.8;291
6704;2.5;288
6706;2.3;277
6708;1.2;293
6710;0.9;292
6712;3.6;293
6714;1.2;292
6716;2.4;294
6718;1.4;295
6720;5.1;289
6722;2;291
6724;2.2;288
6726;2.8;290
6728;5;287
6730;1.5;285
6732;1;287
6734;3.7;280
6736;1.7;284
6738;2.1;288
6740;1.2;289
6742;4.3;286
6744;0.9;289
6746;1.4;288
6748;1.1;289
6750;3.4;287
6752;0.5;288
6754;1.7;292
6756;2.9;292
6758;2.4;284
6760;1.6;292
6762;1.3;294
6764;3.9;292
6766;2.4;289
6768;3.2;286
6770;2;287
6772;5;287
6774;1.5;285
6776;3.1;286
6778;2.9;285
6780;6.2;279
6782;1.2;278
6784;0.9;278
6786;1.7;275
6788;2.9;276
6790;0.4;277
6792;0.5;278
6794;3.3;276
6796;0.3;275
6798;1.4;281
6800;0.5;278
6802;4.8;277
6804;-0.6;267
6806;1.4;273
6808;2.3;282
6810;3.7;279
6812;0.9;279
6814;1.2;281
6816;3.9;282
6818;2.3;278
6820;2.5;272
6822;2.3;277
6824;4.1;274
6826;1;273
6828;2;279
6830;0.7;278
6832;3.6;276
6834;1.1;276
6836;2;275
6838;0.8;276
6840;4.3;273
6842;1.2;273
6844;1.3;271
6846;1.1;267
6848;3;272
6850;-0.7;269
6852;0.8;276
6854;2.4;274
6856;-0.5;271
6858;0.6;277
6860;0.5;274
6862;3.5;275
6864;-0.6;277
6866;1;279
6868;0.9;282
6870;2.9;276
6872;0.3;282
6874;1.9;282
6876;3.5;280
6878;1.4;281
6880;1.8;280
6882;0.9;280
6884;3.3;280
6886;1.3;280
6888;2;273
6890;1.7;280
6892;4.2;280
6894;0.8;280
6896;1.8;281
6898;0.7;283
6900;4.1;279
6902;1.1;281
6904;1.1;282
6906;1.8;283
6908;2.7;282
6910;0.5;284
6912;0.8;285
6914;2.8;286
6916;0.5;285
6918;1.6;288
6920;0.9;289
6922;3.8;289
6924;-0.1;286
6926;2.2;290
6928;1.6;292
6930;4;289
6932;1;291
6934;2.2;291
6936;3.9;290
6938;1.6;288
6940;2.7;289
6942;1.8;291
6944;3.8;289
6946;1.5;287
6948;2.2;289
6950;1.6;289
6952;4.3;289
6954;2;288
6956;2.5;287
6958;1.1;287
6960;3.7;287
6962;0.3;291
6964;0.7;292
6966;2.2;293
6968;2.7;289
6970;1.2;293
6972;1.2;294
6974;3.6;290
6976;0.8;282
6978;2.6;301
6980;2.5;299
6982;5.1;298
6984;1.8;299
6986;3.5;298
6988;3.6;294
6990;4.4;295
6992;2.3;297
6994;2.6;296
6996;3.9;292
6998;1.9;291
7000;3;292
7002;1.9;284
7004;4.5;286
7006;1.9;286
7008;2;291
7010;1.8;291
7012;4.2;285
7014;1.3;288
7016;2.4;289
7018;1.1;289
7020;3.5;289
7022;0.7;292
7024;0.8;293
7026;1.7;292
7028;2.8;294
7030;1.7;294
7032;1.6;286
7034;3.6;291
7036;1.5;292
7038;2.6;293
7040;2.3;290
7042;5.2;286
7044;2.1;286
7046;3;288
7048;2.9;288
7050;5;283
7052;2.5;284
7054;3;280
7056;5.2;277
7058;2.5;275
7060;2.5;273
7062;1.3;271
7064;3.6;271
7066;1;271
7068;1.3;272
7070;-0.4;274
7072;4.1;274
7074;-0.3;270
7076;0.2;276
7078;-0.5;278
7080;3.5;272
7082;-0.2;281
7084;0;280
7086;0.9;283
7088;3.7;282
7090;0.8;284
7092;1.3;285
7094;2.8;284
7096;1.7;284
7098;1.6;284
7100;1.3;284
7102;5.4;283
7104;2.2;279
7106;3.1;276
7108;2.6;278
7110;4;274
7112;0.9;275
7114;1.6;275
7116;2.4;274
7118;2.8;263
7120;0.7;273
7122;0.1;272
7124;2.7;272
7126;0;275
7128;0.4;277
7130;-0.5;279
7132;3.1;280
7134;-0.3;282
7136;0.8;284
7138;-0.2;285
7140;4.1;285
7142;0.7;288
7144;0.3;289
7146;1.2;290
7148;3.6;290
7150;1;289
7152;1.1;292
7154;3.3;289
7156;2.5;288
7158;3.6;290
7160;3.8;286
7162;2.5;283
7164;1.1;270
7166;1.4;281
7168;0.9;281
7170;4.5;277
7172;-0.1;279
7174;0.7;281
7176;2.4;280
7178;3;275
7180;0.5;283
7182;-0.4;285
7184;2.6;286
7186;0.8;284
7188;1.3;290
7190;0.1;276
7192;3.5;289
7194;0.8;287
7196;0.3;286
7198;0.8;298
7200;4.3;292
7202;1.4;288
7204;1.2;293
7206;2.3;295
7208;4.3;290
7210;0.9;295
7212;2.6;294
7214;5.3;289
7216;4.4;283
7218;3.4;287
7220;1.7;284
7222;5.6;282
7224;1.2;282
7226;2;283
7228;1.7;283
7230;3.7;279
7232;-0.2;284
7234;0.9;283
7236;2.3;284
7238;2.1;284
7240;1.6;287
7242;1.1;288
7244;3.1;287
7246;1.5;287
7248;1.4;290
7250;0.1;291
7252;3.3;293
7254;1.6;290
7256;2;291
7258;1.2;293
7260;4.9;286
7262;1.5;291
7264;1.6;291
7266;2.2;290
7268;6;286
7270;3.8;277
7272;3.2;278
7274;4.2;277
7276;1;274
7278;2.3;276
7280;2.4;274
7282;4.4;275
7284;0.6;275
7286;0.3;277
7288;1.2;273
7290;3.3;275
7292;-0.5;277
7294;0.8;279
7296;2.5;276
7298;1.9;274
7300;0.7;277
7302;0.5;280
7304;2.4;281
7306;1.9;279
7308;1.9;280
7310;0.9;282
7312;3.7;280
7314;1.1;276
7316;1.8;281
7318;1.1;282
7320;5.3;278
7322;0.8;279
7324;1.6;278
7326;2.4;278
7328;4.8;275
7330;1.5;275
7332;0.8;273
7334;2.3;275
7336;0.5;273
7338;0.5;277
7340;0.8;272
7342;3.7;277
7344;-0.4;276
7346;0.7;275
7348;1;269
7350;2.8;279
7352;-0.4;281
7354;1.2;281
7356;3.2;281
7358;1.8;283
7360;1.4;284
7362;1.3;287
7364;3.9;284
7366;2;282
7368;2.5;281
7370;1.3;281
7372;4.2;282
7374;1.3;280
7376;3.8;280
7378;2.7;274
7380;4.9;273
7382;0.6;274
7384;0.6;275
7386;1.1;275
7388;2.6;275
7390;-0.3;276
7392;0.3;279
7394;2.7;276
7396;-0.8;279
7398;1.1;282
7400;0.2;283
7402;4;281
7404;-0.2;280
7406;1;279
7408;1.5;289
7410;3.4;286
7412;0.8;290
7414;1;291
7416;3.4;288
7418;2.5;289
7420;2.6;289
7422;1.5;287
7424;4;288
7426;1.7;286
7428;2.6;288
7430;1.3;289
7432;3.6;290
7434;1.5;285
7436;2.9;288
7438;1.9;286
7440;4.8;284
7442;1.3;287
7444;1.9;273
7446;1.9;284
7448;3.5;284
7450;0.6;287
7452;1.5;289
7454;3.4;286
7456;1;289
7458;1.9;287
7460;1.4;289
7462;3.9;279
7464;0.5;289
7466;1.3;291
7468;1.7;292
7470;3.6;288
7472;0.8;293
7474;2.2;289
7476;3.9;290
7478;1.7;290
7480;2.6;290
7482;1.6;292
7484;4;285
7486;1.7;287
7488;2.5;287
7490;1.3;290
7492;4;279
7494;1.8;284
7496;2.7;288
7498;1.4;290
7500;4.8;286
7502;2.3;283
7504;1.8;283
7506;2.1;285
7508;3;283
7510;1.1;287
7512;1.1;286
7514;3;288
7516;1.1;272
7518;2;290
7520;1.4;290
7522;4.2;282
7524;0.6;287
7526;2.2;290
7528;2.1;290
7530;4.4;288
7532;1.7;279
7534;2.8;289
7536;4.7;276
7538;1.9;282
7540;3.3;283
7542;2.1;283
7544;4.2;280
7546;1.8;280
7548;2.3;282
7550;2.1;278
7552;5;274
7554;2.2;275
7556;2.7;272
7558;1;275
7560;3.5;271
7562;-0.4;272
7564;0.6;275
7566;1.2;274
7568;2.3;275
7570;-0.3;277
7572;0.4;275
7574;3;270
7576;0.1;277
7578;1.1;281
7580;1.8;280
7582;4.6;279
7584;0;268
7586;1.5;277
7588;2.5;277
7590;3.5;279
7592;1.4;282
7594;1.5;281
7596;3.7;278
7598;0.8;276
7600;2.1;278
7602;1.8;281
7604;4.2;278
7606;1.2;275
7608;2.2;277
7610;1.4;276
7612;2.9;273
7614;0;276
7616;1.3;277
7618;0.4;278
7620;3.2;278
7622;-0.6;282
7624;0.2;281
7626;0.9;285
7628;2.7;285
7630;1.2;284
7632;0.9;279
7634;3.4;288
7636;1.5;287
7638;2.2;282
7640;2.3;289
7642;5.4;282
7644;0.9;284
7646;2.1;286
7648;2.6;288
7650;3.9;285
7652;1;287
7654;2.4;286
7656;4.4;282
7658;2.6;271
7660;2.4;280
7662;1.6;284
7664;4.1;275
7666;0.9;278
7668;1.2;281
7670;0.1;283
7672;4.4;285
7674;0;283
7676;0.5;287
7678;0.3;290
7680;4.1;287
7682;0.5;292
7684;0.2;292
7686;1.6;293
7688;3.6;287
7690;1.3;294
7692;1.9;295
7694;3.5;292
7696;1.8;291
7698;2.1;293
7700;2;292
7702;5.2;291
7704;1.3;289
7706;3;290
7708;3.1;288
7710;4.7;282
7712;1.8;285
7714;2;285
7716;2.8;282
7718;3.3;282
7720;1.9;282
7722;1.3;279
7724;3.6;283
7726;1.1;282
7728;1.8;285
7730;0.1;284
7732;3.3;285
7734;0.2;285
7736;1.2;289
7738;0.3;292
7740;4.4;288
7742;0.8;290
7744;0.6;291
7746;2;289
7748;3.7;280
7750;1.1;292
7752;1.3;295
7754;3.6;292
7756;2.1;286
7758;3.3;291
7760;3.1;286
7762;2.5;282
7764;1.9;280
7766;1.9;281
7768;1.1;281
7770;4.9;277
7772;0.7;281
7774;1.2;280
7776;2.9;277
7778;2.8;268
7780;0.5;278
7782;0.7;281
7784;2.9;279
7786;1.1;277
7788;1;280
7790;0.4;284
7792;4.4;282
7794;1;281
7796;1.2;284
7798;0.3;276
7800;4.3;283
7802;1.7;285
7804;1;280
7806;1.8;285
7808;4.3;284
7810;0.9;284
7812;2.4;284
7814;5.1;278
7816;3.3;277
7818;2.7;279
7820;1.4;275
7822;5.9;272
7824;0.6;265
7826;1.2;268
7828;0.4;270
7830;2.8;270
7832;-0.8;276
7834;-0.1;271
7836;1.6;275
7838;1.2;278
7840;1.3;275
7842;0.2;280
7844;2.7;280
7846;1.3;280
7848;0.8;283
7850;0;279
7852;2.9;284
7854;1.6;286
7856;1.9;285
7858;1.1;288
7860;4.4;285
7862;0.9;288
7864;0.9;286
7866;2.2;289
7868;5.2;284
7870;2.2;284
7872;2.5;278
7874;3.5;282
7876;1.2;277
7878;2;283
7880;1.7;283
7882;4.1;277
7884;0.3;279
7886;0.6;284
7888;0.8;286
7890;3.4;283
7892;0.3;279
7894;0.8;287
7896;3;288
7898;2.6;287
7900;1.5;284
7902;0.6;290
7904;2.6;292
7906;2;291
7908;1.6;293
7910;1;288
7912;3.8;294
7914;1.2;291
7916;1.6;294
7918;1.3;295
7920;5;287
7922;2.1;291
7924;2.7;291
7926;3.3;286
7928;4.9;283
7930;1.7;285
7932;1.1;283
7934;3.3;272
7936;1.8;285
7938;1.7;288
7940;1.8;285
7942;4.5;284
7944;0.5;288
7946;1.4;283
7948;1.3;292
7950;3;283
7952;-0.1;289
7954;1.8;287
7956;3.3;292
7958;2.1;291
7960;1.8;292
7962;1.9;294
7964;4;292
7966;2.3;285
7968;2.8;292
7970;2;291
7972;4.8;287
7974;2.6;286
7976;4;284
7978;3.7;284
7980;5.4;265
7982;0.9;273
7984;0.8;276
7986;1.4;278
7988;3.3;274
7990;0.6;280
7992;0.6;283
7994;2.8;283
7996;0;281
7998;0.9;286
8000;0.7;284
8002;4.2;287
8004;-0.1;288
8006;1.4;289
8008;1.8;287
8010;4.1;283
8012;1.5;290
8014;1.9;280
8016;4.7;276
8018;2.9;284
8020;3.1;286
8022;2.3;286
8024;4.3;281
8026;2.4;281
8028;3.1;282
8030;1.7;281
8032;4.2;279
8034;1.9;271
8036;3;272
8038;1.7;265
8040;4.4;273
8042;0.9;274
8044;1.2;267
8046;1.2;270
8048;3;270
8050;-0.6;274
8052;1.1;276
8054;2.5;273
8056;-0.2;269
8058;0.8;276
8060;0.7;277
8062;3.5;275
8064;-0.2;279
8066;1.2;280
8068;1.5;283
8070;3.6;279
8072;0.6;280
8074;1.9;283
8076;3.6;276
8078;1.4;279
8080;2.3;282
8082;1.1;281
8084;3.8;279
8086;1.5;279
8088;2.3;279
8090;1.8;278
8092;3.9;277
8094;0.5;279
8096;1.7;278
8098;1.3;276
8100;3.9;276
8102;0.5;275
8104;0.4;278
8106;1.4;279
8108;2.2;277
8110;0;280
8112;0.9;284
8114;2.3;282
8116;0.4;282
8118;1.4;285
8120;1.1;287
8122;4;284
8124;0.1;287
8126;2.3;287
8128;2.1;287
8130;3.9;286
8132;1.5;286
8134;2.2;287
8136;3.9;287
8138;1.6;287
8140;2.7;287
8142;1.8;288
8144;3.9;286
8146;1.3;284
8148;2.3;287
8150;1.5;289
8152;4.1;287
8154;2;287
8156;2.4;286
8158;1.3;288
8160;3.8;283
8162;0.4;288
8164;1.5;290
8166;2.2;288
8168;3.5;285
8170;1.4;289
8172;1.2;290
8174;3.3;289
8176;0.6;291
8178;1.4;293
8180;1.9;293
8182;4.7;286
8184;0.6;289
8186;2.1;291
8188;2.3;292
8190;3.3;287
8192;1.7;290
8194;2;291
8196;3.8;288
8198;1.7;289
8200;2.8;285
8202;2.2;289
8204;4.5;287
8206;1.9;285
8208;2.2;288
8210;2;284
8212;4.4;283
8214;1;286
8216;2.1;286
8218;1.3;283
8220;3.4;285
8222;0.5;288
8224;1.4;288
8226;1.8;289
8228;3.1;285
8230;1.3;289
8232;1.2;292
8234;2.9;288
8236;1;291
8238;2.4;292
8240;2.1;291
8242;4.9;289
8244;1.6;280
8246;2.7;288
8248;2.8;288
8250;4.7;285
8252;1.5;288
8254;2.6;285
8256;4.9;283
8258;3.1;280
8260;3.3;279
8262;2;274
8264;4.2;275
8266;1.3;274
8268;1.6;274
8270;0.3;275
8272;4.7;274
8274;0.4;273
8276;0.6;275
8278;-0.2;277
8280;4.2;275
8282;0.1;273
8284;0;278
8286;0.7;280
8288;3.4;275
8290;0.2;279
8292;1.2;281
8294;3.1;279
8296;1.4;277
8298;1.7;281
8300;1.6;280
8302;4.7;279
8304;-0.2;277
8306;1.7;276
8308;1.8;276
8310;3.4;276
8312;0.6;278
8314;1.2;277
8316;2.3;275
8318;3.2;274
8320;1.3;273
8322;0.3;276
8324;2.8;274
8326;0.3;267
8328;0.8;274
8330;-0.9;277
8332;2.7;280
8334;-0.1;281
8336;1.3;281
8338;0.2;285
8340;4.4;281
8342;0.7;286
8344;0.3;286
8346;1.4;285
8348;3.8;287
8350;0.9;288
8352;1.3;290
8354;4.2;288
8356;1.9;285
8358;2.6;288
8360;2.2;286
8362;6.5;284
8364;1.4;281
8366;2.1;270
8368;1.9;283
8370;4.6;277
8372;0.1;281
8374;0.9;280
8376;2.4;279
8378;2.6;280
8380;0.3;281
8382;-0.1;285
8384;2.6;281
8386;1;283
8388;0.8;289
8390;0.6;289
8392;4.1;289
8394;1.1;288
8396;0.8;293
8398;0.4;295
8400;4.2;293
8402;1;294
8404;1.1;296
8406;2.6;298
8408;4.4;295
8410;1.7;297
8412;3;297
8414;4.8;293
8416;3;291
8418;3.6;289
8420;2.8;290
8422;6.5;287
8424;1.6;283
8426;1.8;284
8428;1.8;286
8430;4.1;284
8432;0.2;286
8434;1.2;288
8436;2.9;283
8438;2.3;286
8440;1.6;287
8442;0.6;288
8444;3.2;289
8446;1.7;291
8448;1.2;291
8450;0.4;295
8452;3.4;296
8454;1.4;295
8456;2.3;296
8458;2;295
8460;5.1;293
8462;1.8;297
8464;1.5;295
8466;2.8;294
8468;5.4;294
8470;2.7;290
8472;2.6;290
8474;4.1;288
8476;1.9;285
8478;2.9;288
8480;1.9;288
8482;4.7;285
8484;1.2;287
8486;1;288
8488;1.2;290
8490;3.9;288
8492;0.3;292
8494;0.8;292
8496;2.4;292
8498;3.1;289
8500;1.9;289
8502;1.2;289
8504;3.1;288
8506;2.7;287
8508;2.3;292
8510;2;291
8512;4.5;284
8514;2.4;286
8516;2.9;286
8518;2.3;287
8520;5.7;281
8522;2.7;281
8524;3.1;281
8526;3;277
8528;4.7;264
8530;0.6;273
8532;0.2;276
8534;1.8;274
8536;0.7;268
8538;0.6;278
8540;0.4;277
8542;3.6;275
8544;-0.5;279
8546;1.2;276
8548;0.8;282
8550;2.8;281
8552;0;285
8554;1.8;281
8556;2.8;284
8558;2.3;281
8560;1.2;285
8562;1.2;287
8564;3.9;284
8566;2.5;281
8568;2.9;285
8570;2.1;283
8572;4.8;277
8574;2.3;279
8576;3.9;277
8578;2.9;274
8580;4.9;269
8582;0.4;272
8584;0;273
8586;0.8;274
8588;2.2;275
8590;-0.4;276
8592;0.1;277
8594;2.5;277
8596;-0.7;276
8598;1;276
8600;0.2;284
8602;3.7;283
8604;-0.7;283
8606;1.1;288
8608;1.7;288
8610;3.7;287
8612;0.6;290
8614;0.7;291
8616;3;282
8618;2.3;288
8620;2.7;291
8622;2;292
8624;3.9;290
8626;1.8;285
8628;2.9;283
8630;1.9;289
8632;4.9;288
8634;2.2;273
8636;2.6;284
8638;1.7;281
8640;4.9;280
8642;1.3;284
8644;1.2;283
8646;1.1;280
8648;3;282
8650;0;286
8652;1.4;287
8654;3;287
8656;0.7;281
8658;1.7;290
8660;1.7;284
8662;4.1;283
8664;0.7;285
8666;1.8;291
8668;1.4;293
8670;3.1;286
8672;0.7;295
8674;2;279
8676;4;289
8678;1.6;283
8680;2.4;277
8682;1.5;291
8684;3.9;289
8686;1.9;289
8688;3.2;289
8690;2.3;287
8692;4.7;286
8694;1.3;285
8696;2.2;284
8698;1.8;285
8700;4.7;281
8702;1.5;285
8704;1;284
8706;2.1;285
8708;2.9;282
8710;0.6;288
8712;1.2;287
8714;3.1;287
8716;1.4;287
8718;2.2;291
8720;1.3;290
8722;4.1;288
8724;0.1;290
8726;1.9;292
8728;1.9;291
8730;4.1;290
8732;1.5;289
8734;2.7;287
8736;4.9;284
8738;2.1;284
8740;3.4;284
8742;2.4;284
8744;5.1;280
8746;2.4;279
8748;2.8;279
8750;1.8;275
8752;4.5;276
8754;1.7;273
8756;2.1;272
8758;0.6;275
8760;3.1;272
8762;-0.2;274
8764;0.6;274
8766;1.6;270
8768;2.5;274
8770;0.6;275
8772;0.5;275
8774;2.8;277
8776;-0.4;275
8778;1.1;280
8780;0.8;277
8782;4.1;276
8784;0.2;280
8786;2.2;280
8788;2.4;281
8790;2.8;276
8792;1.7;281
8794;1.7;276
8796;3.5;279
8798;1.1;277
8800;2.4;277
8802;1.4;267
8804;3.8;273
8806;1.6;271
8808;1.8;269
8810;0.4;273
8812;3;273
8814;-0.5;274
8816;0.9;275
8818;-0.5;277
8820;2.5;272
8822;-0.6;276
8824;0.5;282
8826;1.9;281
8828;2.7;278
8830;1.2;284
8832;0.6;284
8834;3.2;284
8836;0.3;283
8838;2.1;287
8840;2.2;287
8842;4.5;283
8844;1;286
8846;2.1;285
8848;2.4;286
8850;4.1;284
8852;1.6;283
8854;2.8;282
8856;4.4;279
8858;2;279
8860;2.5;279
8862;1.3;281
8864;3.4;278
8866;0.6;278
8868;1;281
8870;-0.2;283
8872;3.9;283
8874;-0.4;283
8876;0.4;286
8878;0.4;285
8880;4.2;287
8882;1;287
8884;0.9;289
8886;1.1;289
8888;3.5;291
8890;0.4;293
8892;1.4;295
8894;3;287
8896;1.4;292
8898;2.1;294
8900;2;295
8902;5.5;292
8904;1.8;292
8906;3;290
8908;3;290
8910;5.2;283
8912;2.2;288
8914;2.4;285
8916;3.4;283
8918;3.4;278
8920;1.9;283
8922;1;284
8924;3.4;280
8926;1;282
8928;1.2;284
8930;0.4;284
8932;3.4;288
8934;0.6;287
8936;1.6;291
8938;0.5;292
8940;4.8;289
8942;1.4;283
8944;0.6;293
8946;1.6;294
8948;3.8;292
8950;1.1;293
8952;1.3;294
8954;3.9;292
8956;2;290
8958;3.5;281
8960;2.7;289
8962;6.6;285
8964;2.1;283
8966;3;283
8968;2.3;282
8970;5.1;278
8972;0.5;277
8974;1;281
8976;2.8;280
8978;3.1;279
8980;0.7;283
8982;0.3;285
8984;2.5;285
8986;0.9;284
8988;1.1;289
8990;0.7;289
8992;4.6;290
8994;1.5;287
8996;2;290
8998;1;290
9000;4.7;287
9002;1.6;289
9004;1.6;290
9006;2.2;290
9008;4.9;288
9010;1.5;287
9012;2.6;288
9014;4.8;285
9016;2.8;281
9018;4.1;282
9020;2.6;263
9022;6.1;274
9024;1.2;270
9026;1.8;273
9028;1;274
9030;3.4;272
9032;-0.5;272
9034;0.1;275
9036;1.2;271
9038;1.5;276
9040;0.9;267
9042;0.2;279
9044;2.6;278
9046;1.7;278
9048;1.6;279
9050;0.8;280
9052;3.7;283
9054;1.2;282
9056;2.1;283
9058;0.9;284
9060;4.4;280
9062;0.9;282
9064;0.8;279
9066;1.7;285
9068;4.7;278
9070;2;283
9072;2.1;280
9074;4.1;277
9076;1.6;274
9078;2.2;280
9080;1.6;273
9082;4.4;278
9084;-0.2;278
9086;0.7;281
9088;0.7;281
9090;3.5;281
9092;-0.3;283
9094;0.7;285
9096;2.6;287
9098;2.7;286
9100;1.7;287
9102;1.5;289
9104;3.4;289
9106;2.1;288
9108;1.8;286
9110;0.6;290
9112;3.6;289
9114;1;287
9116;1.6;292
9118;1.1;292
9120;5;291
9122;2.3;285
9124;2.5;290
9126;2.7;289
9128;5;286
9130;1.4;283
9132;1;287
9134;3.2;274
9136;1.7;286
9138;1.7;290
9140;1.3;290
9142;4;290
9144;0.4;288
9146;0.8;291
9148;1;294
9150;3.3;293
9152;0.4;294
9154;3.2;296
9156;4.4;291
9158;2.7;295
9160;2.3;295
9162;2;292
9164;4.6;293
9166;2.6;293
9168;2.9;293
9170;2.1;287
9172;4.9;292
9174;3.4;288
9176;4.5;285
9178;3.1;284
9180;5.2;272
9182;0.5;282
9184;0.5;279
9186;2;282
9188;3.3;281
9190;0.8;283
9192;0.6;285
9194;2.8;286
9196;0.1;285
9198;1.5;286
9200;0.8;274
9202;4.5;289
9204;-0.2;290
9206;0.9;293
9208;2.3;293
9210;3.8;291
9212;0.8;286
9214;1.3;293
9216;3.3;292
9218;2.4;283
9220;2.7;290
9222;2;293
9224;4;290
9226;2.2;289
9228;3.1;289
9230;2;288
9232;5.9;287
9234;2.5;285
9236;3.1;284
9238;1.7;282
9240;4.8;281
9242;1.7;280
9244;1.9;282
9246;1.9;281
9248;3.4;280
9250;0.6;281
9252;1.2;282
9254;3.2;280
9256;0.9;280
9258;1.5;284
9260;2;281
9262;4.6;282
9264;0.6;270
9266;1.4;280
9268;2;282
9270;3.2;278
9272;0.9;277
9274;2.3;283
9276;3.9;268
9278;1.6;280
9280;2.3;277
9282;1.4;281
9284;4;275
9286;1.5;279
9288;2.3;280
9290;1.6;277
9292;4;275
9294;0.3;276
9296;1.4;277
9298;0.8;276
9300;3.9;277
9302;0.7;273
9304;0.6;277
9306;1.7;278
9308;2.8;279
9310;0.6;281
9312;0.7;278
9314;3;279
9316;0.7;278
9318;2.2;285
9320;1;284
9322;3.8;284
9324;-0.5;285
9326;1.8;285
9328;1.8;286
9330;3.9;275
9332;1.2;287
9334;2;287
9336;3.7;285
9338;1.3;283
9340;2.3;284
9342;1.6;287
9344;3.8;283
9346;1.6;282
9348;2.6;283
9350;2.9;270
9352;4.6;281
9354;1;279
9356;1.8;280
9358;0.6;284
9360;3.4;279
9362;-0.1;284
9364;0.5;287
9366;1.8;283
9368;3.3;281
9370;1.3;288
9372;1.1;291
9374;3.3;290
9376;0.5;289
9378;1.1;293
9380;1.6;293
9382;4.3;293
9384;0.5;292
9386;2.1;293
9388;2.6;287
9390;3.4;286
9392;1.6;294
9394;1.8;291
9396;3.9;289
9398;2.1;288
9400;3.4;288
9402;1.9;288
9404;4.1;287
9406;1.6;284
9408;2;288
9410;1.7;288
9412;4.1;274
9414;1.1;289
9416;1.9;289
9418;0.8;289
9420;3.5;288
9422;0.4;274
9424;1;293
9426;1.8;295
9428;3.2;293
9430;1.3;295
9432;1.5;296
9434;4.1;296
9436;1.2;293
9438;3.4;291
9440;3.5;297
9442;4.7;293
9444;1.2;293
9446;2.6;293
9448;2.8;296
9450;5.5;285
9452;2.5;290
9454;3.2;286
9456;4.7;282
9458;2.8;282
9460;2.7;283
9462;1.8;285
9464;4.1;280
9466;1.5;278
9468;1.6;283
9470;0.6;283
9472;4.6;284
9474;0.8;282
9476;1.3;284
9478;0.7;286
9480;5;283
9482;1.3;286
9484;0.6;285
9486;1.4;287
9488;3.5;285
9490;0.9;286
9492;1.7;288
9494;3.4;287
9496;2.2;285
9498;2.4;287
9500;2.5;285
9502;5.6;283
9504;2.2;279
9506;3.3;278
9508;2.9;268
9510;3.9;272
9512;1.2;274
9514;1.4;269
9516;2.3;273
9518;2.9;271
9520;1.1;271
9522;-0.5;275
9524;2.4;275
9526;-0.1;272
9528;0.6;277
9530;-0.4;278
9532;2.8;275
9534;0.1;277
9536;1.1;283
9538;0.4;286
9540;4.2;281
9542;0.9;286
9544;0.7;285
9546;1.8;288
9548;4.1;285
9550;1.3;287
9552;1.5;287
9554;3.9;285
9556;2.2;283
9558;3.9;283
9560;3;281
9562;6.6;263
9564;1.1;271
9566;1.7;274
9568;1.3;275
9570;3.9;272
9572;-0.7;275
9574;0.2;275
9576;1.6;273
9578;2.4;273
9580;-0.2;277
9582;-0.3;279
9584;2.4;281
9586;0.8;279
9588;0.9;280
9590;0;285
9592;4.1;286
9594;0.7;280
9596;1.3;286
9598;0.5;287
9600;4.1;285
9602;1.1;289
9604;0.6;290
9606;1.2;289
9608;3.9;288
9610;0.6;291
9612;1.8;293
9614;3.8;291
9616;2.8;288
9618;3.1;286
9620;2.4;284
9622;6;286
9624;1.3;277
9626;1.8;285
9628;1.3;285
9630;3.7;281
9632;0.3;287
9634;0.9;288
9636;2.6;286
9638;2.2;288
9640;1.8;277
9642;0.8;291
9644;2.7;291
9646;1.9;290
9648;1.7;293
9650;0.5;293
9652;3.7;294
9654;1.2;293
9656;2.3;294
9658;1.1;290
9660;4.6;290
9662;1.3;291
9664;1.4;289
9666;2.1;291
9668;5;290
9670;2.6;287
9672;2.5;290
9674;4.2;280
9676;2.1;284
9678;2.6;284
9680;1.9;283
9682;4.7;283
9684;1.3;277
9686;1.2;283
9688;1;285
9690;3.7;279
9692;0.3;286
9694;0.8;287
9696;3.2;284
9698;2.6;286
9700;1.4;287
9702;1.2;289
9704;3.3;284
9706;2.7;284
9708;2.3;286
9710;1.6;284
9712;4.5;289
9714;1.8;277
9716;2.4;286
9718;2.1;287
9720;5.8;283
9722;2.2;285
9724;3;280
9726;3.4;281
9728;5.2;276
9730;1.2;275
9732;0.7;275
9734;2.4;275
9736;1.2;273
9738;1.2;277
9740;1;276
9742;4;276
9744;-0.3;275
9746;0.6;277
9748;1;279
9750;2.9;278
9752;-0.2;282
9754;2;281
9756;3.4;279
9758;1.5;279
9760;1.5;280
9762;1;283
9764;3.3;281
9766;1.7;274
9768;2.7;279
9770;2.1;279
9772;4.7;279
9774;1.4;276
9776;3.6;272
9778;2.9;272
9780;5.3;267
9782;0.6;269
9784;0.6;270
9786;1.2;271
9788;2.5;269
9790;-0.1;270
9792;-0.3;273
9794;2.1;272
9796;-0.7;275
9798;0.4;277
9800;-0.2;277
9802;3.9;277
9804;-1.1;281
9806;0.6;283
9808;1.6;285
9810;3.6;282
9812;0.8;283
9814;0.7;285
9816;3;285
9818;2.1;287
9820;2.6;286
9822;1.5;284
9824;4;285
9826;1.6;285
9828;2.3;285
9830;1.2;285
9832;4.2;283
9834;1.7;283
9836;2.8;284
9838;1.4;278
9840;4.4;281
9842;1;284
9844;1.5;283
9846;1.4;284
9848;3.4;284
9850;0;286
9852;1.1;287
9854;3.1;286
9856;0.7;286
9858;1.7;284
9860;1.9;290
9862;4.2;285
9864;0.8;291
9866;1.8;290
9868;1.6;292
9870;3.3;291
9872;0.8;293
9874;2.3;292
9876;4.3;289
9878;2.1;290
9880;2.9;290
9882;2.2;289
9884;4.2;284
9886;2.1;277
9888;3.1;288
9890;2.2;285
9892;4.2;285
9894;1.5;285
9896;2.5;284
9898;1.4;285
9900;4.4;281
9902;1.5;282
9904;0.9;285
9906;1.3;284
9908;2.9;285
9910;0.6;287
9912;1.2;288
9914;3.1;287
9916;1.4;287
9918;2.5;290
9920;1.6;287
9922;4.6;287
9924;0.3;289
9926;2;289
9928;2.4;291
9930;4.2;286
9932;1.3;290
9934;2.3;289
9936;4.3;288
9938;1.7;287
9940;3.1;285
9942;1.9;287
9944;4.4;283
9946;1.9;280
9948;2.4;285
9950;1.1;284
9952;4.5;271
9954;1.5;280
9956;2.1;280
9958;0.7;283
9960;3.8;280
9962;0.2;285
9964;0.5;285
9966;1.8;286
9968;3;286
9970;1.5;283
9972;1.6;289
9974;3.9;274
9976;1;282
9978;2.5;287
9980;2.5;287
9982;5.2;285
9984;1.2;284
9986;2.7;283
9988;3;281
9990;3.5;277
9992;2.1;281
9994;2.2;281
9996;4.4;277
9998;1.7;273
10000;2.7;276
10002;1.5;275
10004;3.5;267
10006;1;269
10008;1;272
10010;1.1;275
10012;3.4;273
10014;-0.2;273
10016;1.3;274
10018;-0.1;273
10020;2.6;275
10022;-0.6;276
10024;0.7;280
10026;1.5;280
10028;3;275
10030;1.3;279
10032;1.1;283
10034;3.3;279
10036;0.5;279
10038;2;285
10040;2;283
10042;4.9;282
10044;0.9;281
10046;2.2;281
10048;2.4;281
10050;4.6;278
10052;1.5;280
10054;2.5;277
10056;3.8;275
10058;1.3;269
10060;1.5;272
10062;0.2;277
10064;3;274
10066;0.5;267
10068;0.6;276
10070;-0.5;279
10072;4.2;280
10074;-0.6;280
10076;0.3;285
10078;0.5;281
10080;4.6;284
10082;0.6;286
10084;0.5;287
10086;1.1;289
10088;3.9;288
10090;1.1;287
10092;1.5;292
10094;3.3;287
10096;2.3;288
10098;2.3;288
10100;2.2;288
10102;5.7;284
10104;2.5;285
10106;3.7;281
10108;3;278
10110;4;270
10112;0.8;277
10114;1.1;280
10116;2.4;282
10118;3.1;266
10120;1.4;279
10122;0.9;280
10124;3.2;278
10126;0.8;280
10128;0.9;285
10130;0.2;283
10132;3.4;286
10134;1.2;289
10136;1.4;291
10138;0.3;288
10140;4.3;289
10142;1;294
10144;0.7;294
10146;1.9;292
10148;3.9;293
10150;1.8;294
10152;2;295
10154;3.6;284
10156;3.1;289
10158;4.4;290
10160;4;285
10162;7.2;279
10164;1.7;278
10166;2.1;280
10168;1.6;280
10170;4.4;277
10172;0.2;274
10174;0.7;280
10176;2.5;278
10178;3;279
10180;0.5;280
10182;0.1;282
10184;2.8;286
10186;1.6;283
10188;1.3;286
10190;0.4;288
10192;4.4;286
10194;1.1;288
10196;1.3;286
10198;0.4;294
10200;4.6;288
10202;1.6;290
10204;1.1;291
10206;2.1;286
10208;4.9;288
10210;1.8;272
10212;3.7;286
10214;5.7;279
10216;3.6;279
10218;3.2;279
10220;1.9;273
10222;5.7;276
10224;0.7;272
10226;1.8;274
10228;1.4;274
10230;3.5;269
10232;-0.1;273
10234;0.8;275
10236;2.2;272
10238;1.8;273
10240;1.3;272
10242;-0.1;278
10244;2.6;276
10246;0.6;275
10248;0.6;277
10250;0;280
10252;3.3;282
10254;1;279
10256;2.2;282
10258;0.9;281
10260;4.6;280
10262;1.4;282
10264;1.3;280
10266;1.9;284
10268;5.4;275
10270;2.8;278
10272;2.1;277
10274;3.3;270
10276;0.3;272
10278;1.1;278
10280;0.8;273
10282;4;275
10284;0.1;276
10286;0.4;278
10288;1;279
10290;3.6;269
10292;-0.1;279
10294;0.5;281
10296;2.7;279
10298;2.8;270
10300;1.1;280
10302;0.6;285
10304;2.5;283
10306;1.6;283
10308;1.3;286
10310;0.9;283
10312;3.9;288
10314;1.6;284
10316;2.1;287
10318;1.5;287
10320;5.4;286
10322;1.6;284
10324;2.6;285
10326;3;283
10328;5;280
10330;1.3;280
10332;0.9;281
10334;2.4;283
10336;1.6;279
10338;1.2;286
10340;1.3;285
10342;4.2;285
10344;0.5;274
10346;1.5;288
10348;1.3;290
10350;3.5;288
10352;0.7;292
10354;2.2;283
10356;3;290
10358;1.7;291
10360;1.1;288
10362;1.5;294
10364;3.8;291
10366;2.4;289
10368;2.9;282
10370;1.9;289
10372;5;279
10374;2;286
10376;3.5;282
10378;3.2;283
10380;5.9;280
10382;1.6;277
10384;1.1;280
10386;2;282
10388;3.1;276
10390;0.9;279
10392;1.3;283
10394;2.8;283
10396;0.7;283
10398;1.4;284
10400;1;286
10402;4.5;285
10404;0;286
10406;1.8;288
10408;2;288
10410;4.1;286
10412;1.4;281
10414;1.3;284
10416;3.6;288
10418;2.7;288
10420;3.1;286
10422;2.3;286
10424;4.2;286
10426;1.9;283
10428;2.7;287
10430;1.6;280
10432;4.3;282
10434;1.6;277
10436;2.7;283
10438;1.3;283
10440;5;279
10442;1.5;277
10444;1.7;280
10446;2.4;274
10448;3.8;281
10450;0.9;279
10452;1.8;281
10454;3.4;282
10456;0.7;281
10458;2.1;268
10460;1.9;284
10462;4.2;282
10464;0.6;282
10466;2.1;283
10468;1.6;286
10470;3.7;282
10472;1.1;273
10474;2.5;281
10476;4.4;279
10478;1.5;281
10480;2.5;279
10482;1.5;282
10484;3.8;276
10486;1.9;268
10488;2.1;280
10490;1.9;279
10492;4;276
10494;0.9;277
10496;2.2;278
10498;1.3;270
10500;4.2;272
10502;1;277
10504;0.3;277
10506;1.3;276
10508;2.2;277
10510;-0.1;277
10512;1.3;280
10514;2.6;271
10516;0.6;277
10518;1.8;283
10520;1.1;280
10522;4.3;278
10524;-0.2;282
10526;1.8;283
10528;2.2;274
10530;4.3;282
10532;1.6;285
10534;2.4;281
10536;4.1;280
10538;1.9;272
10540;2.7;279
10542;1.2;282
10544;3.5;277
10546;1.2;281
10548;1.5;282
10550;1.3;282
10552;4.1;281
10554;1.4;277
10556;2.3;281
10558;1;283
10560;3.6;276
10562;0.5;281
10564;0.9;285
10566;1.8;285
10568;2.9;285
10570;1;284
10572;1;286
10574;3.5;286
10576;0.8;286
10578;1.8;289
10580;1.9;290
10582;4.8;288
10584;1.3;288
10586;2.6;288
10588;2.6;289
10590;3.8;287
10592;2.3;279
10594;2.3;288
10596;3.9;286
10598;1.6;287
10600;3.1;285
10602;2;286
10604;4;282
10606;1.7;283
10608;1.4;286
10610;1.8;285
10612;4;281
10614;0.9;282
10616;1.8;284
10618;0.6;286
10620;3.6;285
10622;0.5;288
10624;1.1;288
10626;1.7;289
10628;3.3;289
10630;1.3;291
10632;0.9;291
10634;3.2;292
10636;1.1;291
10638;2.4;293
10640;2.5;292
10642;4.7;290
10644;1.6;290
10646;2.9;290
10648;2.7;289
10650;4.7;286
10652;1.6;289
10654;2.9;282
10656;4.8;283
10658;2.7;282
10660;2.6;282
10662;1.4;282
10664;4.2;279
10666;1.5;277
10668;1.9;281
10670;0.4;281
10672;4.5;283
10674;0.3;277
10676;1.2;283
10678;0.6;287
10680;4.6;284
10682;0.9;287
10684;1;287
10686;1.7;288
10688;4.2;287
10690;1.6;288
10692;2.2;288
10694;3.8;283
10696;2;286
10698;2.8;284
10700;2.5;286
10702;5.4;281
10704;2.9;280
10706;3.8;277
10708;2.6;275
10710;4.3;270
10712;1.4;274
10714;1.7;269
10716;2.9;272
10718;3.3;268
10720;1.1;271
10722;0.4;270
10724;3;263
10726;0.6;271
10728;0.7;274
10730;-0.8;275
10732;2.8;277
10734;-0.1;276
10736;0.6;276
10738;0.2;281
10740;4.4;279
10742;0.7;280
10744;0.5;283
10746;1.8;285
10748;3.9;283
10750;1.3;283
10752;1.1;283
10754;3.4;283
10756;2.1;281
10758;3.8;280
10760;3;277
10762;7;274
10764;1;271
10766;1.2;271
10768;1;274
10770;4.2;268
10772;0;270
10774;0.5;272
10776;1.8;272
10778;2.5;271
10780;-0.5;274
10782;-0.6;276
10784;2.1;276
10786;0.4;277
10788;0.4;279
10790;-0.2;284
10792;3.4;284
10794;0.3;284
10796;0.6;287
10798;0.3;286
10800;4;288
10802;1.2;291
10804;0.8;291
10806;1.7;292
10808;4.4;290
10810;0.9;291
10812;2.7;291
10814;5.7;288
10816;4.4;282
10818;3.4;283
10820;1.9;272
10822;5.7;278
10824;0.8;280
10826;2;281
10828;1;281
10830;3.6;277
10832;0;281
10834;0.9;282
10836;2.2;280
10838;1.9;285
10840;1.5;285
10842;0.7;289
10844;2.8;288
10846;1.3;285
10848;1.1;290
10850;0.2;292
10852;3.5;288
10854;1.6;293
10856;2.5;291
10858;1.7;289
10860;4.5;291
10862;1.1;293
10864;1.2;293
10866;2.2;293
10868;5.3;290
10870;3.9;288
10872;3.1;281
10874;4;277
10876;1.3;282
10878;1.4;287
10880;1.3;285
10882;4.5;286
10884;0.8;283
10886;1.4;287
10888;1.3;274
10890;4.4;286
10892;0.3;290
10894;1.2;281
10896;3.2;290
10898;3.1;286
10900;1.5;288
10902;0.8;290
10904;2.9;289
10906;2.2;289
10908;2.1;293
10910;1.5;290
10912;4.2;291
10914;1.2;290
10916;2;292
10918;1.6;291
10920;5;288
10922;2.3;279
10924;3;288
10926;3.7;284
10928;5.8;282
10930;1.9;282
10932;1.1;282
10934;3.1;282
10936;2.4;281
10938;2.3;283
10940;1.8;281
10942;4.3;281
10944;0.5;282
10946;1.5;283
10948;1.3;278
10950;3.7;280
10952;0.6;285
10954;1.8;284
10956;3.3;275
10958;2.5;274
10960;1.8;284
10962;2.3;283
10964;4.2;282
10966;1.9;277
10968;2.8;280
10970;1.5;280
10972;4.3;278
10974;0.6;277
10976;1.9;276
10978;2.5;279
10980;6.2;270
10982;1.9;273
10984;0.9;273
10986;0.9;273
10988;2.3;274
10990;-0.3;274
10992;0.3;278
10994;2.8;278
10996;-0.3;272
10998;1;279
11000;0.5;279
11002;4.3;280
11004;-0.6;276
11006;1.6;282
11008;1.5;275
11010;3.9;270
11012;1.3;277
11014;1.1;285
11016;3.8;283
11018;2.4;280
11020;2.8;279
11022;2.1;279
11024;4.1;281
11026;1.5;272
11028;2;277
11030;1.3;282
11032;4.2;279
11034;1.8;280
11036;3;280
11038;1.9;278
11040;4.5;276
11042;1.1;276
11044;1.1;277
11046;1.3;275
11048;2.7;276
11050;0.2;278
11052;0.9;283
11054;3.1;277
11056;0.3;281
11058;1.7;281
11060;0.8;282
11062;3.6;279
11064;0.4;286
11066;1.6;286
11068;2.2;284
11070;3.8;285
11072;1.2;291
11074;2.1;288
11076;4.1;286
11078;1.5;287
11080;2.6;286
11082;1.8;290
11084;4;286
11086;1.5;287
11088;2.4;286
11090;1.9;288
11092;4.8;287
11094;1.6;286
11096;2.4;287
11098;1.7;288
11100;4.9;284
11102;1.8;285
11104;1.2;285
11106;2.3;284
11108;2.9;285
11110;0.9;286
11112;1.2;286
11114;3;280
11116;1.2;284
11118;2.3;289
11120;1.5;288
11122;4.2;288
11124;0.6;290
11126;2.5;289
11128;2.3;288
11130;4.2;288
11132;1.6;290
11134;2.2;289
11136;4.4;287
11138;1.8;282
11140;3.1;286
11142;1.9;287
11144;3.7;281
11146;0.9;283
11148;2.4;288
11150;1.6;280
11152;4;280
11154;2.2;280
11156;3.3;281
11158;1.6;284
11160;4.3;278
11162;1;285
11164;1.6;271
11166;1.8;282
11168;2.9;284
11170;1.1;281
11172;1.7;288
11174;3.8;283
11176;0.4;272
11178;2.4;288
11180;2.5;286
11182;4.8;284
11184;0.8;284
11186;2.6;286
11188;2.8;286
11190;3.9;280
11192;2.2;282
11194;2.6;278
11196;4.5;280
11198;1.8;281
11200;2.9;279
11202;1.9;279
11204;4.3;272
11206;2.1;275
11208;2.5;268
11210;1.8;272
11212;3.6;272
11214;0.3;272
11216;1.5;274
11218;0.1;268
11220;3.1;271
11222;-0.5;269
11224;0.3;276
11226;1.2;274
11228;2.7;277
11230;1.2;279
11232;0.7;281
11234;3.3;278
11236;0.9;281
11238;2.2;282
11240;2.5;280
11242;4.4;274
11244;0.4;265
11246;1.9;282
11248;2.1;283
11250;3.8;278
11252;0.4;283
11254;1.9;281
11256;4.5;278
11258;2.3;277
11260;2.3;277
11262;1.4;274
11264;3.6;276
11266;0.7;273
11268;0.8;273
11270;0.1;278
11272;4.1;279
11274;-0.4;277
11276;1.1;280
11278;0.1;272
11280;3.8;280
11282;0.1;283
11284;0.3;284
11286;1.4;282
11288;3.8;284
11290;1.2;289
11292;1.6;289
11294;2.7;290
11296;1.8;289
11298;2.1;292
11300;1.7;291
11302;5.1;290
11304;1.5;284
11306;2.8;288
11308;3;289
11310;4.8;280
11312;1.9;284
11314;1.9;283
11316;2.9;280
11318;3.7;281
11320;1.6;282
11322;1;283
11324;3.4;281
11326;0.9;282
11328;1.3;271
11330;0.5;287
11332;3.4;290
11334;0.6;288
11336;1.1;292
11338;0.5;296
11340;4.7;293
11342;1.1;294
11344;1.3;296
11346;2.9;298
11348;4.7;297
11350;2.4;293
11352;2.3;293
11354;4.4;297
11356;2.8;295
11358;4.2;290
11360;3.3;296
11362;2.9;288
11364;2.4;284
11366;2.4;285
11368;2.1;286
11370;5.4;278
11372;0.4;284
11374;1.7;275
11376;2.9;287
11378;3.3;286
11380;1.3;287
11382;0.8;286
11384;2.7;290
11386;1.9;288
11388;1.3;289
11390;0.4;294
11392;4.3;293
11394;0.6;287
11396;1.1;296
11398;1.5;300
11400;5.3;295
11402;2.4;295
11404;2.8;296
11406;3.4;293
11408;4.8;284
11410;1.8;294
11412;2.9;292
11414;5.5;289
11416;4.6;284
11418;4.6;283
11420;2.8;280
11422;5.9;277
11424;1;272
11426;2;275
11428;1.4;278
11430;3.5;273
11432;-0.3;266
11434;0.8;276
11436;2.3;265
11438;1.6;279
11440;1.6;268
11442;0.7;279
11444;3;276
11446;1.6;278
11448;1.3;272
11450;0.4;281
11452;3.5;273
11454;1.8;281
11456;2.6;281
11458;1.6;280
11460;4.8;278
11462;1.2;279
11464;1.6;283
11466;2.5;278
11468;5;278
11470;2.6;277
11472;1.9;276
11474;3.3;274
11476;0.3;269
11478;1.8;276
11480;1;271
11482;4;274
11484;0.1;269
11486;0.1;273
11488;0.6;276
11490;3.4;272
11492;-0.3;278
11494;1;272
11496;2.6;279
11498;2.4;278
11500;1.4;282
11502;1;284
11504;2.5;281
11506;1.9;281
11508;1.7;286
11510;1;285
11512;4.1;283
11514;0.9;285
11516;1.7;285
11518;1.1;286
11520;4.9;282
11522;1.4;285
11524;1.9;285
11526;2.7;283
11528;4.9;277
11530;1.4;273
11532;0.8;282
11534;3;280
11536;1.3;278
11538;1.9;283
11540;0.7;283
11542;3.9;281
11544;0.2;283
11546;1.3;286
11548;1.4;284
11550;3.2;286
11552;0;289
11554;1.4;284
11556;2.8;290
11558;2.2;287
11560;1.7;292
11562;1.8;286
11564;3.7;290
11566;1.8;286
11568;2.6;291
11570;1.6;288
11572;4.9;285
11574;2.1;287
11576;4.4;285
11578;3;270
11580;5.5;275
11582;0.7;279
11584;0.5;278
11586;1.4;283
11588;3.4;278
11590;0.8;284
11592;0.7;283
11594;3.5;283
11596;0.1;281
11598;1.8;286
11600;1.1;286
11602;4.7;280
11604;0.3;288
11606;1.5;291
11608;1.6;292
11610;3.8;290
11612;0.9;291
11614;1.3;291
11616;3.8;288
11618;2.8;290
11620;2.7;287
11622;1.9;291
11624;4.1;287
11626;2.3;286
11628;3;289
11630;1.7;285
11632;4.8;284
11634;2.3;285
11636;3.3;284
11638;2;281
11640;5.1;279
11642;1.4;275
11644;1.5;280
11646;1.6;279
11648;3.2;269
11650;0.5;281
11652;1.4;281
11654;3.4;282
11656;0.8;281
11658;1.8;282
11660;1.6;282
11662;4;269
11664;0.7;284
11666;1.9;284
11668;2.2;283
11670;4.3;281
11672;1.5;283
11674;2.4;282
11676;4.3;267
11678;1.6;275
11680;2.5;278
11682;1.7;280
11684;3.8;276
11686;1.4;276
11688;1.8;278
11690;1.5;275
11692;4.2;274
11694;1.2;269
11696;1.8;270
11698;0.5;273
11700;4.2;269
11702;1.5;270
11704;0.4;271
11706;1.1;271
11708;2.8;271
11710;-0.2;273
11712;0.1;274
11714;2;276
11716;0.3;276
11718;1.5;277
11720;0.6;278
11722;3.9;279
11724;-0.4;278
11726;1.7;281
11728;1.9;271
11730;3.4;274
11732;0.9;283
11734;2.1;282
11736;4;280
11738;1.5;280
11740;3.1;278
11742;1.6;281
11744;3.7;279
11746;1.3;278
11748;1.8;276
11750;1.4;277
11752;4.7;275
11754;0.8;276
11756;1.6;276
11758;0.4;270
11760;2.7;273
11762;-0.7;272
11764;0.6;278
11766;2;276
11768;2.5;272
11770;0.7;283
11772;0.7;282
11774;3.4;285
11776;0.2;284
11778;2.1;285
11780;2;286
11782;4.9;285
11784;0.6;285
11786;2.2;288
11788;2.4;289
11790;3.7;284
11792;2.1;286
11794;2.3;287
11796;4.1;283
11798;1.8;283
11800;2.8;283
11802;2.2;278
11804;4.1;283
11806;1.4;284
11808;2.2;283
11810;1.6;278
11812;4;281
11814;1;278
11816;2.2;284
11818;0.8;284
11820;3.5;279
11822;0.6;284
11824;1.5;288
11826;1.9;285
11828;3.3;283
11830;1.5;289
11832;1.3;288
11834;3.3;290
11836;1;290
11838;2.6;293
11840;2.1;290
11842;4.7;288
11844;1.3;284
11846;2.6;287
11848;2.4;284
11850;4.4;284
11852;1.4;290
11854;2.4;287
11856;4.7;282
11858;2.6;272
11860;2.9;271
11862;2;280
11864;4.1;276
11866;1.6;279
11868;1.4;282
11870;0.5;283
11872;4.5;284
11874;0.1;281
11876;0.9;282
11878;0.6;285
11880;4.6;283
11882;0.7;276
11884;0.6;289
11886;1;289
11888;3.7;287
11890;0.8;292
11892;1.5;292
11894;3.6;290
11896;2.4;290
11898;2.2;290
11900;2;290
11902;5.5;289
11904;1.5;288
11906;2.9;282
11908;2.9;284
11910;4.5;281
11912;2.6;284
11914;2.5;280
11916;3.6;280
11918;3.7;278
11920;1.8;266
11922;1.3;272
11924;3.6;275
11926;1.1;272
11928;1.3;275
11930;-0.3;272
11932;3;274
11934;0.5;268
11936;1.3;278
11938;0.4;276
11940;4.5;277
11942;0.6;280
11944;0.5;279
11946;1.7;282
11948;3.7;280
11950;1.2;279
11952;1.7;281
11954;4.3;279
11956;1.7;279
11958;2.4;273
11960;2.2;277
11962;5.8;276
11964;0.9;271
11966;2;275
11968;1.2;275
11970;4.5;270
11972;0;272
11974;0.5;273
11976;2.4;270
11978;2.8;272
11980;0.1;273
11982;-0.6;276
11984;2.2;271
11986;0.3;274
11988;0.5;275
11990;0.1;281
11992;4.1;282
11994;0.2;276
11996;0.6;284
11998;0.3;287
12000;4.6;283
12002;1.3;287
12004;0.7;286
12006;1.6;291
12008;4.2;287
12010;1.2;289
12012;1.9;288
12014;4.1;288
12016;2.7;284
12018;3.4;279
12020;2.6;285
12022;6.1;277
12024;1.3;278
12026;2;279
12028;1.9;281
12030;3.4;277
12032;0.1;283
12034;0.6;283
12036;2.5;281
12038;2;284
12040;1.9;276
12042;0.6;286
12044;3.2;287
12046;1.9;286
12048;1.9;286
12050;0.3;291
12052;3;292
12054;0.9;290
12056;2;292
12058;1.4;293
12060;4.5;292
12062;1.1;278
12064;1.6;286
12066;2.2;292
12068;4.8;291
12070;2.3;290
12072;2.8;288
12074;4.4;286
12076;2.2;287
12078;2.7;287
12080;2.3;285
12082;4.6;283
12084;1.1;275
12086;1.3;283
12088;1.6;284
12090;4;284
12092;0.4;284
12094;0.9;289
12096;2.5;287
12098;3.3;286
12100;1.9;290
12102;1.1;287
12104;2.7;290
12106;2.2;290
12108;1.7;293
12110;1.3;293
12112;4.2;279
12114;1.5;288
12116;2.3;292
12118;1.3;291
12120;4.7;288
12122;2.1;291
12124;2.7;289
12126;3.3;284
12128;5.1;282
12130;1.7;281
12132;1.1;284
12134;3.2;272
12136;1.6;282
12138;2;285
12140;1.6;281
12142;4.2;284
12144;0.2;285
12146;1.3;288
12148;1.5;269
12150;3.3;283
12152;0.9;291
12154;2.4;290
12156;3.4;286
12158;2.5;288
12160;1.7;287
12162;2.2;284
12164;4.4;287
12166;3;286
12168;3.9;279
12170;2.4;285
12172;5.1;280
12174;2.7;276
12176;4.7;274
12178;3.3;274
12180;5.7;266
12182;0.7;269
12184;0.4;268
12186;1.1;268
12188;2.5;269
12190;0.4;270
12192;-0.1;274
12194;2.1;273
12196;-0.8;273
12198;0.5;277
12200;0.4;277
12202;4;278
12204;-0.8;278
12206;1.4;278
12208;1.7;283
12210;3.9;279
12212;0.8;285
12214;0.9;283
12216;3.3;283
12218;2.3;283
12220;2.4;285
12222;1.7;285
12224;4.3;279
12226;1.6;278
12228;2.9;279
12230;1.8;280
12232;5;276
12234;2.3;272
12236;2.6;274
12238;1;271
12240;3.6;272
12242;0.7;275
12244;0.5;275
12246;1.2;277
12248;2.5;278
12250;-0.1;281
12252;1;275
12254;3.2;272
12256;0.2;281
12258;1.3;282
12260;1.4;272
12262;4;278
12264;0.1;283
12266;1.6;287
12268;1.5;275
12270;3.2;286
12272;1.1;290
12274;2.1;289
12276;4;285
12278;2;285
12280;2.8;287
12282;1.5;290
12284;4;286
12286;2.6;277
12288;3;288
12290;2.4;283
12292;4.3;283
12294;1.5;277
12296;3;283
12298;1.5;283
12300;4.3;278
12302;1.8;282
12304;1.1;282
12306;1.4;283
12308;2.6;284
12310;0.6;283
12312;1.4;289
12314;3.3;288
12316;1.3;287
12318;2.4;285
12320;1.2;288
12322;4;288
12324;-0.1;289
12326;1.8;291
12328;2.1;293
12330;3.9;289
12332;1.3;292
12334;2.2;291
12336;4;289
12338;1.7;274
12340;3;286
12342;1.9;290
12344;4.2;287
12346;1.8;283
12348;2.5;286
12350;1.8;283
12352;4.4;287
12354;2.2;282
12356;2.5;285
12358;1;283
12360;3.5;282
12362;0;287
12364;1.4;280
12366;2.3;288
12368;3.2;288
12370;1.5;291
12372;1;288
12374;3.5;280
12376;0.8;288
12378;1.5;291
12380;2;292
12382;4.6;289
12384;0.8;292
12386;2.6;292
12388;2.6;292
12390;3.6;290
12392;2.1;292
12394;2.4;291
12396;4.1;289
12398;2.3;288
12400;3.1;286
12402;2;286
12404;4.4;285
12406;1.8;283
12408;2.3;284
12410;2.2;279
12412;4.7;282
12414;1.5;280
12416;2.6;280
12418;1.6;282
12420;4.3;278
12422;0.7;282
12424;1.7;281
12426;2.2;277
12428;3.5;274
12430;1.3;281
12432;1;283
12434;3.2;283
12436;0.9;281
12438;2.4;283
12440;2.4;283
12442;4.9;282
12444;0.9;281
12446;2.3;280
12448;2.2;281
12450;4.2;277
12452;1.6;280
12454;2.5;278
12456;3.8;271
12458;1.9;271
12460;1.7;273
12462;0.7;275
12464;3.2;274
12466;0.3;271
12468;0.9;272
12470;-0.5;276
12472;4.2;277
12474;-0.5;271
12476;0.7;280
12478;0.4;281
12480;4.7;279
12482;0.7;282
12484;0.6;281
12486;1.4;284
12488;3.4;283
12490;0.8;285
12492;1.5;288
12494;3.1;283
12496;1.6;285
12498;2.2;289
12500;2.4;289
12502;5.3;287
12504;1.4;282
12506;2.7;285
12508;2.4;286
12510;4.7;280
12512;1.7;280
12514;1.8;281
12516;2.8;279
12518;3.2;280
12520;1.8;281
12522;0.9;282
12524;3.1;279
12526;0.6;279
12528;1.3;284
12530;-0.2;285
12532;3.1;287
12534;0.8;286
12536;1.8;290
12538;1;292
12540;4.6;289
12542;1.3;291
12544;0.1;291
12546;1.6;293
12548;3.7;292
12550;1.1;293
12552;1.3;295
12554;4.3;294
12556;2;293
12558;3.5;294
12560;2.7;293
12562;6.5;288
12564;2.1;287
12566;3;286
12568;2.1;288
12570;4.9;283
12572;0.5;286
12574;1;286
12576;2.7;287
12578;2.9;286
12580;0.9;287
12582;0.4;291
12584;2.2;292
12586;1.5;287
12588;0.9;294
12590;0.9;294
12592;4.9;296
12594;1;292
12596;1.8;296
12598;1.6;299
12600;5.3;296
12602;2;298
12604;2.1;300
12606;2.8;299
12608;5.3;297
12610;1.8;298
12612;3.4;299
12614;5.4;293
12616;3.4;288
12618;3.9;290
12620;3.3;288
12622;2.6;286
12624;1.9;283
12626;2;285
12628;1.5;285
12630;3.9;282
12632;0.3;286
12634;1.3;287
12636;2.9;284
12638;2.2;286
12640;2.2;287
12642;1.5;290
12644;4;287
12646;2.4;284
12648;2.1;287
12650;1.7;284
12652;4.3;287
12654;1.6;283
12656;2.6;287
12658;1.7;288
12660;4.9;282
12662;1.7;286
12664;1.6;286
12666;2.7;286
12668;5.1;268
12670;2.7;282
12672;3;281
12674;4.7;272
12676;1.8;269
12678;2.3;277
12680;1.3;275
12682;4.4;271
12684;0.8;273
12686;0.3;274
12688;0.3;276
12690;3;276
12692;-0.9;277
12694;0.5;281
12696;2.1;280
12698;2.8;276
12700;1.2;280
12702;1.3;284
12704;3.2;281
12706;2;278
12708;1.6;284
12710;0.9;284
12712;3.8;284
12714;1;279
12716;1.9;284
12718;1.4;285
12720;5.2;280
12722;1.7;283
12724;2.3;282
12726;2.6;283
12728;5.2;280
12730;1.9;278
12732;1.3;280
12734;3;277
12736;1.2;279
12738;1.4;281
12740;1.2;281
12742;4.1;282
12744;0;283
12746;0.8;284
12748;1.3;288
12750;3.2;283
12752;0.1;290
12754;2.2;290
12756;3.4;288
12758;2;289
12760;1.9;290
12762;1.3;294
12764;3.6;291
12766;2.1;289
12768;2.6;287
12770;2.2;289
12772;5;289
12774;2.7;283
12776;4;284
12778;2.9;283
12780;5.3;276
12782;0.7;275
12784;0.8;273
12786;2.1;276
12788;3.4;279
12790;0.8;283
12792;0.6;284
12794;3;285
12796;-0.1;286
12798;1.6;288
12800;0.8;289
12802;4.4;290
12804;-0.2;290
12806;1.2;291
12808;2.6;294
12810;4.2;289
12812;1;292
12814;1.2;289
12816;3.2;290
12818;2.8;290
12820;2.5;291
12822;1.8;286
12824;4.4;285
12826;2.5;284
12828;3;286
12830;2.3;289
12832;5.3;283
12834;2.1;283
12836;2.9;282
12838;1.7;284
12840;4.6;281
12842;1.7;281
12844;1.5;283
12846;1.8;281
12848;3.2;280
12850;0.1;283
12852;1.2;280
12854;2.8;285
12856;0.7;288
12858;2.1;289
12860;2.2;289
12862;4.7;286
12864;0.8;282
12866;2.1;288
12868;1.9;289
12870;3.6;287
12872;1.3;291
12874;2.5;290
12876;4.3;285
12878;2;288
12880;2.8;285
12882;2.3;283
12884;4.3;284
12886;2.6;279
12888;3.7;284
12890;2.7;281
12892;5;277
12894;1.2;267
12896;2.2;274
12898;1;272
12900;4.5;271
12902;1.3;272
12904;0.4;275
12906;1.3;274
12908;2.3;273
12910;-0.2;276
12912;0.6;276
12914;2.5;276
12916;0.5;274
12918;1.9;279
12920;0.9;277
12922;3.5;277
12924;-0.3;280
12926;1.6;277
12928;2.2;281
12930;3.7;276
12932;1.4;281
12934;2;279
12936;3.9;278
12938;1;269
12940;2.3;277
12942;1.1;277
12944;3.6;275
12946;0.7;274
12948;1.5;275
12950;0.8;276
12952;3.5;274
12954;0.9;268
12956;1.6;276
12958;0.5;277
12960;2.9;275
12962;-0.3;278
12964;0.4;278
12966;1.7;281
12968;2.8;281
12970;1;281
12972;1.1;280
12974;3.1;283
12976;0.4;273
12978;1.7;285
12980;1.6;287
12982;4.4;284
12984;0.9;286
12986;2.7;287
12988;2.9;286
12990;3.5;285
12992;2.2;284
12994;2;285
12996;4.4;284
12998;2.3;283
13000;3.5;282
13002;2.1;281
13004;4.5;278
13006;2.3;278
13008;1.9;278
13010;1.4;265
13012;3.5;277
13014;0.1;279
13016;1.3;280
13018;0.2;281
13020;3.4;281
13022;-0.3;282
13024;0.5;287
13026;2;287
13028;3.3;288
13030;1.7;288
13032;0.9;290
13034;3.2;291
13036;0.9;289
13038;2;293
13040;2.2;293
13042;4.6;288
13044;1.7;282
13046;2.6;290
13048;2.6;291
13050;5.2;286
13052;2.2;288
13054;2.8;273
13056;4.5;275
13058;2.1;278
13060;2.5;281
13062;1.6;284
13064;3.8;282
13066;1.1;280
13068;1.8;277
13070;0.2;284
13072;4.3;279
13074;0.5;284
13076;0.9;287
13078;0.4;288
13080;4.4;288
13082;1.2;290
13084;0.7;291
13086;1.5;291
13088;3.7;291
13090;0.9;291
13092;1.9;292
13094;3.8;294
13096;2.1;293
13098;2.5;289
13100;2.2;292
13102;6;289
13104;3;287
13106;3.6;274
13108;3;284
13110;4.5;277
13112;1.9;276
13114;1.7;280
13116;2.6;272
13118;3;278
13120;1.1;278
13122;0.9;284
13124;3.4;281
13126;1.1;280
13128;1.5;275
13130;0.3;277
13132;3.4;282
13134;0.9;283
13136;2;287
13138;1.3;286
13140;4.9;286
13142;1.4;288
13144;1.8;288
13146;2.2;288
13148;4.1;285
13150;1.8;278
13152;2.2;287
13154;4.3;287
13156;3.2;280
13158;4.4;283
13160;4;275
13162;2.8;273
13164;1.5;270
13166;2.1;269
13168;1.3;271
13170;4.3;268
13172;-0.3;268
13174;0.7;272
13176;2;272
13178;2.3;271
13180;-0.4;274
13182;-0.5;277
13184;2.1;277
13186;0.2;275
13188;0.9;274
13190;0.1;283
13192;4.2;283
13194;0.4;283
13196;0.6;285
13198;0.3;288
13200;4.4;286
13202;1.4;287
13204;0.9;287
13206;1.9;289
13208;4.4;288
13210;1.4;288
13212;3.3;290
13214;4.9;280
13216;3.8;278
13218;3.3;282
13220;2.4;280
13222;6;277
13224;0.5;274
13226;1.3;276
13228;0.5;274
13230;3;276
13232;-0.4;277
13234;0.5;278
13236;2.4;279
13238;1.7;281
13240;1.6;281
13242;0.7;284
13244;2.7;283
13246;1.7;277
13248;2.1;285
13250;0.5;286
13252;3.4;282
13254;0.5;284
13256;2;287
13258;0.9;287
13260;4.7;287
13262;1.4;288
13264;1.4;290
13266;2.4;289
13268;4.4;285
13270;2.2;288
13272;2.2;289
13274;3.8;284
13276;1.8;286
13278;2.6;286
13280;2;287
13282;4.7;286
13284;1.2;280
13286;1.1;284
13288;1.3;288
13290;4;288
13292;0.4;290
13294;1;291
13296;2.8;289
13298;3;289
13300;1.3;292
13302;1;294
13304;3.3;287
13306;2.3;290
13308;1.8;286
13310;1.4;290
13312;4.1;291
13314;1;292
13316;2.1;294
13318;1.6;294
13320;5;290
13322;1.9;288
13324;2.1;284
13326;2.7;289
13328;5.1;289
13330;1.5;287
13332;1.6;290
13334;3.7;286
13336;2.1;281
13338;2.1;289
13340;2;287
13342;4.6;274
13344;0.8;287
13346;1.7;289
13348;1.5;287
13350;3.7;281
13352;0.8;286
13354;2.1;278
13356;2.9;289
13358;2;288
13360;1.3;289
13362;1.3;295
13364;3.7;292
13366;2.2;290
13368;3.4;283
13370;1.9;289
13372;5.1;287
13374;2.2;287
13376;4.1;285
13378;4.1;284
13380;6.2;273
13382;1.3;275
13384;0.6;277
13386;1.4;277
13388;2.8;271
13390;0.1;277
13392;0.4;277
13394;2.8;276
13396;0;279
13398;1.6;280
13400;0.7;282
13402;4.2;281
13404;-0.1;279
13406;1;286
13408;2.9;284
13410;4.4;283
13412;1.3;285
13414;1.7;285
13416;3.2;280
13418;2.7;282
13420;3;283
13422;2.5;268
13424;4.4;281
13426;1.9;278
13428;2.5;281
13430;1.4;281
13432;4.3;280
13434;1.2;277
13436;2.2;277
13438;1.2;278
13440;4.1;274
13442;1;276
13444;0.9;277
13446;1.1;273
13448;2.3;276
13450;-0.4;277
13452;1.1;278
13454;2.8;279
13456;0.7;273
13458;1.7;280
13460;2;280
13462;4.3;281
13464;0.3;282
13466;1.8;283
13468;1.4;282
13470;3;283
13472;0.6;287
13474;2.3;278
13476;3.8;282
13478;1.5;281
13480;2.4;282
13482;1.5;287
13484;3.8;284
13486;1.8;283
13488;2.9;275
13490;2.5;282
13492;4.3;282
13494;1.5;276
13496;2.2;282
13498;1.1;283
13500;4.4;281
13502;1.3;281
13504;0.9;282
13506;1.4;283
13508;3;283
13510;1;282
13512;1.2;288
13514;3;278
13516;1.5;288
13518;2.3;289
13520;1.7;287
13522;4.3;284
13524;0.4;289
13526;2.3;289
13528;2.4;292
13530;4.4;289
13532;1.7;291
13534;2.6;289
13536;4.5;285
13538;1.8;287
13540;3.1;287
13542;2.2;278
13544;3.9;284
13546;1.6;284
13548;2.4;284
13550;1.7;284
13552;4.7;284
13554;1.7;283
13556;2.3;283
13558;0.8;283
13560;3.7;282
13562;0;286
13564;1;286
13566;2.2;288
13568;3;286
13570;1.5;288
13572;1.3;291
13574;3.5;288
13576;0.8;289
13578;2;292
13580;1.8;292
13582;5;275
13584;1.4;290
13586;2.7;290
13588;2.7;291
13590;3.8;287
13592;2.6;286
13594;2.7;288
13596;4.7;286
13598;2.3;284
13600;3.4;283
13602;2.2;283
13604;4.4;281
13606;1.8;279
13608;2;283
13610;1.7;279
13612;4;274
13614;0.8;280
13616;2.1;281
13618;0.9;283
13620;3.5;277
13622;0.8;282
13624;1.1;282
13626;1.6;284
13628;2.9;284
13630;1.5;286
13632;1.3;288
13634;3.7;286
13636;1.1;285
13638;2.6;288
13640;2.8;286
13642;4.9;284
13644;1.4;284
13646;3.3;283
13648;3.1;281
13650;5.2;278
13652;2.2;279
13654;2.7;271
13656;4.1;271
13658;2;269
13660;2.4;267
13662;0.9;271
13664;3.5;268
13666;0.7;270
13668;1.1;274
13670;-0.8;275
13672;3.8;276
13674;-0.8;272
13676;0;278
13678;-0.1;281
13680;4.5;274
13682;0.5;281
13684;0.4;283
13686;1.1;283
13688;3.9;284
13690;0.6;282
13692;1.3;285
13694;3.3;282
13696;2.4;283
13698;2;285
13700;2.1;284
13702;6.1;280
13704;2.7;278
13706;3.1;276
13708;1.9;274
13710;3.1;268
13712;0.5;266
13714;1.1;274
13716;1.9;274
13718;2.6;272
13720;0.7;276
13722;0.2;276
13724;2.6;277
13726;0;272
13728;0.8;273
13730;0;280
13732;3.3;283
13734;0.9;283
13736;1.3;284
13738;0.7;275
13740;4.3;285
13742;1;287
13744;1.2;289
13746;1.9;289
13748;4.2;282
13750;1.4;288
13752;1.7;280
13754;3.6;289
13756;2.2;284
13758;4.4;287
13760;3.4;282
13762;7.1;278
13764;0.9;274
13766;1.2;277
13768;1.4;271
13770;3.7;276
13772;0.2;276
13774;0.7;279
13776;2.5;281
13778;2.7;278
13780;0.5;281
13782;0.2;283
13784;2.5;285
13786;1.5;283
13788;1.2;285
13790;0.7;289
13792;4.3;286
13794;0.7;287
13796;1.1;291
13798;0.6;292
13800;4.4;291
13802;1.3;291
13804;0.5;293
13806;2;295
13808;4.5;293
13810;1.4;292
13812;3.6;292
13814;5.9;286
13816;4.3;282
13818;3.4;284
13820;2.3;281
13822;6.2;280
13824;1;279
13826;1.8;279
13828;1.4;280
13830;3.8;275
13832;0.2;281
13834;1;282
13836;2.8;280
13838;2.1;282
13840;2;283
13842;1;285
13844;3.1;278
13846;1.8;283
13848;1.5;286
13850;0.5;287
13852;4.1;277
13854;1.5;287
13856;2.3;285
13858;1.5;288
13860;4.9;284
13862;1.6;286
13864;0.9;284
13866;3.2;285
13868;5.9;280
13870;2.8;280
13872;2.3;271
13874;3.3;276
13876;0.8;268
13878;1.8;279
13880;1.6;276
13882;4.2;277
13884;0.5;275
13886;0.8;273
13888;1.3;278
13890;3.6;271
13892;0.1;278
13894;0.8;279
13896;3.2;279
13898;2.7;274
13900;1.3;279
13902;0.9;282
13904;2.8;281
13906;1.9;277
13908;1.9;279
13910;1;282
13912;4.1;283
13914;1.3;272
13916;1.9;274
13918;1.5;285
13920;5;282
13922;2.2;281
13924;2.8;279
13926;2.8;279
13928;4.9;275
13930;0.8;274
13932;-0.1;274
13934;2.1;277
13936;0.8;276
13938;1;276
13940;1.3;276
13942;4.1;279
13944;0;276
13946;1;282
13948;1.4;278
13950;3.4;281
13952;0.4;285
13954;1.5;283
13956;2.9;284
13958;1.7;283
13960;1.6;280
13962;1.7;281
13964;4.2;285
13966;2.1;284
13968;2.8;285
13970;1.5;286
13972;4.7;281
13974;1.1;284
13976;3.4;284
13978;3.6;274
13980;5.8;278
13982;0.8;275
13984;0.3;279
13986;1.5;279
13988;2.8;279
13990;0.4;280
13992;0.7;285
13994;3;281
13996;0.4;283
13998;1.4;285
14000;1;287
14002;4.6;286
14004;-0.3;288
14006;1.9;290
14008;2.1;292
14010;3.7;289
14012;0.9;291
14014;1;292
14016;3.4;288
14018;2.3;293
14020;2.5;289
14022;1.9;293
14024;4.1;292
14026;2;290
14028;2.8;290
14030;1.5;290
14032;4.2;291
14034;2;288
14036;2.7;289
14038;1.8;289
14040;4.8;287
14042;1.9;287
14044;1.8;289
14046;2.5;288
14048;3.7;285
14050;0.9;290
14052;1.6;291
14054;3.3;288
14056;1.1;290
14058;1.8;293
14060;2;291
14062;4.3;283
14064;0.7;290
14066;1.9;291
14068;2.2;294
14070;3.6;291
14072;1.5;293
14074;2.3;290
14076;4.5;288
14078;2.5;286
14080;3.3;288
14082;2.1;289
14084;4.3;285
14086;2;286
14088;2.5;287
14090;2.2;286
14092;4.7;285
14094;1.7;282
14096;2.5;285
14098;1.6;284
14100;4.7;280
14102;2.1;280
14104;1.6;280
14106;2.5;279
14108;3.6;277
14110;0.8;280
14112;1.6;282
14114;3.7;279
14116;1.2;278
14118;2.2;282
14120;1.6;280
14122;4.2;277
14124;0;282
14126;2.2;276
14128;2.4;283
14130;4.2;282
14132;1.9;284
14134;2.7;280
14136;4.3;278
14138;1.4;278
14140;3;279
14142;1.5;279
14144;3.9;276
14146;1;276
14148;2.1;279
14150;1.4;278
14152;4.4;276
14154;1.2;275
14156;1.7;272
14158;0.4;277
14160;3.3;273
14162;-0.7;275
14164;0.3;279
14166;2;280
14168;2.8;278
14170;1;281
14172;0.8;284
14174;3.7;283
14176;0.3;283
14178;1.4;286
14180;2;285
14182;4.7;284
14184;1;285
14186;2.8;283
14188;2.8;280
14190;3.9;280
14192;2;282
14194;2;282
14196;4.3;280
14198;1.3;276
14200;2.5;280
14202;1.7;280
14204;3.9;277
14206;1.4;278
14208;1.7;281
14210;1.7;280
14212;3.9;275
14214;0.9;278
14216;1.7;279
14218;0.8;281
14220;3.4;276
14222;0.5;282
14224;1.1;284
14226;1.8;284
14228;2.9;285
14230;1.3;286
14232;1.2;287
14234;3.4;288
14236;1.1;285
14238;2.7;283
14240;2.8;289
14242;4.9;286
14244;1;285
14246;2.6;287
14248;2.4;286
14250;4;284
14252;1.5;285
14254;2.6;282
14256;4.7;281
14258;2.5;281
14260;2.6;280
14262;1.3;282
14264;4.3;280
14266;1.2;279
14268;1.6;281
14270;0.4;283
14272;4.7;283
14274;0.3;281
14276;1;283
14278;0.5;287
14280;4.5;283
14282;0.6;289
14284;0.5;290
14286;1.3;291
14288;3.7;291
14290;0.8;293
14292;1.9;295
14294;3.4;292
14296;1.9;290
14298;2.1;293
14300;2.3;292
14302;5.6;290
14304;2.2;288
14306;3.6;286
14308;3.4;285
14310;4.7;281
14312;1.8;283
14314;2.2;282
14316;3.3;283
14318;3.7;281
14320;1.8;282
14322;1.3;284
14324;3.8;282
14326;1.2;279
14328;1.8;283
14330;0;286
14332;3.6;286
14334;0.7;286
14336;1.9;288
14338;0.9;288
14340;5;287
14342;1.6;290
14344;1.2;287
14346;2.4;290
14348;4.7;286
14350;2;287
14352;2.4;289
14354;4.2;288
14356;2.1;282
14358;4.6;284
14360;3.8;280
14362;2.5;277
14364;1.1;273
14366;1.4;274
14368;1.4;276
14370;4.3;271
14372;0.1;270
14374;0.4;273
14376;2.4;274
14378;3.1;273
14380;0.1;274
14382;-0.3;277
14384;2.7;275
14386;1;275
14388;1;280
14390;0.1;280
14392;4.2;279
14394;0.2;278
14396;0.8;282
14398;0.2;285
14400;4.3;282
14402;1.4;286
14404;0.7;286
14406;2.2;286
14408;4.4;285
14410;1;286
14412;3;284
14414;5.6;281
14416;3.8;275
14418;2.9;276
14420;1.1;275
14422;5.3;273
14424;0.7;272
14426;1.3;273
14428;0.6;272
14430;3.1;273
14432;-0.7;275
14434;0.3;277
14436;2;276
14438;1.4;275
14440;1.1;278
14442;0.3;281
14444;2.4;280
14446;1.2;280
14448;1.1;285
14450;0.1;287
14452;3.5;286
14454;1.6;284
14456;2.7;289
14458;1.6;286
14460;4.9;284
14462;1.6;280
14464;1.7;288
14466;2.6;287
14468;5.8;285
14470;3.7;282
14472;2.9;280
14474;3.8;278
14476;0.4;278
14478;1.3;282
14480;1;282
14482;4.7;280
14484;0.9;280
14486;1.2;282
14488;1;282
14490;3.6;269
14492;0.2;287
14494;1.3;287
14496;3.2;285
14498;2.6;285
14500;1.8;289
14502;1.3;291
14504;2.7;291
14506;2.5;289
14508;2.4;292
14510;1.5;290
14512;4;289
14514;1.7;286
14516;2.2;289
14518;1.4;292
14520;5.1;288
14522;1.9;290
14524;2.9;287
14526;3.6;286
14528;5.9;284
14530;1.8;283
14532;1.1;285
14534;2.2;283
14536;1.1;282
14538;1.9;283
14540;1.6;287
14542;4.4;286
14544;0.4;286
14546;1.7;288
14548;1.7;290
14550;3.5;287
14552;0.5;292
14554;1.7;290
14556;3.2;289
14558;2.5;275
14560;1.6;290
14562;1.9;286
14564;4.4;286
14566;2.3;287
14568;3.1;290
14570;2;289
14572;4.8;288
14574;3;282
14576;5;282
14578;3.3;278
14580;5.1;273
14582;0.9;273
14584;0.8;269
14586;1.7;277
14588;3.2;276
14590;0.4;276
14592;0.6;276
14594;2.9;275
14596;-0.2;276
14598;1.6;278
14600;0.6;280
14602;4.7;279
14604;-0.3;281
14606;1.4;282
14608;1.5;284
14610;3.8;281
14612;1.5;280
14614;1.9;283
14616;4.2;282
14618;2.6;282
14620;2.8;281
14622;2.2;280
14624;4.5;278
14626;1.4;278
14628;2.3;279
14630;1.4;277
14632;4.2;279
14634;1.1;274
14636;2.2;278
14638;1.9;276
14640;4.5;275
14642;0.6;274
14644;0.9;275
14646;1.4;276
14648;2.9;276
14650;0;277
14652;0.7;278
14654;2.8;271
14656;-0.1;276
14658;1.3;277
14660;1.3;280
14662;3.9;281
14664;0.4;281
14666;1.8;282
14668;2.1;283
14670;3.8;278
14672;1;284
14674;2;281
14676;4.1;280
14678;1.4;279
14680;2.5;281
14682;1.2;279
14684;3.6;281
14686;1.4;279
14688;2.1;278
14690;1.9;281
14692;4.8;276
14694;1.3;277
14696;2.6;277
14698;1.5;278
14700;4.4;275
14702;0.9;277
14704;0.3;277
14706;1.4;274
14708;2.5;275
14710;0.3;280
14712;1;273
14714;2.5;275
14716;0.4;276
14718;1.7;285
14720;1.1;283
14722;3.9;284
14724;0;285
14726;2.2;287
14728;2.5;288
14730;4.2;283
14732;1.4;290
14734;2.4;284
14736;4;284
14738;1.6;285
14740;3;287
14742;1.4;287
14744;3.7;284
14746;1.5;286
14748;2.6;278
14750;1.8;287
14752;4.6;287
14754;2.3;284
14756;2.8;284
14758;1.5;283
14760;4.2;282
14762;0.6;286
14764;1.1;283
14766;1.9;287
14768;2.8;283
14770;1.2;286
14772;1.5;290
14774;3.5;285
14776;0.7;289
14778;1.9;292
14780;1.9;291
14782;5;272
14784;1;288
14786;2.6;289
14788;3;289
14790;4;271
14792;2.2;289
14794;2.5;288
14796;4.3;284
14798;1.6;283
14800;2.5;286
14802;2.1;285
14804;4.7;283
14806;1.8;284
14808;2.1;285
14810;2.3;282
14812;4.8;283
14814;1.3;281
14816;2.1;281
14818;1.2;280
14820;3.8;280
14822;0.5;284
14824;0.9;283
14826;1.9;286
14828;3.1;285
14830;1.9;287
14832;1.4;288
14834;4.1;285
14836;1.8;286
14838;2.5;287
14840;2.7;286
14842;4.9;280
14844;1.3;272
14846;2.7;284
14848;2.9;281
14850;4.6;268
14852;1;283
14854;2.5;281
14856;5.1;278
14858;2.6;273
14860;3.5;274
14862;2.3;274
14864;4.5;270
14866;1.6;268
14868;2;269
14870;0.1;262
14872;4.6;270
14874;0.1;262
14876;0.7;269
14878;-0.5;274
14880;3.6;273
14882;-0.3;275
14884;-0.5;273
14886;0.8;280
14888;3.2;278
14890;0.5;281
14892;1.6;281
14894;2.9;279
14896;1.6;279
14898;2;279
14900;1.9;281
14902;5.1;278
14904;0.7;278
14906;2.4;271
14908;2.2;275
14910;3.7;273
14912;1.3;271
14914;2.2;274
14916;2.8;271
14918;3.2;269
14920;1.1;272
14922;0.3;272
14924;3;274
14926;0.2;272
14928;0.8;276
14930;0;278
14932;2.9;280
14934;0.1;279
14936;1;282
14938;0.3;284
14940;4.8;279
14942;1.2;283
14944;0.5;282
14946;2.1;287
14948;4.3;286
14950;1.5;285
14952;1.6;284
14954;3.9;284
14956;1.6;283
14958;3.1;286
14960;2.9;282
14962;7;279
14964;1.4;277
14966;1.9;271
14968;1.4;279
14970;4.5;274
14972;-0.2;278
14974;0.5;277
14976;2.6;277
14978;2.5;276
14980;0.5;278
14982;0.2;278
14984;2.4;283
14986;1.3;282
14988;0.9;288
14990;0.4;286
14992;4.1;276
14994;0.6;275
14996;0.8;291
14998;1;285
15000;4.5;292
15002;1.2;295
15004;1.6;296
15006;3.4;295
15008;4.9;294
15010;1.3;295
15012;2.2;295
15014;4.5;292
15016;3.9;286
15018;3.9;285
15020;2.6;287
15022;6.2;282
15024;1.8;283
15026;2.1;281
15028;1.8;285
15030;4.2;281
15032;0.4;281
15034;1.2;285
15036;3;287
15038;2.5;285
15040;2.4;287
15042;1;287
15044;3.1;288
15046;1.6;287
15048;1.4;290
15050;0.3;293
15052;3.8;295
15054;1.8;290
15056;2.3;294
15058;2;293
15060;4.9;291
15062;1.5;292
15064;1.4;291
15066;2.5;288
15068;5.9;289
15070;3.9;285
15072;3.5;285
15074;4.8;281
15076;1.7;279
15078;2.2;280
15080;1.6;281
15082;5;280
15084;1.1;279
15086;1.3;276
15088;1.7;282
15090;3.9;280
15092;0.3;284
15094;0.9;284
15096;2.8;284
15098;2.9;280
15100;1.7;284
15102;1.1;285
15104;3.4;284
15106;2.7;279
15108;2.5;272
15110;1.6;280
15112;4.5;282
15114;1.7;281
15116;2.4;282
15118;1.8;284
15120;5.5;279
15122;1.9;278
15124;2;277
15126;3.1;279
15128;4.9;272
15130;1.2;274
15132;0.3;275
15134;2.3;276
15136;0.9;275
15138;1.4;276
15140;0.8;277
15142;3.8;277
15144;-0.4;279
15146;0.7;281
15148;1.8;283
15150;3.2;281
15152;0.1;285
15154;1.6;284
15156;3.3;282
15158;2.2;277
15160;1.9;285
15162;2.2;287
15164;4.2;283
15166;2.2;282
15168;2.5;283
15170;1.5;283
15172;4.6;281
15174;2.2;280
15176;4.3;279
15178;2.8;270
15180;4.9;270
15182;0.3;274
15184;0.2;275
15186;1.3;276
15188;2.5;273
15190;0.3;277
15192;0.6;280
15194;3;280
15196;0;279
15198;1.5;282
15200;0.4;282
15202;4.2;283
15204;-0.3;285
15206;1.5;287
15208;1.4;288
15210;3.8;285
15212;1.1;291
15214;1.3;290
15216;3.9;290
15218;2.7;288
15220;2.6;288
15222;1.7;285
15224;4.1;286
15226;2.1;287
15228;2.7;286
15230;1.6;290
15232;5;280
15234;2.4;285
15236;3.2;281
15238;1.9;279
15240;4.6;278
15242;1.4;278
15244;1.3;284
15246;1.7;283
15248;2.9;285
15250;0.6;280
15252;1.8;290
15254;3.4;286
15256;0.8;287
15258;1.6;290
15260;1.4;292
15262;3.9;291
15264;0.8;292
15266;1.8;293
15268;2.4;289
15270;4.1;292
15272;1.3;293
15274;2.3;292
15276;4.1;291
15278;1.6;288
15280;3;290
15282;1.9;292
15284;4.3;289
15286;1.9;287
15288;3.3;289
15290;2.6;286
15292;4.9;287
15294;1.9;285
15296;2.5;284
15298;2;285
15300;5.3;281
15302;1.9;281
15304;1.5;278
15306;2.6;282
15308;3.4;279
15310;1.3;282
15312;1.7;282
15314;3.2;283
15316;1;273
15318;2.7;284
15320;1.5;284
15322;4.4;281
15324;0.8;283
15326;2.6;283
15328;2.4;271
15330;3.9;281
15332;1.6;284
15334;2.5;280
15336;4;280
15338;1.6;278
15340;2.7;275
15342;1.3;277
15344;4.3;279
15346;1.6;279
15348;2.2;276
15350;1.8;278
15352;4.5;277
15354;1.9;277
15356;2.4;275
15358;0.9;274
15360;3.5;271
15362;-0.3;275
15364;0.7;278
15366;1.5;265
15368;2.1;270
15370;0.5;279
15372;0.9;279
15374;3.3;277
15376;0.5;279
15378;2.1;282
15380;2.2;280
15382;4.1;279
15384;0.5;280
15386;2.4;283
15388;2.8;281
15390;3.5;277
15392;2;280
15394;2.1;280
15396;4.3;278
15398;1.4;275
15400;2.9;277
15402;1.7;277
15404;3.8;277
15406;1.7;275
15408;1.9;274
15410;0.9;275
15412;3;275
15414;-0.2;275
15416;1;278
15418;0.2;279
15420;3;276
15422;0.2;279
15424;0.9;284
15426;1.7;284
15428;2.7;282
15430;1.4;284
15432;1.2;285
15434;3.7;288
15436;1.4;283
15438;2.6;289
15440;2.7;287
15442;4.9;287
15444;1;287
15446;2.6;285
15448;2.5;280
15450;4.1;283
15452;1;286
15454;2.2;281
15456;4.5;282
15458;2.4;280
15460;3;280
15462;1.5;280
15464;4;279
15466;1;278
15468;1.6;281
15470;0.3;283
15472;4.6;279
15474;0.3;280
15476;0.9;284
15478;1.2;289
15480;4.6;284
15482;0.7;284
15484;0.7;288
15486;1.7;275
15488;4;289
15490;0.9;288
15492;1.8;292
15494;3.3;290
15496;2.2;289
15498;2.3;290
15500;1.8;291
15502;5.5;288
15504;1.4;287
15506;3.1;288
15508;3;288
15510;4.7;277
15512;1.5;286
15514;2.4;284
15516;2.9;280
15518;3.7;282
15520;2.3;281
15522;1.5;283
15524;3.8;282
15526;1.4;280
15528;1.9;283
15530;0.3;283
15532;3.4;286
15534;0.5;284
15536;1.8;288
15538;0.9;289
15540;5;287
15542;0.9;288
15544;0.7;290
15546;1.9;291
15548;3.9;292
15550;1.2;291
15552;1.8;290
15554;4.1;287
15556;2.4;285
15558;3.8;291
15560;3.5;281
15562;3;284
15564;2.4;280
15566;3.2;279
15568;2.5;279
15570;5.5;273
15572;0.4;275
15574;0.9;275
15576;2.5;275
15578;2.7;270
15580;0.5;275
15582;-0.2;277
15584;2.7;277
15586;0.5;277
15588;1.1;278
15590;1;281
15592;4.6;281
15594;0.8;279
15596;0.9;277
15598;0.4;283
15600;4.6;282
15602;1.4;279
15604;1;282
15606;1.7;282
15608;4.7;284
15610;1.7;283
15612;2.1;284
15614;3.8;281
15616;2.3;276
15618;3.5;279
15620;2.3;278
15622;6;270
15624;0.7;272
15626;1.7;274
15628;1.4;265
15630;3.3;271
15632;-0.4;276
15634;0.6;277
15636;2.3;276
15638;1.5;272
15640;1.5;276
15642;0.2;281
15644;3;280
15646;1.5;279
15648;1.4;274
15650;0.1;285
15652;3.3;281
15654;1.1;284
15656;2.2;286
15658;1.3;274
15660;4.6;279
15662;1.7;284
15664;1.7;284
15666;2.3;284
15668;4.4;283
15670;2.2;285
15672;2.1;284
15674;3.9;280
15676;1.7;280
15678;2.8;280
15680;2.2;279
15682;4.6;282
15684;0.7;280
15686;0.8;283
15688;0.8;282
15690;3.7;283
15692;0;285
15694;1.2;286
15696;2.8;288
15698;3.2;285
15700;2.2;288
15702;1.2;292
15704;2.8;290
15706;2.2;288
15708;1.9;292
15710;1;291
15712;3.9;289
15714;1.2;291
15716;1.8;293
15718;2;292
15720;5.1;287
15722;1.9;291
15724;2.4;291
15726;2.8;289
15728;5.6;285
15730;2.2;284
15732;2;288
15734;3.6;286
15736;1.7;280
15738;2.2;286
15740;1.7;287
15742;4.6;272
15744;0.8;277
15746;1.9;289
15748;1.4;291
15750;3.4;288
15752;0.7;293
15754;1.8;292
15756;3.1;290
15758;2.3;290
15760;1.8;291
15762;1.7;291
15764;4.1;292
15766;2.7;286
15768;3.2;285
15770;2.4;284
15772;5;280
15774;2.3;284
15776;4.3;276
15778;4.1;280
15780;5.4;274
15782;1.2;272
15784;0.9;278
15786;1.9;280
15788;3.3;278
15790;1.2;280
15792;0.9;279
15794;3;278
15796;0.1;282
15798;1.4;283
15800;0.9;286
15802;4.3;284
15804;-0.5;285
15806;2.2;288
15808;2.5;288
15810;4.1;283
15812;1.8;290
15814;1.3;289
15816;3.7;288
15818;3.1;287
15820;3.8;285
15822;3.1;285
15824;5.1;283
15826;2.5;280
15828;3.4;278
15830;1.8;279
15832;5.1;268
15834;2.2;274
15836;2.8;273
15838;1.5;273
15840;4.2;269
15842;0.8;267
15844;1.1;270
15846;1;271
15848;2.6;271
15850;-0.5;273
15852;0.6;276
15854;2.3;274
15856;0;278
15858;1.4;281
15860;1.7;278
15862;4;279
15864;0.4;281
15866;1.5;274
15868;1.9;282
15870;3.2;280
15872;1;285
15874;2.3;283
15876;4;282
15878;1.3;279
15880;2.8;281
15882;1.7;282
15884;3.8;279
15886;2.3;273
15888;3;279
15890;2.3;278
15892;4.1;277
15894;0.5;275
15896;1.6;275
15898;1.1;279
15900;3.7;277
15902;0.8;279
15904;0.7;273
15906;1.4;280
15908;2.9;282
15910;0.5;283
15912;1.1;281
15914;2.5;283
15916;1.2;284
15918;1.9;287
15920;1.2;286
15922;4.2;284
15924;0.2;288
15926;2.6;287
15928;2.3;287
15930;4.4;286
15932;1.9;289
15934;2.5;287
15936;4.3;285
15938;1.6;281
15940;2.6;285
15942;1.6;285
15944;4;282
15946;1.4;283
15948;2.7;285
15950;2.6;283
15952;4.7;279
15954;1.2;282
15956;2;282
15958;0.9;284
15960;3.6;282
15962;-0.1;286
15964;1.1;286
15966;2.5;287
15968;3.1;286
15970;1.7;288
15972;1.4;289
15974;3.4;287
15976;0.9;287
15978;1.7;291
15980;1.8;292
15982;4.3;290
15984;0.8;292
15986;2.2;291
15988;2.6;289
15990;3.7;288
15992;2;291
15994;2.2;291
15996;4.7;289
15998;2.4;285
16000;3.3;287
16002;2.1;285
16004;4.4;285
16006;1.7;284
16008;2.1;284
16010;1.8;285
16012;3.7;283
16014;0.8;285
16016;1.8;285
16018;1.1;288
16020;3.6;286
16022;0.6;289
16024;0.9;290
16026;1.8;291
16028;3.6;290
16030;1.5;292
16032;1.3;290
16034;3.6;292
16036;1;289
16038;2.7;295
16040;2.8;290
16042;4.6;291
16044;1.8;292
16046;3.2;289
16048;3.3;289
16050;5.2;283
16052;2.7;284
16054;3.3;281
16056;5;279
16058;2.5;278
16060;2.7;275
16062;1.6;275
16064;3.5;274
16066;0.9;273
16068;1.1;275
16070;0.1;264
16072;4.1;272
16074;-0.4;268
16076;0.5;275
16078;1;274
16080;4.4;275
16082;0.7;278
16084;0.5;276
16086;1.3;280
16088;3.7;279
16090;0.6;282
16092;1.5;281
16094;3.3;282
16096;1.5;278
16098;2.6;283
16100;2.2;281
16102;5.3;279
16104;1.1;279
16106;2.8;277
16108;2.3;278
16110;4.4;270
16112;1.5;275
16114;1.6;274
16116;2.2;273
16118;2.9;270
16120;1.5;270
16122;0.2;275
16124;3;272
16126;0.4;272
16128;0.5;274
16130;-0.7;276
16132;2.7;275
16134;0.4;279
16136;1.4;280
16138;0.5;273
16140;4.6;270
16142;0.9;282
16144;0.4;281
16146;1.6;284
16148;3.8;285
16150;1.1;286
16152;1.4;288
16154;4;284
16156;1.9;283
16158;3.3;285
16160;3;281
16162;7.1;281
16164;1.1;274
16166;1.9;275
16168;1.3;276
16170;4.4;274
16172;-0.3;271
16174;0.1;276
16176;2;275
16178;2.2;276
16180;0.2;279
16182;0;281
16184;2.7;282
16186;0.7;282
16188;0.7;286
16190;0.6;287
16192;4.6;285
16194;1;287
16196;1.7;289
16198;0.6;293
16200;4.4;291
16202;1.1;289
16204;0.7;294
16206;2.4;279
16208;4.4;293
16210;1;285
16212;2.4;296
16214;4.8;280
16216;3.4;285
16218;4.4;288
16220;3.6;286
16222;2.8;282
16224;1.9;279
16226;2;281
16228;1.4;280
16230;3.6;275
16232;0.1;282
16234;1.3;281
16236;2.2;280
16238;1.8;285
16240;2.2;286
16242;0.6;287
16244;2.9;283
16246;2.1;287
16248;2.1;290
16250;0.8;290
16252;3.7;292
16254;1.5;292
16256;2.3;290
16258;1;278
16260;4.3;287
16262;1.6;292
16264;1.4;291
16266;2.4;291
16268;4.8;290
16270;2.4;286
16272;2.2;289
16274;4.6;283
16276;2.3;282
16278;2.9;286
16280;2;273
16282;4.5;281
16284;1.2;276
16286;0.5;285
16288;1.3;285
16290;4.1;272
16292;0;286
16294;1.2;288
16296;3.1;285
16298;3.7;284
16300;2.6;284
16302;2;285
16304;3.9;286
16306;2.6;285
16308;2;285
16310;1.6;285
16312;4.2;272
16314;1.7;281
16316;2.6;286
16318;2.1;289
16320;5.6;284
16322;2.2;277
16324;2.5;283
16326;3.7;282
16328;5.8;278
16330;2.4;276
16332;1.7;276
16334;3.2;271
16336;1;271
16338;1.6;272
16340;0.7;273
16342;3.4;266
16344;-0.9;273
16346;0.6;278
16348;0.5;281
16350;2.6;279
16352;-0.1;283
16354;2.1;281
16356;3.4;280
16358;2;280
16360;1.6;283
16362;1.4;281
16364;3.9;283
16366;2;283
16368;3;283
16370;2.2;281
16372;5;282
16374;1.9;279
16376;3.4;275
16378;2.2;271
16380;4.9;273
16382;0.7;270
16384;0.6;268
16386;1.4;275
16388;2.7;272
16390;-0.1;276
16392;0.4;275
16394;2.6;279
16396;-0.5;278
16398;1.3;283
16400;0.8;283
16402;4;281
16404;-0.4;282
16406;1.3;287
16408;2.2;289
16410;4.3;284
16412;1.5;276
16414;1.4;289
16416;3.5;289
16418;3.1;288
16420;3.3;286
16422;1.7;280
16424;4.6;286
16426;1.9;284
16428;3;287
16430;1.8;287
16432;4.7;284
16434;2;284
16436;2.6;282
16438;1.3;284
16440;4.7;279
16442;1.5;284
16444;1.7;282
16446;1.5;285
16448;3;275
16450;0.3;286
16452;1.3;287
16454;2.8;288
16456;0.9;287
16458;1.8;291
16460;1.9;287
16462;4.9;282
16464;0.7;291
16466;1.7;291
16468;1.7;292
16470;3.1;288
16472;0.9;285
16474;2.4;293
16476;4.2;280
16478;1.4;291
16480;3;290
16482;2;291
16484;4.1;289
16486;2.8;287
16488;3.5;289
16490;2.6;284
16492;4.3;281
16494;1.4;286
16496;2.7;285
16498;1.9;284
16500;4.2;283
16502;1.3;283
16504;0.9;286
16506;2;286
16508;3.5;286
16510;1;288
16512;1.4;287
16514;3.4;282
16516;2.1;286
16518;2.8;277
16520;1.8;289
16522;4.4;287
16524;0.1;288
16526;2.7;291
16528;2.2;291
16530;4.1;287
16532;1.6;291
16534;2.5;290
16536;4.6;287
16538;2.2;287
16540;3.3;285
16542;2.3;286
16544;4.7;281
16546;2.4;272
16548;3.5;282
16550;2.4;280
16552;5.3;277
16554;1.7;277
16556;2.3;277
16558;0.9;267
16560;3.4;275
16562;0;279
16564;0.9;280
16566;2.2;281
16568;3.3;272
16570;1.5;282
16572;1.6;282
16574;3.5;280
16576;0.9;278
16578;2.6;283
16580;1.4;284
16582;4.5;274
16584;1.1;283
16586;2.9;282
16588;3.2;281
16590;3.6;278
16592;1.8;282
16594;2;281
16596;4.1;278
16598;1.9;265
16600;2.7;276
16602;1.5;265
16604;3.6;277
16606;0.7;274
16608;1.4;279
16610;0.9;277
16612;3.6;277
16614;0.5;279
16616;1.6;276
16618;0.7;276
16620;3.5;276
16622;0.5;282
16624;0.9;283
16626;1.9;275
16628;3.5;283
16630;1.4;285
16632;1.5;282
16634;3.3;286
16636;0.8;277
16638;2.8;284
16640;2.9;287
16642;4.8;282
16644;1.3;285
16646;2.6;285
16648;3;286
16650;5.3;282
16652;2.4;282
16654;3.1;279
16656;4.6;274
16658;2.5;274
16660;2.4;275
16662;1;272
16664;3;274
16666;0.3;269
16668;0.9;278
16670;-0.3;278
16672;4.3;279
16674;-0.5;275
16676;0.6;282
16678;0.1;285
16680;4.5;280
16682;0.6;283
16684;0.5;287
16686;1.5;289
16688;4.2;288
16690;1.1;288
16692;1.9;288
16694;3;291
16696;2.5;288
16698;2.6;290
16700;2.5;285
16702;5.8;284
16704;2.4;283
16706;3.9;283
16708;3;281
16710;4.2;277
16712;1.3;278
16714;1.9;279
16716;2.6;279
16718;2.8;278
16720;1.2;277
16722;0.8;283
16724;3.5;276
16726;0.9;279
16728;1.6;282
16730;0;275
16732;3.4;285
16734;0.8;285
16736;1.8;283
16738;1.1;278
16740;4.9;288
16742;1.4;291
16744;0.8;289
16746;1.8;291
16748;4.2;288
16750;1.6;290
16752;1.6;292
16754;3.8;286
16756;3.4;285
16758;5;285
16760;4.2;279
16762;6.8;278
16764;1.3;274
16766;1.4;277
16768;1.3;270
16770;4.2;273
16772;-0.1;266
16774;0.5;275
16776;1.9;272
16778;2.6;263
16780;0.1;274
16782;-0.1;277
16784;2.8;277
16786;1.1;271
16788;1.1;282
16790;1.1;283
16792;4.6;281
16794;1;280
16796;1.5;283
16798;0.7;283
16800;4.8;282
16802;1.7;282
16804;0.8;284
16806;2;272
16808;4.7;282
16810;1.2;285
16812;3.3;284
16814;5.5;279
16816;3.4;271
16818;3.3;277
16820;2.2;273
16822;5.7;270
16824;0.8;270
16826;1.2;271
16828;0.7;273
16830;3.1;269
16832;-0.8;272
16834;0.5;274
16836;1.7;276
16838;1.6;273
16840;1.6;275
16842;0.2;279
16844;2.8;279
16846;1;275
16848;1.2;268
16850;0.1;281
16852;3.5;285
16854;1.7;282
16856;2.3;283
16858;1.1;286
16860;4.8;279
16862;1.5;279
16864;1.2;285
16866;2.8;283
16868;5.7;280
16870;2.5;279
16872;2;280
16874;3.3;275
16876;0.8;276
16878;2.2;276
16880;1.5;276
16882;3.9;273
16884;0.2;274
16886;0.4;277
16888;1;279
16890;3.6;278
16892;0.2;280
16894;0.9;281
16896;3.1;280
16898;2.7;280
16900;1.8;282
16902;1.4;285
16904;3.2;282
16906;1.8;282
16908;1.1;283
16910;1.2;286
16912;4;287
16914;1;287
16916;2.2;288
16918;1.8;285
16920;5.1;280
16922;1.4;277
16924;1.9;287
16926;2.8;286
16928;4.8;282
16930;1.7;283
16932;1.1;285
16934;3.2;275
16936;1.3;285
16938;1.9;289
16940;1.4;282
16942;4.1;287
16944;0.9;284
16946;1.7;289
16948;1.4;292
16950;3.4;291
16952;0.6;295
16954;2.3;290
16956;3.8;292
16958;2.3;294
16960;2.2;293
16962;1.9;296
16964;4.3;292
16966;2.2;292
16968;2.9;294
16970;2.2;293
16972;4.8;287
16974;2.2;277
16976;4;286
16978;3.2;287
16980;5.8;278
16982;1.7;283
16984;1.4;283
16986;2.2;283
16988;4;282
16990;1.6;280
16992;1.3;279
16994;3.4;279
16996;0.6;282
16998;1.6;283
17000;1;286
17002;4.5;286
17004;0.1;271
17006;2.4;285
17008;2.3;289
17010;4;287
17012;1.3;287
17014;1.2;290
17016;3.3;289
17018;2.7;288
17020;2.9;287
17022;2.4;286
17024;4.3;287
17026;2.3;284
17028;3.5;284
17030;2.1;286
17032;4.9;285
17034;2.9;282
17036;3.4;281
17038;1.9;282
17040;4.7;276
17042;1.2;279
17044;1.3;278
17046;2.1;278
17048;3.3;279
17050;0.4;279
17052;1.2;281
17054;3;277
17056;1.1;277
17058;2;281
17060;2.5;278
17062;4.7;276
17064;0.5;274
17066;1.6;276
17068;1.6;279
17070;3.2;278
17072;0.7;277
17074;2.1;279
17076;3.9;279
17078;1;273
17080;2.4;273
17082;1.6;280
17084;3.7;277
17086;1;278
17088;1.8;276
17090;1.5;279
17092;3.9;273
17094;0.6;276
17096;1.9;276
17098;1.3;268
17100;4.3;272
17102;0.8;272
17104;0.6;274
17106;1.4;276
17108;2.1;278
17110;0.1;272
17112;0.5;279
17114;2.8;276
17116;1;279
17118;2.1;283
17120;1.6;281
17122;3.8;281
17124;-0.3;281
17126;1.8;282
17128;2;282
17130;4.1;269
17132;1.7;284
17134;2.3;283
17136;4;271
17138;1.4;278
17140;2.8;280
17142;1.4;281
17144;3.7;280
17146;1.6;280
17148;1.9;281
17150;1.3;282
17152;4.3;282
17154;1.5;278
17156;2.5;278
17158;1;280
17160;3.6;279
17162;0;283
17164;0.7;285
17166;2;285
17168;2.7;285
17170;1.3;284
17172;1.7;282
17174;3.6;287
17176;0.8;284
17178;2;290
17180;1.7;290
17182;4.9;286
17184;1.2;284
17186;3.1;278
17188;3.3;286
17190;4.1;286
17192;2.3;288
17194;2.2;286
17196;4.4;280
17198;1.8;282
17200;2.8;283
17202;1.6;280
17204;4.1;279
17206;2;279
17208;2.4;282
17210;1.9;282
17212;4;276
17214;0.8;268
17216;1.9;282
17218;0.7;285
17220;3.3;283
17222;0.4;283
17224;1.4;286
17226;2;287
17228;3.4;286
17230;1.8;277
17232;1.6;290
17234;3.8;275
17236;1.3;276
17238;2.9;289
17240;3;288
17242;5.1;284
17244;1.4;286
17246;2.8;287
17248;2.9;284
17250;5.2;281
17252;2.3;283
17254;3;278
17256;4.4;277
17258;2.3;276
17260;1.9;274
17262;1.1;276
17264;3.5;275
17266;0.8;272
17268;1.2;276
17270;-0.3;277
17272;4.6;267
17274;-0.1;276
17276;0.6;276
17278;0.4;275
17280;5;281
17282;0.9;278
17284;0.9;280
17286;1.5;284
17288;4.6;283
17290;1.2;282
17292;2.2;282
17294;3.6;281
17296;2.2;280
17298;2.3;282
17300;2.2;281
17302;6;271
17304;2.5;275
17306;3.6;272
17308;2.4;268
17310;3.9;266
17312;0.9;270
17314;1.2;268
17316;2.3;266
17318;3;258
17320;1.2;263
17322;0.2;268
17324;3.1;271
17326;-0.1;270
17328;0.9;272
17330;-0.9;277
17332;2.5;274
17334;-0.2;278
17336;0.9;279
17338;0.2;279
17340;4.8;279
17342;0.8;281
17344;0.8;282
17346;1.7;283
17348;4.4;273
17350;1.3;282
17352;1.2;279
17354;3.7;283
17356;2.1;280
17358;4.4;279
17360;3.3;277
17362;6.4;273
17364;0.9;267
17366;1.3;272
17368;0.7;271
17370;3.9;268
17372;-0.2;272
17374;0;274
17376;1.7;272
17378;2.5;271
17380;0;275
17382;-0.1;280
17384;2.4;271
17386;1.1;276
17388;1.1;282
17390;0.8;275
17392;4.2;285
17394;0.4;280
17396;0.7;284
17398;0.5;288
17400;4.8;286
17402;1.3;287
17404;1;288
17406;1.6;291
17408;4.7;291
17410;1.3;288
17412;3.1;290
17414;5.8;284
17416;4.3;273
17418;3.3;276
17420;1.6;279
17422;5.3;275
17424;0.3;278
17426;1.7;279
17428;1.4;278
17430;3.7;277
17432;0.2;281
17434;1.1;284
17436;2.5;283
17438;2.5;278
17440;1.6;279
17442;0.7;287
17444;3.3;284
17446;1.4;283
17448;1.6;287
17450;0.6;290
17452;3.4;291
17454;1.3;286
17456;2.2;291
17458;1.7;290
17460;4.7;287
17462;1.6;280
17464;1.6;290
17466;3.1;282
17468;6.5;285
17470;3.3;282
17472;2.8;280
17474;3.9;281
17476;1.2;280
17478;2.3;283
17480;2;279
17482;4.5;269
17484;0.9;281
17486;1.3;283
17488;1.2;274
17490;4.4;272
17492;0.4;281
17494;0.8;284
17496;3;286
17498;2.5;285
17500;1.7;273
17502;1;283
17504;3.4;288
17506;2.8;285
17508;2.1;286
17510;1.5;287
17512;4.7;284
17514;2.2;287
17516;2.8;278
17518;2.1;287
17520;5.4;285
17522;3;282
17524;3.2;276
17526;3.8;279
17528;4.8;272
17530;0.8;276
17532;0.3;279
17534;2.3;270
17536;1.1;275
17538;1.7;280
17540;1.8;271
17542;4.5;277
17544;0.4;279
17546;1.5;280
17548;1.5;280
17550;3.6;277
17552;0.4;273
17554;1.5;277
17556;3;280
17558;1.4;278
17560;1.7;282
17562;1.3;285
17564;4.1;278
17566;2.1;279
17568;2.6;279
17570;1.6;281
17572;4.3;279
17574;1.8;280
17576;3.4;278
17578;2.6;275
17580;5.1;270
17582;0.9;272
17584;0.1;274
17586;1.2;272
17588;2.5;274
17590;0.3;275
17592;0.2;275
17594;3.2;270
17596;-0.1;274
17598;1.2;275
17600;0.7;279
17602;4.1;280
17604;-0.8;278
17606;1.8;282
17608;2.2;281
17610;3.7;279
17612;1.2;285
17614;1;284
17616;3.5;276
17618;2.7;282
17620;3;281
17622;2.1;276
17624;4.3;281
17626;1.7;281
17628;2.5;277
17630;1.4;281
17632;4.1;279
17634;1.8;281
17636;2.7;280
17638;1.7;280
17640;4.1;275
17642;0.9;279
17644;0.9;281
17646;1.8;281
17648;3.5;281
17650;0.3;281
17652;1.2;284
17654;2.8;283
17656;0.9;282
17658;1.8;287
17660;1.8;286
17662;3.9;286
17664;0.3;285
17666;1.6;288
17668;1.8;289
17670;3.5;287
17672;1;288
17674;2.7;290
17676;4.5;289
17678;1.5;284
17680;2.6;289
17682;1.9;290
17684;4.1;286
17686;1.8;287
17688;3;288
17690;2.2;288
17692;4.8;288
17694;1.6;287
17696;2.6;288
17698;1.9;279
17700;4.7;284
17702;1.8;286
17704;0.9;286
17706;2.5;287
17708;3.4;285
17710;1;286
17712;1.9;289
17714;3.3;287
17716;1.6;287
17718;2.9;289
17720;1.7;289
17722;4.3;288
17724;0.5;285
17726;2.5;289
17728;2.7;290
17730;4.4;286
17732;2;289
17734;2.8;286
17736;4.7;285
17738;1.8;283
17740;2.7;285
17742;1.8;286
17744;3.7;283
17746;1.8;278
17748;2.8;283
17750;2.1;284
17752;4.7;282
17754;2;282
17756;3.5;278
17758;1.6;282
17760;4.4;276
17762;1;275
17764;1.6;280
17766;2.2;281
17768;3.3;279
17770;1.4;274
17772;1;282
17774;3.5;281
17776;0.5;282
17778;2.1;284
17780;1.6;283
17782;4.7;282
17784;0.9;283
17786;2.8;283
17788;3.2;284
17790;3.7;278
17792;2.1;279
17794;2.4;280
17796;4.1;279
17798;1.6;276
17800;2.3;278
17802;1.4;278
17804;3.7;277
17806;1;277
17808;2.1;266
17810;1.3;274
17812;3.4;276
17814;0.2;275
17816;1.5;277
17818;0.2;276
17820;2.9;275
17822;0;279
17824;0.9;281
17826;1.5;282
17828;2.8;281
17830;1.8;283
17832;1.4;284
17834;3.8;279
17836;1.2;283
17838;2.6;284
17840;2.8;283
17842;4.8;282
17844;0.8;282
17846;2.7;281
17848;2.4;281
17850;3.9;278
17852;1.3;281
17854;2.5;278
17856;4.2;278
17858;2.2;275
17860;2.3;274
17862;0.8;277
17864;3.3;276
17866;0.9;277
17868;1.3;277
17870;0;277
17872;4.3;278
17874;-0.2;277
17876;0.3;279
17878;0.4;282
17880;4.2;280
17882;0.5;283
17884;0.4;285
17886;1.2;287
17888;3.7;286
17890;1.3;287
17892;2;290
17894;3.7;289
17896;2.1;286
17898;2.9;288
17900;2.4;287
17902;5.4;287
17904;1.8;281
17906;3.4;279
17908;3.2;283
17910;4.2;279
17912;1.5;280
17914;2.1;281
17916;3.1;280
17918;3.3;279
17920;1.5;279
17922;0.9;282
17924;3.2;279
17926;1.2;280
17928;1.6;283
17930;0.1;282
17932;3.5;285
17934;0.7;285
17936;1.5;287
17938;0.6;286
17940;4.5;288
17942;1.2;287
17944;0.9;290
17946;1.7;289
17948;4.1;292
17950;1.1;292
17952;1.5;291
17954;3.9;289
17956;2.4;288
17958;4.3;288
17960;3.4;286
17962;2.7;283
17964;1.9;278
17966;2.2;279
17968;1.8;281
17970;4.8;277
17972;0.4;280
17974;1.2;281
17976;2.7;281
17978;3;279
17980;0.9;281
17982;0.4;284
17984;2.6;282
17986;1.2;283
17988;1.2;287
17990;0.7;288
17992;4.4;289
17994;1;286
17996;1.4;289
17998;1;290
18000;4.8;288
18002;1.8;290
18004;1.6;291
18006;2.4;290
18008;5.2;287
18010;1.6;288
18012;3.1;289
18014;5.3;275
18016;4.5;280
18018;3.6;273
18020;2.2;270
18022;5.9;275
18024;1.1;274
18026;1.5;274
18028;1.2;276
18030;3.5;272
18032;-0.2;274
18034;0.6;276
18036;2.1;273
18038;1.7;275
18040;1.4;276
18042;0.4;279
18044;3.1;279
18046;0.9;275
18048;1.1;271
18050;0.5;284
18052;3.3;285
18054;1.5;272
18056;2.6;284
18058;1.5;285
18060;4.8;281
18062;1.9;284
18064;1.5;284
18066;2.6;284
18068;6.2;279
18070;3.5;277
18072;2.1;274
18074;3.2;272
18076;0.2;272
18078;1.1;275
18080;1.1;273
18082;4.1;276
18084;0.2;273
18086;0.4;275
18088;0.7;278
18090;3.3;277
18092;-0.3;280
18094;0.7;281
18096;2.9;276
18098;2.5;280
18100;1;283
18102;0.6;287
18104;3.2;286
18106;1.8;286
18108;2.5;282
18110;1.9;288
18112;4.4;285
18114;1.9;287
18116;2.4;288
18118;2.1;289
18120;5.5;285
18122;2.1;284
18124;2.8;285
18126;3.8;283
18128;5.2;278
18130;1.3;279
18132;0.4;282
18134;2.5;282
18136;0.9;280
18138;1.8;284
18140;1.4;281
18142;4.3;282
18144;0.3;285
18146;1.4;286
18148;1.6;288
18150;3.7;285
18152;0.3;288
18154;1.6;291
18156;3.2;291
18158;1.8;292
18160;1.6;292
18162;2;293
18164;4;279
18166;2;288
18168;2.8;291
18170;1.5;288
18172;4.4;289
18174;1.5;286
18176;4;287
18178;4;283
18180;6.2;280
18182;1.9;280
18184;1.1;282
18186;1.9;283
18188;3;280
18190;1.2;282
18192;0.9;286
18194;3.2;285
18196;0.2;284
18198;2.3;286
18200;1.3;288
18202;4.6;285
18204;0.2;289
18206;1.6;290
18208;1.6;292
18210;3.8;288
18212;1.5;291
18214;1.8;292
18216;4;290
18218;3.2;288
18220;3.1;289
18222;2.4;291
18224;4.7;288
18226;2.1;283
18228;3.3;277
18230;1.9;286
18232;5.1;286
18234;2.8;282
18236;3.9;281
18238;2.6;268
18240;5;276
18242;1.7;278
18244;1.2;274
18246;1.9;277
18248;2.8;275
18250;0.2;271
18252;1.2;277
18254;3.2;278
18256;0.3;279
18258;1.5;280
18260;1.4;279
18262;3.8;280
18264;0.8;279
18266;1.9;280
18268;2.2;275
18270;4.1;280
18272;1.3;274
18274;2;281
18276;4.1;280
18278;1.3;280
18280;2.1;279
18282;1.3;280
18284;3.6;278
18286;0.7;274
18288;1.4;278
18290;1.5;278
18292;4.3;277
18294;1.1;277
18296;1.7;277
18298;0.5;272
18300;4.3;277
18302;1.4;277
18304;1;275
18306;1.7;277
18308;2.7;277
18310;0.1;277
18312;0.8;278
18314;2.6;277
18316;0.8;273
18318;2.2;276
18320;1.3;281
18322;4.2;281
18324;0.5;283
18326;2.9;281
18328;2.3;281
18330;4;281
18332;1.2;284
18334;2.2;282
18336;4.3;280
18338;1.2;279
18340;3;280
18342;1.5;273
18344;4.3;278
18346;1.1;276
18348;2.2;276
18350;2;279
18352;4.9;274
18354;1.4;275
18356;1.6;275
18358;0.4;277
18360;2.9;275
18362;-0.4;278
18364;0.8;279
18366;1.3;279
18368;2.3;281
18370;1;283
18372;1.1;285
18374;3.4;283
18376;0.3;280
18378;2.3;289
18380;2.7;287
18382;4.7;281
18384;0.9;286
18386;2.5;287
18388;3;287
18390;3.6;283
18392;2.2;288
18394;2.4;287
18396;4.2;280
18398;1.5;285
18400;2.7;284
18402;1.9;285
18404;4.5;283
18406;1.9;282
18408;2.9;283
18410;2.2;282
18412;4;281
18414;1;281
18416;2.2;281
18418;1;278
18420;3.5;280
18422;0.3;286
18424;1;286
18426;1.8;288
18428;3.3;287
18430;1.8;290
18432;1.3;289
18434;3.5;281
18436;1.4;289
18438;2.8;276
18440;2.8;289
18442;5;287
18444;1.5;287
18446;3;286
18448;3.1;287
18450;4.2;273
18452;1.4;288
18454;3;284
18456;4.7;284
18458;2.8;280
18460;2.9;272
18462;2.4;270
18464;4.7;278
18466;1.6;277
18468;2.2;279
18470;1;278
18472;4.8;280
18474;-0.1;275
18476;1;280
18478;0.7;282
18480;4.1;280
18482;0.9;283
18484;1.1;284
18486;1.4;284
18488;4.4;282
18490;1.3;285
18492;1.5;281
18494;3.2;285
18496;2.2;276
18498;2.8;284
18500;2.2;281
18502;6;279
18504;1.7;278
18506;2.7;279
18508;2.8;278
18510;4.2;275
18512;1.7;275
18514;3;274
18516;3.3;269
18518;4.4;266
18520;2.2;269
18522;1.3;272
18524;3.6;270
18526;1;269
18528;1.3;270
18530;-0.3;271
18532;3.1;272
18534;-0.2;272
18536;0.7;275
18538;-0.2;273
18540;4.1;275
18542;0.3;274
18544;0.3;265
18546;1.3;278
18548;3.8;271
18550;1.2;279
18552;1.6;280
18554;4;282
18556;1.5;274
18558;3.1;278
18560;2.4;276
18562;6.3;277
18564;1.6;274
18566;1.9;274
18568;1.3;272
18570;4.8;265
18572;0.2;273
18574;0.9;272
18576;2.1;269
18578;2.6;270
18580;0;272
18582;-0.7;275
18584;2.3;267
18586;0.4;276
18588;0.7;281
18590;0.3;280
18592;4.2;281
18594;0.5;280
18596;1.5;283
18598;0.8;274
18600;4.6;284
18602;1.3;285
18604;1.6;286
18606;2.6;286
18608;4.9;288
18610;1.2;287
18612;2.1;289
18614;5;285
18616;3.7;279
18618;3.8;284
18620;2.3;274
18622;6.4;279
18624;0.9;277
18626;1.4;279
18628;1.4;277
18630;3.6;276
18632;-0.2;279
18634;0.8;281
18636;2.7;283
18638;2.1;281
18640;1.6;284
18642;0.8;286
18644;3.1;276
18646;1.4;284
18648;1.6;288
18650;0.6;291
18652;3.3;291
18654;1.8;290
18656;2.9;291
18658;1.8;292
18660;4.9;289
18662;1.5;286
18664;1.3;291
18666;2;290
18668;5.1;289
18670;3.4;288
18672;3.4;287
18674;4.3;282
18676;1.4;283
18678;2;274
18680;1.5;283
18682;4.5;283
18684;1.2;279
18686;0.8;284
18688;1.7;287
18690;4.1;284
18692;0.7;287
18694;1.2;283
18696;3.7;288
18698;3.5;287
18700;2;288
18702;1.4;290
18704;2.9;289
18706;2.6;287
18708;2.6;290
18710;1.7;290
18712;4.9;290
18714;2;284
18716;2.4;283
18718;2;291
18720;5.5;282
18722;2;288
18724;3.1;286
18726;3.5;283
18728;6.3;280
18730;2.3;279
18732;1.2;280
18734;2.7;279
18736;0.9;277
18738;1.8;283
18740;2.1;281
18742;4.8;279
18744;0.7;277
18746;2.3;282
18748;2.1;283
18750;3.9;282
18752;0.7;282
18754;2.1;282
18756;3.8;283
18758;2.5;280
18760;2.6;280
18762;2.5;284
18764;4.6;277
18766;2;278
18768;2.6;270
18770;1.8;278
18772;4.5;276
18774;1.7;275
18776;4.3;273
18778;2.9;271
18780;5.2;265
18782;0.6;264
18784;0.3;269
18786;1.1;269
18788;2.8;269
18790;0.1;268
18792;0;271
18794;2.2;274
18796;-0.7;274
18798;1.1;274
18800;0;277
18802;4;273
18804;-0.8;279
18806;0.9;280
18808;2;284
18810;3.6;277
18812;1.4;284
18814;1.6;283
18816;4.3;281
18818;2.5;282
18820;2.7;282
18822;1.9;285
18824;4.5;282
18826;1.5;277
18828;2.5;281
18830;1.4;283
18832;5;277
18834;1.9;280
18836;2.9;277
18838;1.5;279
18840;4.4;275
18842;1;270
18844;0.7;275
18846;1.3;278
18848;2.5;277
18850;0;273
18852;1.3;281
18854;3;277
18856;0.3;280
18858;1.9;284
18860;1.1;285
18862;3.5;279
18864;0.6;284
18866;2;288
18868;2.2;285
18870;4.3;280
18872;1.3;289
18874;2.4;289
18876;4.4;288
18878;1.7;288
18880;2.7;288
18882;2;287
18884;4.3;284
18886;2;278
18888;3;287
18890;2.5;280
18892;4.7;281
18894;1.6;275
18896;2.3;285
18898;1.5;285
18900;4.6;281
18902;1.6;284
18904;1.3;285
18906;2;285
18908;2.9;278
18910;1.2;287
18912;1.4;287
18914;3;284
18916;1.2;286
18918;2.5;287
18920;2;291
18922;4.4;281
18924;0.9;277
18926;2.4;290
18928;2.2;292
18930;4.3;286
18932;1.7;290
18934;2.7;289
18936;4.5;288
18938;2.2;281
18940;3.6;288
18942;1.9;290
18944;4.4;287
18946;2;284
18948;2.9;284
18950;2.5;285
18952;5.4;282
18954;2.5;282
18956;2.5;280
18958;1.5;281
18960;3.8;280
18962;0.4;285
18964;1.1;286
18966;2.3;286
18968;3;285
18970;1.7;286
18972;1.9;290
18974;4.1;281
18976;1.3;285
18978;2.9;289
18980;3.1;287
18982;4.7;285
18984;1.3;284
18986;2.8;285
18988;3.5;281
18990;3.8;281
18992;2.2;284
18994;3;280
18996;4.7;282
18998;1.9;275
19000;4.2;278
19002;2.8;279
19004;4.5;275
19006;1.7;273
19008;1.9;271
19010;1.8;274
19012;4.1;270
19014;0.4;269
19016;1.9;273
19018;0.4;274
19020;3.2;270
19022;-0.1;276
19024;0.2;275
19026;1.4;278
19028;2.7;263
19030;1.4;278
19032;1.2;280
19034;3.6;282
19036;1.3;276
19038;2.3;281
19040;2.3;276
19042;4.8;278
19044;0.9;280
19046;2.4;278
19048;2.2;280
19050;3.7;276
19052;0.9;278
19054;2.3;272
19056;4.3;273
19058;2.3;266
19060;2.4;270
19062;1.2;274
19064;3.6;271
19066;0.6;268
19068;0.9;274
19070;-0.5;276
19072;3.9;276
19074;-0.7;273
19076;0.2;279
19078;0.2;282
19080;4;277
19082;0.5;279
19084;0.2;284
19086;1.6;286
19088;3.9;271
19090;1.5;286
19092;1.9;288
19094;3.4;282
19096;1.9;286
19098;2.6;288
19100;2.4;288
19102;5.4;287
19104;1.8;283
19106;3;285
19108;2.7;281
19110;4.5;281
19112;2;281
19114;2.4;281
19116;3.2;279
19118;3.3;277
19120;1.9;280
19122;1;281
19124;3.5;281
19126;1;280
19128;1.5;283
19130;0.2;270
19132;3.6;286
19134;1;284
19136;1.9;288
19138;0.6;292
19140;4.3;285
19142;1;286
19144;0.7;293
19146;2.2;287
19148;3.9;294
19150;1.8;294
19152;2;295
19154;4.4;293
19156;2;289
19158;3.4;292
19160;3.4;290
19162;6.7;286
19164;2.1;284
19166;3.4;282
19168;2.5;282
19170;5.2;279
19172;0.5;282
19174;1.3;278
19176;3.1;282
19178;3.5;280
19180;1.4;281
19182;0.3;283
19184;3.1;283
19186;1.3;283
19188;1.8;287
19190;0.9;288
19192;4.7;288
19194;1.1;285
19196;1.2;286
19198;0.9;293
19200;4.6;290
19202;1.8;291
19204;1.4;291
19206;2.4;291
19208;5.1;290
19210;2;291
19212;2.8;289
19214;4.9;287
19216;3.1;282
19218;4.1;284
19220;3.5;281
19222;2.6;277
19224;1.6;275
19226;2.3;274
19228;1.2;277
19230;3.6;271
19232;0;268
19234;0.8;277
19236;2.3;278
19238;1.7;278
19240;1.7;267
19242;0.8;278
19244;3.6;279
19246;1.4;277
19248;1.5;280
19250;0.6;280
19252;3.8;282
19254;1.6;281
19256;2.5;282
19258;1.8;280
19260;5.2;278
19262;1.8;277
19264;1.4;281
19266;1.9;278
19268;4.2;268
19270;2;278
19272;1.8;274
19274;3.7;268
19276;1.1;266
19278;1.9;277
19280;1.3;276
19282;4.2;275
19284;0.7;275
19286;0.6;274
19288;0.9;273
19290;3.8;277
19292;0.2;280
19294;1;281
19296;2.6;280
19298;2.9;274
19300;2.2;281
19302;1;279
19304;3;281
19306;1.9;282
19308;2.1;277
19310;1;285
19312;3.9;285
19314;1.4;285
19316;1.9;285
19318;1.5;287
19320;5.2;281
19322;1.2;285
19324;1.7;285
19326;2.6;281
19328;5.3;280
19330;2.1;278
19332;1.3;282
19334;3.4;282
19336;1.3;281
19338;2.2;280
19340;1.1;283
19342;4.3;280
19344;0.5;283
19346;1.6;286
19348;1.8;288
19350;3.4;285
19352;1;288
19354;2.5;278
19356;3.6;287
19358;2.7;275
19360;1.8;289
19362;1.6;284
19364;3.6;290
19366;2.2;287
19368;3.1;290
19370;2;286
19372;4.7;282
19374;2;278
19376;4;285
19378;3;277
19380;6.1;274
19382;1.5;280
19384;1.3;282
19386;2.3;281
19388;3.5;275
19390;0.9;280
19392;1.3;282
19394;3.4;274
19396;0.2;282
19398;1.6;284
19400;1.4;286
19402;4.3;284
19404;-0.1;285
19406;1.7;289
19408;2.4;289
19410;4;286
19412;0.8;290
19414;1.3;291
19416;3.4;289
19418;2.8;290
19420;3.5;289
19422;2.5;289
19424;4.6;288
19426;2.3;283
19428;3;286
19430;1.9;287
19432;4.9;282
19434;2.4;283
19436;3.2;283
19438;2.4;283
19440;5.3;279
19442;1.9;281
19444;2.3;277
19446;2.1;281
19448;3.4;280
19450;0.8;280
19452;1.6;278
19454;3.4;281
19456;1;278
19458;2.5;279
19460;2.4;275
19462;4.5;279
19464;0.6;274
19466;1.7;279
19468;2.3;279
19470;3.2;277
19472;1.5;281
19474;2.5;278
19476;4.2;274
19478;1.4;275
19480;2.6;273
19482;1.4;276
19484;3.9;272
19486;1.6;271
19488;2.5;273
19490;1.7;270
19492;4.1;269
19494;0.9;271
19496;2.3;270
19498;0.7;269
19500;3.6;269
19502;0.9;262
19504;0.8;272
19506;1.1;272
19508;2.6;271
19510;0.1;264
19512;0.7;276
19514;2.8;275
19516;0.4;274
19518;1.7;277
19520;0.9;278
19522;3.7;275
19524;-0.4;276
19526;1.7;277
19528;1.9;272
19530;3.4;274
19532;0.9;279
19534;1.8;278
19536;3.6;274
19538;0.8;277
19540;1.9;277
19542;0.9;277
19544;3.4;276
19546;0.7;274
19548;1.3;273
19550;0.9;276
19552;3.9;278
19554;1.3;275
19556;1.7;271
19558;0.6;275
19560;2.7;276
19562;-0.5;278
19564;0.9;282
19566;2.1;278
19568;2.8;280
19570;1.6;282
19572;0.7;285
19574;3.5;281
19576;0.3;286
19578;2.1;288
19580;2.1;289
19582;4.6;287
19584;1.1;288
19586;2.9;287
19588;3.4;288
19590;3.7;285
19592;2.3;288
19594;2.4;288
19596;4.4;285
19598;2.6;282
19600;3.7;283
19602;2.3;283
19604;4.4;280
19606;2.4;279
19608;2;281
19610;1.4;280
19612;3.5;279
19614;0.6;281
19616;1.7;282
19618;0.6;283
19620;3.4;283
19622;0.3;287
19624;1.3;287
19626;2.5;288
19628;3.2;288
19630;1.9;284
19632;1.3;291
19634;3.2;289
19636;1;290
19638;2.5;294
19640;2.6;292
19642;4.9;290
19644;1.6;289
19646;2.6;288
19648;2.8;289
19650;5.5;286
19652;2.3;288
19654;3;286
19656;4.5;284
19658;2.6;282
19660;2.7;281
19662;2.1;281
19664;4;271
19666;1.2;277
19668;1.6;283
19670;0.2;282
19672;4.4;286
19674;0.4;284
19676;1.4;288
19678;0.7;290
19680;4.6;286
19682;1.1;290
19684;1;289
19686;1.7;287
19688;4;290
19690;0.9;291
19692;2;293
19694;3.5;284
19696;2;291
19698;2.6;291
19700;2.4;291
19702;5.6;289
19704;2.7;285
19706;3.8;285
19708;3;279
19710;5.3;281
19712;2.3;283
19714;2.9;278
19716;3.4;278
19718;3.8;275
19720;2.2;276
19722;1.5;277
19724;3.6;274
19726;1.4;270
19728;1.9;272
19730;0.2;276
19732;3.5;276
19734;0.5;274
19736;1;276
19738;0.3;277
19740;4.1;274
19742;0.4;278
19744;0.6;279
19746;1.5;282
19748;4;282
19750;0.9;281
19752;1.6;284
19754;4;282
19756;2.7;279
19758;3.9;275
19760;2.9;274
19762;6.7;273
19764;1.3;271
19766;2;268
19768;1.6;272
19770;4.6;268
19772;0.2;267
19774;0.7;271
19776;2.5;271
19778;2.9;269
19780;0.4;272
19782;-0.5;277
19784;2;276
19786;0.3;274
19788;0.4;280
19790;0.3;281
19792;4.3;277
19794;0.4;281
19796;1.2;283
19798;0.4;285
19800;4.3;283
19802;1.4;286
19804;1.1;287
19806;2.1;289
19808;4.5;288
19810;1.2;285
19812;2.9;286
19814;4.9;285
19816;3.6;282
19818;3.9;283
19820;2.6;277
19822;6.5;278
19824;0.6;276
19826;1.1;275
19828;1;279
19830;3.1;276
19832;-0.6;281
19834;0.7;282
19836;2.6;280
19838;1.6;282
19840;1.2;285
19842;0.4;288
19844;3.4;287
19846;1.8;287
19848;2.3;290
19850;1.1;290
19852;3.8;290
19854;1.3;290
19856;2.3;291
19858;1.3;294
19860;4.6;290
19862;1.2;293
19864;1;294
19866;2.6;294
19868;5.1;291
19870;2.7;290
19872;2.5;290
19874;4.6;286
19876;2.5;285
19878;3.4;287
19880;2.2;283
19882;4.8;284
19884;1.3;273
19886;0.9;285
19888;1.5;286
19890;4.3;283
19892;0.5;288
19894;1.1;290
19896;3.1;289
19898;3.4;287
19900;2.4;288
19902;1.8;292
19904;3.9;280
19906;2.7;285
19908;2;292
19910;1.1;289
19912;4.1;290
19914;1.6;288
19916;2;291
19918;1.6;283
19920;5.2;288
19922;1.9;289
19924;2.7;291
19926;2.9;289
19928;5.4;283
19930;2.1;286
19932;1.9;288
19934;3.8;286
19936;2.1;283
19938;2.2;286
19940;1.8;286
19942;4.6;281
19944;0.5;285
19946;1.9;288
19948;1.6;287
19950;3.8;286
19952;1;290
19954;2.7;288
19956;4.1;288
19958;3.3;288
19960;3;287
19962;2.4;287
19964;4.8;285
19966;3.1;281
19968;3.5;280
19970;2.7;281
19972;5.7;280
19974;1.9;272
19976;3;277
19978;2;276
19980;4.9;269
19982;1.6;271
19984;1.1;271
19986;1.9;273
19988;3.1;272
19990;0.9;271
19992;0.8;269
19994;2.7;272
19996;-0.7;273
19998;1.1;274
20000;0.2;275
20002;3.9;265
20004;-0.7;267
20006;1;281
20008;2.6;280
20010;3.9;278
20012;1;282
20014;1.4;284
20016;3.5;282
20018;2.5;273
20020;3.1;280
20022;1.9;282
20024;4.6;282
20026;2;281
20028;3.1;279
20030;1.4;279
20032;4.4;280
20034;1.7;276
20036;2.6;277
20038;1.8;277
20040;4.4;275
20042;0.9;275
20044;0.9;275
20046;1;274
20048;2.4;276
20050;-0.3;278
20052;0.8;275
20054;2.8;278
20056;0;281
20058;1.5;284
20060;2.2;284
20062;4.3;284
20064;0.8;274
20066;1.8;286
20068;2;288
20070;3.4;285
20072;1.2;289
20074;2.7;288
20076;4.3;286
20078;1.8;287
20080;2.8;274
20082;2.1;287
20084;4.4;285
20086;2;285
20088;2.9;285
20090;2;284
20092;4.2;285
20094;1.6;284
20096;2.8;284
20098;1.7;284
20100;4.8;281
20102;1.6;280
20104;1.5;283
20106;1.6;285
20108;3;281
20110;0.8;285
20112;1.3;287
20114;3.4;283
20116;2.3;285
20118;3;276
20120;1.9;286
20122;4.2;285
20124;0.2;289
20126;2.2;284
20128;2.7;289
20130;4.5;287
20132;1.9;290
20134;2.9;287
20136;4.8;282
20138;1.9;281
20140;3.1;282
20142;2;275
20144;4.6;278
20146;1.9;270
20148;2.7;284
20150;2.3;276
20152;5;281
20154;1.8;273
20156;1.9;279
20158;0.8;282
20160;3.6;279
20162;0.4;282
20164;1.2;283
20166;2;283
20168;3.3;283
20170;1.4;283
20172;1.7;288
20174;3.7;275
20176;0.5;280
20178;2.4;289
20180;1.9;288
20182;4.9;288
20184;1.6;288
20186;3.1;288
20188;3.5;288
20190;4.3;282
20192;2.6;287
20194;2.4;277
20196;4.7;283
20198;2.5;282
20200;3.6;278
20202;2.4;268
20204;4.6;276
20206;1.6;275
20208;2.2;276
20210;1.5;275
20212;3.6;274
20214;0.7;275
20216;1.7;274
20218;0.6;265
20220;3.1;272
20222;-0.1;278
20224;0.6;273
20226;2.4;278
20228;2.8;279
20230;1.5;280
20232;1.1;281
20234;3.3;281
20236;0.8;271
20238;2.9;278
20240;2.9;263
20242;4.7;280
20244;1.2;277
20246;2.5;277
20248;2.5;280
20250;4.5;273
20252;1.6;277
20254;2.6;274
20256;4.2;272
20258;2;271
20260;2.2;271
20262;0.9;271
20264;3.8;271
20266;0.4;270
20268;1.3;273
20270;-0.5;273
20272;4.2;273
20274;-0.4;273
20276;0.3;273
20278;0.5;282
20280;4.4;274
20282;0.6;281
20284;0.6;284
20286;1.3;284
20288;3.8;282
20290;0.8;279
20292;1.6;287
20294;3.5;274
20296;1.8;284
20298;2.8;288
20300;2.5;283
20302;5.7;285
20304;2.6;282
20306;3.8;278
20308;3.3;278
20310;4.1;275
20312;1.5;274
20314;1.5;274
20316;2.8;270
20318;2.7;273
20320;1.3;275
20322;0.5;278
20324;3;276
20326;0.1;275
20328;1;279
20330;-0.1;281
20332;3.3;272
20334;0.8;280
20336;1.1;282
20338;0.8;285
20340;4.6;283
20342;1.1;288
20344;0.9;289
20346;2.1;290
20348;4.1;288
20350;1.4;287
20352;1.7;278
20354;3.8;289
20356;2.6;289
20358;4.8;288
20360;4;281
20362;7.1;278
20364;1.5;275
20366;1.7;277
20368;2.1;277
20370;4.6;275
20372;0.1;278
20374;0.9;278
20376;2.3;281
20378;3.1;266
20380;0.7;280
20382;0.2;285
20384;2.9;286
20386;1.2;283
20388;1.5;282
20390;0.9;289
20392;4.5;288
20394;1.4;285
20396;1.5;290
20398;1;281
20400;4.5;289
20402;1.7;294
20404;1.1;293
20406;2.5;294
20408;4.6;293
20410;2.3;292
20412;4.2;292
20414;5.8;286
20416;4.2;283
20418;3.8;277
20420;2.7;281
20422;6.3;273
20424;1.1;278
20426;1.7;280
20428;1.7;277
20430;3.6;276
20432;0.3;281
20434;1.2;282
20436;3.1;281
20438;2.2;281
20440;2.3;283
20442;1.2;285
20444;3.5;279
20446;2.1;282
20448;2;284
20450;0.8;281
20452;3.9;287
20454;1.8;285
20456;2.5;286
20458;1.9;273
20460;5.3;281
20462;2;282
20464;1.8;285
20466;2.9;281
20468;6;279
20470;3.1;277
20472;2;275
20474;3.3;272
20476;1.2;273
20478;2.1;275
20480;1.6;270
20482;4;272
20484;0.3;272
20486;0.4;271
20488;0.8;276
20490;3.5;278
20492;-0.3;280
20494;0.7;279
20496;2.7;279
20498;2.7;279
20500;1.3;280
20502;1;284
20504;3.6;281
20506;2.4;281
20508;2;270
20510;1.6;282
20512;4.4;282
20514;1.7;281
20516;2.3;282
20518;1.9;282
20520;5.2;270
20522;2.4;279
20524;2.3;272
20526;3.1;277
20528;4.6;275
20530;0.6;276
20532;0.5;277
20534;2.7;275
20536;0.8;277
20538;1.5;280
20540;1.5;279
20542;3.9;271
20544;0.2;276
20546;1.2;276
20548;1.5;276
20550;4;275
20552;0.8;274
20554;1.9;285
20556;3.2;278
20558;2.6;284
20560;2.1;284
20562;1.8;285
20564;3.7;284
20566;2;284
20568;2.6;284
20570;1.5;283
20572;4.7;283
20574;1.4;281
20576;2.4;283
20578;2;284
20580;5.9;273
20582;1.8;277
20584;1.6;279
20586;2;280
20588;3.4;277
20590;1.1;282
20592;0.9;283
20594;3.4;281
20596;0.4;282
20598;1.9;283
20600;1.4;287
20602;4.7;285
20604;0.1;288
20606;1.5;289
20608;2.4;290
20610;4.8;288
20612;1.6;291
20614;1.7;286
20616;3.9;290
20618;2.8;289
20620;3.3;288
20622;2.5;289
20624;4.7;286
20626;2.2;287
20628;3;289
20630;2;285
20632;5.1;288
20634;1.8;285
20636;2.9;285
20638;1.8;285
20640;5.2;282
20642;2.1;278
20644;2;271
20646;2.4;275
20648;3.8;271
20650;1;283
20652;1.4;284
20654;3.2;283
20656;1;283
20658;2.2;279
20660;2.1;286
20662;4.3;284
20664;0.7;282
20666;2.1;286
20668;1.9;283
20670;3.5;286
20672;1.4;291
20674;2.7;288
20676;4.7;280
20678;2.3;284
20680;3.7;285
20682;2.3;282
20684;4.7;282
20686;2.7;281
20688;3.2;270
20690;2.5;278
20692;5;275
20694;1.6;278
20696;2.3;279
20698;2;275
20700;4.2;276
20702;1.3;277
20704;1;279
20706;2.1;278
20708;3.4;275
20710;1;277
20712;1.6;275
20714;3.4;279
20716;1.7;275
20718;2.6;278
20720;1.7;278
20722;4.3;276
20724;-0.3;271
20726;2.4;279
20728;2.5;279
20730;3.9;274
20732;1.4;281
20734;2;279
20736;4.2;276
20738;1.1;275
20740;2.3;275
20742;1.1;270
20744;3.3;276
20746;1.3;264
20748;1.8;276
20750;1.3;276
20752;4.4;273
20754;1.1;273
20756;1.7;273
20758;0.2;271
20760;3.3;272
20762;-0.4;276
20764;0.6;269
20766;1.7;274
20768;2.7;277
20770;1.4;280
20772;1.2;282
20774;3.4;278
20776;0.7;281
20778;1.9;284
20780;1.3;285
20782;4.7;280
20784;0.9;282
20786;2.6;283
20788;2.4;280
20790;3.9;281
20792;2.5;283
20794;2.6;271
20796;4;281
20798;1.7;267
20800;3;280
20802;1.9;279
20804;4.1;279
20806;1.5;278
20808;1.9;278
20810;1.3;281
20812;4.1;270
20814;0.8;280
20816;2;281
20818;1.2;284
20820;3.7;279
20822;0.5;281
20824;1.1;287
20826;2.4;284
20828;3.5;274
20830;2.1;288
20832;1.5;287
20834;3.7;289
20836;1.4;278
20838;3;285
20840;3.2;288
20842;5.1;286
20844;1.6;285
20846;3.1;286
20848;3;281
20850;4.7;281
20852;2.3;284
20854;3.2;280
20856;4.6;274
20858;2.5;278
20860;2.8;277
20862;1.4;278
20864;3.4;276
20866;0.8;268
20868;1.2;277
20870;0.4;271
20872;4.5;279
20874;0;278
20876;1;282
20878;0.4;286
20880;4.8;276
20882;1.2;287
20884;1;283
20886;1.6;289
20888;4.5;286
20890;1.3;286
20892;1.8;288
20894;3.9;284
20896;2.6;287
20898;3.3;283
20900;2.8;286
20902;6.1;282
20904;3.6;282
20906;3.8;280
20908;3.2;275
20910;4.2;274
20912;1.8;276
20914;2.1;275
20916;3.2;275
20918;3.7;274
20920;1.3;272
20922;0.6;275
20924;3.1;273
20926;0.7;272
20928;1.1;266
20930;-0.1;269
20932;3.3;268
20934;0.9;268
20936;1.1;274
20938;1.1;273
20940;4.4;276
20942;0.7;277
20944;0.6;279
20946;2.1;269
20948;4.1;277
20950;1.2;276
20952;1.6;280
20954;3.6;277
20956;2.4;274
20958;4.6;274
20960;3.6;271
20962;7;266
20964;0.3;265
20966;0.9;266
20968;0.9;267
20970;4.1;264
20972;-0.8;263
20974;0.3;268
20976;2.3;266
20978;2.8;263
20980;0.4;268
20982;-0.3;271
20984;2.2;271
20986;0.6;271
20988;0.1;275
20990;0;276
20992;4.2;277
20994;0.6;275
20996;1;277
20998;0.3;282
21000;4.4;278
21002;1.3;279
21004;0.8;279
21006;1.5;282
21008;4.4;282
21010;1.4;282
21012;3.5;282
21014;5.5;277
21016;3.6;275
21018;2.6;273
21020;1.1;274
21022;5;273
21024;0.3;269
21026;1.2;273
21028;0.4;277
21030;3.1;273
21032;-0.3;279
21034;0.7;278
21036;2.7;275
21038;1.9;276
21040;1.7;280
21042;1.2;284
21044;3.4;282
21046;1.6;276
21048;1.6;280
21050;0.9;283
21052;3.8;288
21054;1.6;286
21056;2.4;287
21058;1.9;289
21060;5.1;285
21062;1.6;282
21064;1.5;288
21066;2.7;288
21068;5.9;285
21070;3.4;281
21072;2.6;271
21074;4.1;277
21076;0.7;276
21078;1.5;282
21080;1.5;282
21082;4.5;279
21084;1.1;283
21086;1.1;280
21088;1.6;281
21090;4.4;283
21092;0.5;276
21094;1.3;286
21096;3.6;286
21098;2.9;282
21100;1.9;286
21102;1.6;277
21104;3.4;283
21106;3;283
21108;2.2;283
21110;1.6;289
21112;4.6;284
21114;2.2;286
21116;2.8;288
21118;1.8;290
21120;5.4;286
21122;3.3;286
21124;3.6;274
21126;3.9;281
21128;5.3;275
21130;1.3;274
21132;1;283
21134;3;280
21136;1.6;276
21138;2;278
21140;1.3;275
21142;4.5;279
21144;0.7;284
21146;1.3;285
21148;1.6;286
21150;3.7;282
21152;0.9;289
21154;2.2;287
21156;3.6;288
21158;2.7;288
21160;2.4;284
21162;2.2;285
21164;4.4;286
21166;3;286
21168;3.3;268
21170;2.5;285
21172;5;278
21174;3.3;284
21176;5;279
21178;3.8;273
21180;6.2;270
21182;1.6;272
21184;1.3;273
21186;1.4;269
21188;3.4;271
21190;0.4;269
21192;0.8;271
21194;3.3;268
21196;0.3;269
21198;1.8;273
21200;0.4;275
21202;4.3;271
21204;-0.8;277
21206;1.4;275
21208;2.1;280
21210;3.5;273
21212;0.6;275
21214;1.3;278
21216;3.6;280
21218;2.2;279
21220;2.5;278
21222;2;280
21224;3.9;277
21226;1.3;273
21228;2.1;278
21230;1.2;278
21232;4.4;276
21234;1.8;273
21236;2.5;272
21238;1.5;274
21240;4.3;271
21242;0.6;275
21244;0.5;274
21246;1.7;275
21248;3.1;272
21250;0.1;275
21252;0.8;275
21254;2.9;274
21256;-0.1;276
21258;1.4;280
21260;1.5;280
21262;3.9;278
21264;0.1;279
21266;1.6;278
21268;2.1;283
21270;3.4;280
21272;1.4;284
21274;2.1;281
21276;4.5;282
21278;1.6;281
21280;2.8;281
21282;1.7;282
21284;4.3;281
21286;1.7;279
21288;2.7;276
21290;1.9;278
21292;4.4;279
21294;1.2;279
21296;1.8;279
21298;1.3;282
21300;4.5;273
21302;1.6;280
21304;1.4;281
21306;2.1;275
21308;3.2;280
21310;1.1;281
21312;1.8;282
21314;3.5;282
21316;0.8;279
21318;1.8;284
21320;1.3;284
21322;4.4;283
21324;-0.1;287
21326;2.6;288
21328;2.7;290
21330;4.7;285
21332;1.7;289
21334;2.5;288
21336;4.4;286
21338;2;286
21340;3.1;280
21342;1.5;286
21344;3.6;283
21346;1.6;283
21348;2.3;285
21350;1.8;285
21352;4.8;283
21354;2.1;283
21356;2.6;279
21358;1.5;284
21360;4.2;280
21362;0.8;284
21364;1.1;285
21366;2.3;284
21368;3;284
21370;1.5;287
21372;1.5;288
21374;4.1;287
21376;0.8;288
21378;2.5;280
21380;2.4;282
21382;5.2;282
21384;1.4;288
21386;3.2;287
21388;3.4;288
21390;3.9;281
21392;2.7;288
21394;2.9;287
21396;4.4;285
21398;2.2;283
21400;3.4;281
21402;2.3;282
21404;4.9;278
21406;1.9;278
21408;2;280
21410;1.6;278
21412;4.3;277
21414;1;277
21416;1.8;277
21418;1;279
21420;3.7;277
21422;0.6;279
21424;1.1;279
21426;2.2;279
21428;3;278
21430;1.5;280
21432;1.5;283
21434;3.3;279
21436;1.2;281
21438;3;282
21440;3;279
21442;5;278
21444;0.9;276
21446;2.4;274
21448;2.3;279
21450;3.8;274
21452;0.8;278
21454;1.8;277
21456;4.2;273
21458;2.7;269
21460;3.2;271
21462;1.5;274
21464;4;271
21466;1.4;269
21468;1.7;271
21470;-0.2;272
21472;3.9;273
21474;-0.3;272
21476;0.1;275
21478;0.3;278
21480;4.4;274
21482;0.2;278
21484;0.1;279
21486;1.5;278
21488;3.9;280
21490;0.8;281
21492;1.6;282
21494;3.8;282
21496;2.2;281
21498;2.5;280
21500;1.9;281
21502;5.2;280
21504;1;279
21506;2.6;277
21508;2.3;278
21510;3.7;273
21512;1;276
21514;1.6;276
21516;2.7;274
21518;3.2;274
21520;1.2;275
21522;0.3;277
21524;3.2;277
21526;0.8;276
21528;1;279
21530;0.2;279
21532;3.3;281
21534;0.7;279
21536;1.4;282
21538;0.5;283
21540;4.7;281
21542;0.8;284
21544;0.8;285
21546;2;287
21548;4.5;289
21550;2;289
21552;2.1;290
21554;4;287
21556;2.5;283
21558;4.2;287
21560;3.4;281
21562;2.2;281
21564;1;274
21566;1.8;275
21568;1.4;280
21570;4.4;276
21572;0.1;277
21574;1.1;278
21576;2.7;279
21578;3;279
21580;0.8;279
21582;0.9;283
21584;2.8;276
21586;1.5;283
21588;1.6;286
21590;1.1;285
21592;4.5;287
21594;1.1;287
21596;1.2;290
21598;0.6;292
21600;4.4;290
