Temps [s];Marche [s/j];Amplitude [°]
2;18.5;261
4;20.1;262
6;19.2;259
8;20.4;264
10;20.9;261
12;20.5;260
14;21.2;259
16;20.7;257
18;21.7;259
20;20.7;256
22;18.9;256
24;20.4;257
26;19.1;254
28;20.2;256
30;21.4;254
32;22.5;252
34;20.6;252
36;20.3;249
38;20;251
40;19.2;250
42;18.2;252
44;20.5;254
46;16.8;251
48;17.5;257
50;17.8;254
52;18;257
54;19.1;260
56;19.5;259
58;21;261
60;19.8;259
62;19.3;260
64;20.7;259
66;19.1;257
68;19.8;261
70;19.8;257
72;19.8;258
74;19;259
76;21;256
78;23.3;254
80;22;249
82;20.4;247
84;20.7;249
86;19.5;246
88;19.9;249
90;19.2;247
92;18.5;248
94;17.7;250
96;17.8;249
98;19.6;253
100;17.1;253
102;18.2;253
104;20.7;254
106;18.8;252
108;18.9;256
110;19.5;252
112;18.9;254
114;19.2;255
116;18.4;254
118;18.6;257
120;18;256
122;18.5;257
124;23.4;255
126;21.3;248
128;21.6;252
130;21.6;247
132;20.6;248
134;19.9;248
136;19.9;247
138;20.2;249
140;18.3;246
142;18.7;247
144;20.5;249
146;18.4;247
148;19.8;250
150;19.8;247
152;20;248
154;19.7;248
156;19.4;246
158;20;249
160;17;248
162;18.6;249
164;20;250
166;18.7;249
168;19.6;252
170;22.6;246
172;20.8;246
174;19.8;247
176;19.5;245
178;20;247
180;19.1;247
182;18.2;248
184;19.2;249
186;17.3;244
188;18.5;252
190;19.2;250
192;18.5;251
194;17.8;255
196;20.6;252
198;21.6;251
200;19.5;249
202;18.4;249
204;19.8;251
206;18.3;249
208;19.4;254
210;19;252
212;19.4;253
214;17.6;255
216;19.4;253
218;22.1;253
220;20;248
222;19;248
224;20.8;250
226;19.2;249
228;17.8;252
230;19.5;245
232;17.6;252
234;18;257
236;17.6;253
238;18.3;259
240;17;259
242;18.7;259
244;20.4;259
246;18.4;256
248;19.8;261
250;19.7;256
252;19.4;257
254;17.8;260
256;19.5;258
258;21;258
260;19.9;257
262;20.4;255
264;22.2;254
266;21;249
268;19.7;252
270;20.1;250
272;19.4;249
274;19.5;253
276;17.7;251
278;19.3;253
280;18.2;253
282;17.6;255
284;18.5;256
286;18.9;257
288;18.9;260
290;18.9;260
292;18.8;262
294;20.1;264
296;19.6;264
298;20.2;267
300;19.5;266
302;19.3;267
304;22.4;266
306;20.2;265
308;22.4;264
310;22;262
312;21.5;259
314;21.5;260
316;21.1;256
318;21.4;258
320;19.2;255
322;19.2;256
324;20.6;256
326;18.9;255
328;18.6;257
330;19.2;257
332;19.8;257
334;19.6;259
336;19.7;256
338;20.7;259
340;19;257
342;19.9;258
344;20.7;259
346;19.8;257
348;19.6;260
350;20.5;258
352;20.8;258
354;21.8;259
356;21.1;253
358;22.1;255
360;20.4;251
362;19.3;253
364;21.5;254
366;20.1;251
368;19.4;255
370;19.9;252
372;19.4;253
374;18.6;256
376;19.6;254
378;20.5;256
380;20.7;252
382;20.3;252
384;21.6;254
386;20.1;251
388;20.1;253
390;19.8;251
392;19.3;252
394;17.6;254
396;18.7;253
398;20.4;256
400;19.2;253
402;21.4;253
404;22.8;251
406;21.2;248
408;19.2;252
410;20;251
412;19.8;253
414;19.9;253
416;17.9;253
418;19.1;258
420;17.9;257
422;17.7;260
424;20.4;261
426;19.6;259
428;20.5;261
430;20.8;258
432;20.3;259
434;18.9;260
436;19.6;258
438;20.8;260
440;19.7;256
442;19.4;258
444;20;259
446;21.3;255
448;21.8;257
450;21.4;253
452;21;253
454;19.4;255
456;19.2;253
458;19.8;254
460;17.5;254
462;17.9;257
464;19.9;257
466;19.5;257
468;17.6;263
470;19.1;262
472;21.3;262
474;20.9;263
476;20.1;262
478;21.1;263
480;19.7;262
482;19.5;262
484;20.9;263
486;20.4;261
488;20.3;265
490;21.5;262
492;23.2;261
494;21.7;260
496;21.2;255
498;21.8;257
500;20.2;252
502;19.7;253
504;20.7;253
506;19.2;252
508;20.4;256
510;18.9;255
512;19.4;254
514;18.7;259
516;18.3;255
518;20.1;259
520;19.7;257
522;19.7;258
524;20.8;258
526;19.9;255
528;18;261
530;19.7;258
532;19.4;260
534;19.9;261
536;19.8;261
538;22.5;261
540;20.9;256
542;20.1;256
544;21.3;255
546;19.9;253
548;20;257
550;20.1;251
552;19.9;254
554;18;256
556;19;253
558;19.7;257
560;18.7;254
562;18.6;257
564;20.3;257
566;20.4;253
568;20.3;256
570;20.2;253
572;20;254
574;19.1;256
576;18.6;254
578;20;257
580;17.3;253
582;18.8;258
584;21.9;257
586;22.6;251
588;20.7;254
590;20.5;249
592;20.5;250
594;20.2;252
596;19.1;251
598;19.6;254
600;19.1;252
602;17.8;256
604;19.3;256
606;18.5;253
608;19.2;260
610;21.4;256
612;19.9;258
614;20;259
616;20.1;256
618;20.9;256
620;19.3;254
622;18.8;255
624;20.2;257
626;19.2;253
628;19.4;256
630;21.6;253
632;22.6;251
634;19.2;251
636;20.2;249
638;20.7;251
640;19.1;250
642;19.1;252
644;19.8;254
646;19;254
648;17.1;256
650;19.5;255
652;18.3;259
654;19.8;260
656;19.2;260
658;19.9;261
660;19.3;260
662;19.7;260
664;20.5;261
666;19.3;259
668;19.4;263
670;20.3;260
672;19.6;260
674;18.8;261
676;22.2;257
678;23.7;255
680;21.8;251
682;20.9;252
684;21.1;251
686;19.5;249
688;18;252
690;19.8;251
692;19;252
694;19;253
696;18.1;253
698;18.5;257
700;17.2;256
702;18.4;259
704;20.5;260
706;19.7;257
708;18.9;260
710;21;257
712;19.6;259
714;20.3;261
716;19.8;258
718;19.9;262
720;18.9;259
722;20.3;259
724;22.8;258
726;21.2;254
728;20.7;256
730;21.6;250
732;20.6;251
734;19;253
736;20.1;250
738;21.3;252
740;18.7;250
742;19.2;251
744;19.8;253
746;18.9;251
748;19.5;255
750;20.6;252
752;20;253
754;18.7;254
756;20;253
758;19.1;254
760;17.7;254
762;18.4;256
764;20.6;255
766;18.5;255
768;20.2;259
770;23.2;254
772;22.7;251
774;21.5;253
776;20.2;250
778;20.9;251
780;18.7;248
782;18.3;251
784;20.6;251
786;18.7;250
788;18.2;253
790;20.4;250
792;19.9;252
794;18.8;255
796;20.6;251
798;21.8;253
800;21;249
802;19.7;251
804;20.3;251
806;19;248
808;18.5;253
810;20.3;250
812;19.4;253
814;19.5;255
816;21;251
818;23;252
820;19.9;248
822;19.8;250
824;21;249
826;19.2;248
828;18.7;253
830;19.7;251
832;18.5;253
834;18.6;256
836;18.8;256
838;18.7;257
840;18.6;257
842;19.3;259
844;21.2;259
846;19.1;257
848;20.3;258
850;20.7;257
852;19.9;256
854;18.5;259
856;19.9;255
858;20.2;258
860;20.9;256
862;21.2;252
864;22.7;250
866;21;248
868;20.9;251
870;20;249
872;20.2;249
874;19.1;251
876;18.3;251
878;19.8;253
880;16.8;254
882;18.5;257
884;19.3;257
886;19.3;257
888;18.6;261
890;20.7;257
892;19.8;259
894;20.2;260
896;19.7;257
898;19.9;262
900;19.8;258
902;19;262
904;21.2;262
906;19.7;259
908;21.6;260
910;22.7;256
912;21.4;254
914;19.5;252
916;20.4;251
918;21.4;252
920;19.3;251
922;18.7;252
924;20.5;253
926;18.6;252
928;17.9;255
930;19.2;255
932;19.6;257
934;19.6;259
936;19.5;256
938;20;258
940;18.9;257
942;19.7;259
944;20.3;259
946;19.3;259
948;18.6;262
950;21.2;260
952;20;260
954;21.8;259
956;20.8;256
958;21.7;257
960;19.9;254
962;18.8;256
964;20;255
966;19.6;252
968;19.2;256
970;19.7;253
972;19.2;255
974;19;257
976;19.7;254
978;20.2;257
980;19.4;255
982;19.6;255
984;21;255
986;19.8;252
988;19.1;255
990;19.3;253
992;19.6;254
994;19;255
996;19.4;252
998;19.9;256
1000;18.5;255
1002;20.7;255
1004;23.5;253
1006;20.8;250
1008;19.2;253
1010;20.4;251
1012;19.5;252
1014;19.8;255
1016;17.9;253
1018;19;256
1020;18.6;256
1022;18.1;259
1024;20.7;259
1026;19.7;256
1028;20;260
1030;21.1;256
1032;20.1;257
1034;19.7;258
1036;19.9;257
1038;20.7;258
1040;20.2;254
1042;19.8;256
1044;21.1;256
1046;21.6;252
1048;21.8;253
1050;21.7;251
1052;21.1;249
1054;19.5;250
1056;19.1;248
1058;20.3;252
1060;17;251
1062;18.4;253
1064;18.6;255
1066;18.6;254
1068;17.8;259
1070;19.2;259
1072;19.9;259
1074;19.9;261
1076;19.7;259
1078;20.8;261
1080;19.2;259
1082;18.9;261
1084;20.6;262
1086;20;260
1088;20;263
1090;21.1;260
1092;20.6;259
1094;21.6;260
1096;22.3;254
1098;22.1;256
1100;20.9;252
1102;19.7;252
1104;19.9;254
1106;19.8;250
1108;18.8;255
1110;18.9;253
1112;19.4;256
1114;17.5;256
1116;18.5;256
1118;20.9;258
1120;19.2;256
1122;20.1;258
1124;20.8;258
1126;20.1;256
1128;18.1;260
1130;19.9;258
1132;19.6;258
1134;19.9;261
1136;19.3;260
1138;22;260
1140;21.1;256
1142;20.1;256
1144;20.6;254
1146;20.3;252
1148;20;254
1150;20.5;252
1152;19.2;254
1154;18.3;255
1156;18.8;254
1158;19.3;256
1160;19.3;255
1162;19;257
1164;20.9;257
1166;20;255
1168;19.9;256
1170;19.7;254
1172;19.6;255
1174;18.8;256
1176;18.9;255
1178;20.2;257
1180;19.2;256
1182;19.5;257
1184;21.6;258
1186;22.5;252
1188;20.9;253
1190;21.6;249
1192;20.7;249
1194;20.5;252
1196;19.2;250
1198;20.8;254
1200;18.5;251
1202;18.1;254
1204;19.4;254
1206;18.7;253
1208;19;257
1210;20.4;254
1212;19.8;255
1214;19.7;257
1216;20.3;252
1218;21.1;254
1220;19.9;251
1222;19.3;253
1224;20.5;253
1226;19.7;252
1228;19.1;254
1230;22.1;250
1232;22.8;250
1234;21.2;249
1236;20;246
1238;20.9;249
1240;19.6;248
1242;19.2;250
1244;19.9;251
1246;19.1;250
1248;17.7;255
1250;19.6;253
1252;17.9;256
1254;18.8;258
1256;19.2;258
1258;20.5;260
1260;19.6;258
1262;19.5;259
1264;20.2;261
1266;19.5;256
1268;19.7;262
1270;20.8;257
1272;19.2;258
1274;19.3;260
1276;21.7;257
1278;23.4;256
1280;22.1;251
1282;20.6;249
1284;21.4;249
1286;19.6;248
1288;18.8;252
1290;20.2;249
1292;19.2;251
1294;18.9;254
1296;18.1;253
1298;18.6;256
1300;17.4;258
1302;18.4;259
1304;20.6;260
1306;19.6;257
1308;19;262
1310;21;259
1312;19.3;259
1314;20;261
1316;19.2;260
1318;20.2;262
1320;19;261
1322;20.2;260
1324;24.1;259
1326;21.4;253
1328;21.3;255
1330;22;252
1332;20.4;252
1334;18.8;253
1336;20.5;249
1338;20.4;252
1340;19.1;251
1342;18.9;251
1344;20.2;252
1346;18.5;251
1348;19.6;255
1350;21;252
1352;20.2;251
1354;19.6;254
1356;19.8;251
1358;20.1;254
1360;17.9;253
1362;18.5;255
1364;19.3;257
1366;18.9;256
1368;20.3;258
1370;23;253
1372;21.8;252
1374;21.4;252
1376;20;250
1378;20.6;252
1380;18.8;250
1382;18.8;252
1384;20.5;253
1386;18.5;252
1388;18.8;255
1390;19.8;253
1392;19.1;254
1394;17.7;258
1396;20.4;255
1398;20.9;257
1400;21;253
1402;20.1;253
1404;21.6;253
1406;19.3;250
1408;19.4;255
1410;20.3;253
1412;19.7;254
1414;18.6;254
1416;20.5;251
1418;23.4;252
1420;20.7;250
1422;20.6;250
1424;21.8;250
1426;19.6;248
1428;18.5;251
1430;19.9;251
1432;18.7;251
1434;18.6;255
1436;18.1;254
1438;19.4;257
1440;18.2;256
1442;19.3;257
1444;21.7;258
1446;19.4;256
1448;20.1;258
1450;20.3;255
1452;19.2;255
1454;18.8;258
1456;19.9;256
1458;21;257
1460;20.9;253
1462;22.4;250
1464;22.8;250
1466;20.8;246
1468;20.5;250
1470;20.4;248
1472;19.5;248
1474;18.4;251
1476;18.5;249
1478;19.8;254
1480;17.4;254
1482;17.7;257
1484;19.1;258
1486;18.7;257
1488;18.5;260
1490;19.8;259
1492;19.8;260
1494;19.5;261
1496;19.6;261
1498;20.2;262
1500;19.3;261
1502;19.1;263
1504;21;264
1506;20.1;260
1508;22.2;261
1510;21.7;255
1512;21.1;254
1514;19.4;256
1516;20.4;252
1518;21.2;254
1520;19.9;252
1522;18.9;253
1524;19.4;254
1526;18.3;253
1528;18.7;257
1530;19.2;257
1532;18.7;258
1534;19.2;260
1536;19.6;258
1538;20.5;260
1540;18.7;259
1542;19.5;260
1544;20.8;262
1546;19.5;259
1548;18.6;262
1550;20.3;262
1552;20.1;262
1554;21.5;261
1556;21.8;258
1558;22.1;258
1560;20.3;255
1562;18.7;256
1564;20.6;257
1566;18.8;255
1568;19.2;258
1570;20.4;256
1572;19.2;258
1574;18;259
1576;19.3;257
1578;20.2;260
1580;20.5;256
1582;20.1;256
1584;21.2;257
1586;19.8;255
1588;19.2;258
1590;19.7;257
1592;19.5;258
1594;19.1;259
1596;19.1;258
1598;20.3;261
1600;21.2;257
1602;20.9;257
1604;22.1;255
1606;20.5;252
1608;18.6;255
1610;20.2;255
1612;19.1;255
1614;18.8;257
1616;18.5;258
1618;19.7;260
1620;18.3;259
1622;18;262
1624;19.5;262
1626;20.2;259
1628;21;261
1630;21.4;258
1632;19.9;258
1634;20;259
1636;19.8;257
1638;21.1;259
1640;20.5;256
1642;19.4;256
1644;19.9;257
1646;20.6;254
1648;22.1;255
1650;21.1;251
1652;21.2;250
1654;19.3;252
1656;19.2;251
1658;19.7;253
1660;17.6;253
1662;18.1;255
1664;18.7;256
1666;18.7;256
1668;18.2;259
1670;19.5;259
1672;19.7;259
1674;20.5;261
1676;19.4;260
1678;20.5;261
1680;19;259
1682;18.5;262
1684;19.8;263
1686;19.7;260
1688;20.5;263
1690;20.7;262
1692;22.2;260
1694;22.4;259
1696;21.4;255
1698;22;256
1700;20.9;251
1702;19.4;252
1704;19.8;254
1706;19.4;251
1708;19;255
1710;18.6;255
1712;18.7;256
1714;18.1;259
1716;18;259
1718;20.7;261
1720;18.9;259
1722;19.4;261
1724;20.3;262
1726;19.9;259
1728;18.7;263
1730;20;262
1732;19.9;263
1734;19.9;264
1736;19.6;263
1738;21.9;264
1740;22.2;258
1742;20.8;259
1744;21.8;258
1746;20.2;255
1748;19.8;258
1750;19.9;255
1752;19.6;256
1754;18.3;258
1756;19.5;256
1758;19.2;259
1760;19.1;257
1762;19;258
1764;19.4;258
1766;20;257
1768;20.3;259
1770;20.8;256
1772;19.9;256
1774;18.7;258
1776;19;257
1778;20.5;260
1780;18.6;258
1782;19.2;260
1784;22;260
1786;22.5;255
1788;20.1;256
1790;20.7;254
1792;20.6;254
1794;19.9;255
1796;18.8;254
1798;19.9;256
1800;18.1;255
1802;18.5;258
1804;18.7;259
1806;19.2;257
1808;19.5;260
1810;20.8;256
1812;20.6;256
1814;19.7;258
1816;20.8;254
1818;21.1;255
1820;20.2;253
1822;19.3;254
1824;19.2;255
1826;19.7;251
1828;19.7;255
1830;21.4;252
1832;23;249
1834;21;250
1836;20.3;248
1838;21;250
1840;19.1;248
1842;18.7;250
1844;19.1;251
1846;19.1;250
1848;17.4;255
1850;19.4;254
1852;18.1;257
1854;18.6;258
1856;18.6;259
1858;19.8;260
1860;19.7;258
1862;19.1;259
1864;20.7;260
1866;20.1;257
1868;19.8;261
1870;20.5;258
1872;19.9;258
1874;19.1;259
1876;21.5;256
1878;23.7;256
1880;21.9;251
1882;21.2;250
1884;21.4;250
1886;19.6;248
1888;19.2;251
1890;20.1;249
1892;19.2;250
1894;17.6;254
1896;18.4;253
1898;18.9;257
1900;17.3;257
1902;18.1;260
1904;21.3;260
1906;19.3;258
1908;19.7;261
1910;20.7;259
1912;19.4;260
1914;19.9;262
1916;19.8;261
1918;19.8;262
1920;19.4;261
1922;20.1;262
1924;23.7;261
1926;21.6;256
1928;20.3;257
1930;21.2;253
1932;20.1;253
1934;18.8;255
1936;20.6;253
1938;21.3;254
1940;19.4;253
1942;19;253
1944;19.8;255
1946;18.6;253
1948;19.8;257
1950;20.5;254
1952;19.7;254
1954;20;256
1956;19.4;254
1958;19.5;257
1960;16.9;257
1962;18.5;258
1964;20.7;259
1966;18.6;258
1968;20.4;261
1970;23;256
1972;21.9;253
1974;21.2;254
1976;20.1;252
1978;20.6;254
1980;18.8;252
1982;18.6;255
1984;19.6;256
1986;18.5;254
1988;18.9;257
1990;19.8;255
1992;19.4;256
1994;17.4;259
1996;20.3;256
1998;22.1;257
2000;20.2;254
2002;19.9;253
2004;20.7;255
2006;18.9;252
2008;18.4;255
2010;19.5;255
2012;19.2;254
2014;18.7;257
2016;21.4;253
2018;23.2;252
2020;19.7;250
2022;20;249
2024;22.4;251
2026;19.5;247
2028;19;251
2030;20.5;251
2032;19.2;251
2034;18.7;254
2036;18.2;254
2038;18.7;256
2040;18.5;256
2042;19.1;256
2044;20.6;257
2046;19.5;254
2048;21;256
2050;20.7;253
2052;19.8;253
2054;18.8;255
2056;19.6;252
2058;21;254
2060;20.7;252
2062;22.4;250
2064;23;249
2066;20.9;244
2068;19.3;247
2070;20.3;246
2072;19.6;246
2074;18.1;249
2076;18.1;249
2078;19.6;252
2080;17.4;252
2082;17.7;255
2084;18.8;256
2086;18.7;255
2088;18.4;259
2090;20.1;257
2092;19.6;256
2094;20.3;258
2096;19;256
2098;19.4;259
2100;19;259
2102;18.7;260
2104;20.5;262
2106;19.3;260
2108;21.6;261
2110;23;257
2112;21;255
2114;19.7;255
2116;20.3;251
2118;21.6;254
2120;19.5;251
2122;18.8;251
2124;19.9;255
2126;18.3;253
2128;17.1;257
2130;18.9;257
2132;19.8;256
2134;19.2;259
2136;19.4;257
2138;20.6;260
2140;19;258
2142;18.8;259
2144;19.7;260
2146;19;259
2148;18.3;263
2150;20.2;262
2152;20.2;263
2154;23.1;261
2156;21.5;257
2158;21.5;257
2160;19.7;254
2162;19;256
2164;20.4;258
2166;19.3;254
2168;18.8;257
2170;20.1;256
2172;19.2;257
2174;18.2;259
2176;19.1;259
2178;20.8;259
2180;20.7;256
2182;19.3;258
2184;20.6;257
2186;20.2;256
2188;19.5;257
2190;19.7;256
2192;19.9;256
2194;18.4;259
2196;18.6;258
2198;19.8;260
2200;21.1;256
2202;21.3;255
2204;21.5;256
2206;20.6;253
2208;19;255
2210;19.8;254
2212;19;255
2214;19.2;257
2216;18;256
2218;19.4;260
2220;18.5;258
2222;17.7;261
2224;20.2;261
2226;19.9;260
2228;20.5;261
2230;21.7;258
2232;20.6;257
2234;19.8;258
2236;20.2;255
2238;20.3;258
2240;19.9;255
2242;18.9;255
2244;20.2;257
2246;22.5;252
2248;22.2;252
2250;21.6;250
2252;21;248
2254;19.4;250
2256;19.4;248
2258;20.4;251
2260;18.2;250
2262;18.3;252
2264;19.4;255
2266;18.9;253
2268;17.1;257
2270;19.2;257
2272;19.6;258
2274;19.8;259
2276;19.4;257
2278;20.2;260
2280;19.1;257
2282;18.6;259
2284;20;261
2286;19.5;259
2288;19.6;262
2290;20;259
2292;22.7;257
2294;22.1;257
2296;21.5;251
2298;21.1;253
2300;20;250
2302;19.3;250
2304;19.5;253
2306;19.6;254
2308;18.3;254
2310;18.3;255
2312;18.7;255
2314;17.6;258
2316;18.8;257
2318;20.7;260
2320;18.8;258
2322;19.7;259
2324;20.6;260
2326;19.9;258
2328;18.2;261
2330;19.9;260
2332;19.6;261
2334;19.9;264
2336;19.3;262
2338;22.1;263
2340;22.6;259
2342;20.5;259
2344;21.6;259
2346;20.1;255
2348;19.9;259
2350;20.4;256
2352;19.5;256
2354;18.8;259
2356;19.2;257
2358;19.7;260
2360;19.5;258
2362;19.3;259
2364;20.5;258
2366;19.9;257
2368;19.9;260
2370;20.4;258
2372;20.1;257
2374;19;259
2376;19;260
2378;20.6;261
2380;18.6;260
2382;18.9;261
2384;22.4;262
2386;22.3;256
2388;20;257
2390;20.8;255
2392;19.6;255
2394;19.8;256
2396;18.5;255
2398;19.7;258
2400;18.4;257
2402;18.4;259
2404;19.4;261
2406;18.9;258
2408;18.9;261
2410;21.3;260
2412;20.1;259
2414;20;260
2416;20.5;256
2418;21.1;258
2420;20.4;255
2422;19.1;257
2424;20.7;258
2426;19.3;255
2428;19.4;259
2430;20.3;257
2432;22.2;255
2434;21.2;254
2436;20.4;252
2438;20.8;252
2440;18.8;252
2442;19.3;253
2444;20.8;255
2446;19.1;253
2448;17.7;258
2450;19.8;257
2452;18;257
2454;19;260
2456;19.4;259
2458;20.9;260
2460;19.9;258
2462;19.6;258
2464;20.7;259
2466;19.7;257
2468;19.9;259
2470;20.6;256
2472;19.9;256
2474;18.9;258
2476;20.8;255
2478;23.2;256
2480;22.8;250
2482;21.3;249
2484;21.5;249
2486;20.3;245
2488;19;250
2490;19.9;247
2492;19.3;248
2494;18.3;252
2496;18.4;251
2498;19.3;253
2500;17.3;255
2502;18.3;256
2504;21;258
2506;19.4;256
2508;18.8;259
2510;20.5;257
2512;19.4;258
2514;19.2;260
2516;19.1;259
2518;20.1;261
2520;19.1;260
2522;18.9;261
2524;23.3;261
2526;21.9;256
2528;21.1;257
2530;21.9;252
2532;20.6;252
2534;19.1;254
2536;20.6;251
2538;21;254
2540;19.1;252
2542;19;252
2544;19.9;253
2546;18.5;252
2548;19.2;256
2550;19.8;255
2552;20.1;254
2554;18.8;256
2556;18.8;255
2558;19.2;258
2560;17.7;257
2562;18.7;258
2564;19.7;260
2566;18.2;258
2568;19.7;261
2570;22.5;256
2572;21.8;255
2574;21;255
2576;20.3;253
2578;20.6;255
2580;19;253
2582;18.4;255
2584;19;257
2586;17.8;255
2588;19.1;259
2590;20.3;257
2592;19.4;257
2594;18.3;260
2596;20.6;257
2598;22.1;258
2600;19.6;255
2602;19.5;255
2604;21.3;256
2606;18.8;253
2608;18.5;258
2610;19.9;255
2612;19.4;256
2614;17.8;258
2616;21.2;254
2618;22.4;256
2620;20.3;253
2622;19.9;254
2624;22.2;253
2626;19.6;253
2628;18.7;255
2630;19.5;255
2632;18;256
2634;18.7;258
2636;19;258
2638;19.6;261
2640;18.9;260
2642;19.2;260
2644;21.2;261
2646;20.5;257
2648;21.1;259
2650;20.4;256
2652;19.7;256
2654;20.1;258
2656;20.1;256
2658;21.1;258
2660;19.3;256
2662;21.3;254
2664;23;253
2666;21.3;248
2668;20.8;252
2670;20.6;248
2672;20.2;250
2674;18.1;251
2676;19;251
2678;19.8;254
2680;17.6;253
2682;17.9;256
2684;19.3;256
2686;19;256
2688;19.3;259
2690;20.9;256
2692;19.5;257
2694;20.3;258
2696;19.4;257
2698;19.9;260
2700;18.2;259
2702;18.7;261
2704;21.2;262
2706;19.7;259
2708;22.3;259
2710;22.8;255
2712;21.3;253
2714;19.6;254
2716;20.4;251
2718;21.1;252
2720;20.2;250
2722;19;253
2724;19.6;253
2726;18.9;252
2728;16.9;256
2730;18.9;257
2732;19.3;256
2734;20.1;259
2736;19.2;258
2738;20.1;260
2740;18.3;259
2742;19.4;260
2744;19.6;262
2746;19.3;260
2748;18.5;264
2750;20.3;263
2752;20.7;263
2754;22.6;261
2756;21.1;259
2758;21.1;259
2760;19.7;258
2762;19;259
2764;19.6;259
2766;19.6;258
2768;19.1;261
2770;20.2;258
2772;19.2;261
2774;18.9;261
2776;19.5;261
2778;21.5;263
2780;20.5;259
2782;19.7;260
2784;21.3;260
2786;20.5;257
2788;20;260
2790;19.7;259
2792;19.5;259
2794;19.1;261
2796;18.7;260
2798;20.9;263
2800;21.5;258
2802;21.8;257
2804;22;256
2806;20;254
2808;18.6;256
2810;20.2;256
2812;18.9;256
2814;18.4;258
2816;18.4;258
2818;19.5;261
2820;18.3;260
2822;18.5;262
2824;20.5;263
2826;20;262
2828;19.9;264
2830;21.8;261
2832;20.4;261
2834;19.1;261
2836;20.1;260
2838;20.6;262
2840;19.9;260
2842;19.2;259
2844;20.5;262
2846;23;256
2848;21.3;256
2850;21.4;253
2852;20.9;251
2854;19.8;253
2856;19.7;251
2858;20.5;252
2860;18.8;252
2862;19.2;254
2864;19.5;255
2866;18.9;254
2868;18.2;258
2870;19.6;257
2872;20.7;257
2874;20.3;258
2876;19.3;257
2878;20.8;259
2880;19.2;257
2882;18.4;259
2884;20.2;260
2886;19.8;258
2888;19.8;260
2890;20.6;258
2892;22.6;255
2894;22.1;254
2896;22;250
2898;21.4;251
2900;20.3;248
2902;19.5;249
2904;20.4;251
2906;19.3;252
2908;18.5;252
2910;19.2;253
2912;19.1;253
2914;17.7;257
2916;18.1;255
2918;19.7;259
2920;18.7;258
2922;19.6;258
2924;21.1;259
2926;20.1;256
2928;18.6;260
2930;20.1;260
2932;19.7;259
2934;19;261
2936;18.9;260
2938;22.9;262
2940;22.5;256
2942;19.9;256
2944;20.2;256
2946;20.2;253
2948;19.5;256
2950;19.7;254
2952;19.2;255
2954;18;257
2956;19.1;256
2958;19.6;258
2960;19.2;257
2962;18.9;258
2964;20.6;258
2966;20.4;256
2968;20;258
2970;20.1;256
2972;19.8;256
2974;19.1;258
2976;18.9;257
2978;19.8;260
2980;17.7;259
2982;18.8;261
2984;22;262
2986;22.5;257
2988;20.1;258
2990;20.8;256
2992;19.7;255
2994;19.7;257
2996;19;256
2998;19.7;257
3000;18.5;257
3002;18.6;258
3004;20.1;260
3006;18.9;258
3008;19.7;260
3010;21.2;258
3012;21.1;256
3014;20.1;258
3016;20.2;255
3018;21.1;257
3020;19.6;253
3022;19.1;254
3024;20;256
3026;19;253
3028;19;257
3030;21.2;254
3032;22.7;251
3034;20.8;251
3036;20.5;249
3038;20.9;250
3040;18.9;249
3042;19;251
3044;20.7;253
3046;18.7;252
3048;18.1;256
3050;19.4;255
3052;17.8;256
3054;19.2;258
3056;19.5;257
3058;20.7;258
3060;19.7;257
3062;19.7;257
3064;20.1;258
3066;19.3;255
3068;19.3;257
3070;20.4;255
3072;19.7;255
3074;19;256
3076;20.9;254
3078;21.5;253
3080;22;248
3082;21.6;248
3084;21.9;246
3086;20.5;244
3088;20.2;247
3090;20;245
3092;19.4;247
3094;17.5;250
3096;18.3;248
3098;19.3;253
3100;17;252
3102;18.7;255
3104;20.9;255
3106;19.3;254
3108;19.1;256
3110;20.6;254
3112;18.5;255
3114;19.3;257
3116;18.7;256
3118;19.6;258
3120;19.4;257
3122;19;258
3124;23;256
3126;21.7;252
3128;20.3;253
3130;22;250
3132;20.6;250
3134;19.5;251
3136;20.7;249
3138;21.2;250
3140;19.2;248
3142;18.8;250
3144;20.1;251
3146;18.7;251
3148;20.5;254
3150;20.4;252
3152;19.6;252
3154;18.9;255
3156;19.5;252
3158;19.2;256
3160;16.6;256
3162;18.9;257
3164;20.5;258
3166;18.6;257
3168;19;260
3170;21.9;257
3172;21.4;256
3174;20.9;255
3176;20.2;253
3178;20.7;255
3180;19;253
3182;18.9;255
3184;19.8;256
3186;18;255
3188;18.7;258
3190;20.1;256
3192;18.9;258
3194;18;260
3196;20.6;257
3198;21.9;258
3200;19.8;255
3202;19;255
3204;20.6;256
3206;19;254
3208;19.7;257
3210;20;255
3212;19.2;255
3214;18.8;257
3216;19.7;257
3218;22.5;257
3220;19.5;254
3222;20.5;253
3224;22.3;254
3226;19.5;252
3228;19;254
3230;19.5;253
3232;18.4;255
3234;19.2;258
3236;19.3;257
3238;19.2;259
3240;19;259
3242;20.2;259
3244;20.3;259
3246;20;257
3248;20;259
3250;20.3;256
3252;20.2;256
3254;19;258
3256;19.9;256
3258;20.2;258
3260;20.4;254
3262;22.2;252
3264;22.7;252
3266;21.1;248
3268;20.8;250
3270;20.6;248
3272;20.1;249
3274;19.4;250
3276;18.8;250
3278;19.4;254
3280;17.8;254
3282;18.2;256
3284;19.9;258
3286;18.7;256
3288;19.2;259
3290;21;257
3292;19.9;257
3294;19.7;258
3296;19.5;257
3298;20;258
3300;19.3;258
3302;18.7;259
3304;20.1;260
3306;19.8;257
3308;22.1;258
3310;22.6;253
3312;21.5;252
3314;20.1;252
3316;21.3;250
3318;20.8;251
3320;19.7;249
3322;19;250
3324;20.1;251
3326;19;250
3328;18.4;254
3330;19;254
3332;18.6;255
3334;19.2;256
3336;19;255
3338;20.1;258
3340;18.2;256
3342;19.2;258
3344;20.3;260
3346;19.2;257
3348;18.9;260
3350;19.8;259
3352;21;260
3354;23.2;257
3356;21;255
3358;21;255
3360;20.2;253
3362;18.8;255
3364;21.2;257
3366;18.8;254
3368;19.1;258
3370;19.6;256
3372;19.1;257
3374;18.2;259
3376;19.3;259
3378;20.3;261
3380;20.6;257
3382;19.5;258
3384;21;259
3386;19.9;256
3388;19.9;259
3390;19.3;259
3392;19.7;258
3394;19.2;260
3396;19.4;260
3398;21.7;262
3400;21;258
3402;21.4;257
3404;22;257
3406;20.6;254
3408;18.9;257
3410;19.2;255
3412;19.4;257
3414;19.4;258
3416;18.4;258
3418;19.4;261
3420;19.1;259
3422;18.2;262
3424;20.3;264
3426;19.8;262
3428;20.6;264
3430;21.5;260
3432;20.5;261
3434;20.3;262
3436;20.4;260
3438;21;260
3440;20.5;258
3442;19.4;258
3444;20.5;259
3446;22.7;255
3448;22.7;254
3450;21.7;253
3452;20.8;252
3454;20.3;253
3456;19.8;251
3458;20.6;255
3460;18.5;254
3462;18.4;257
3464;20.6;258
3466;18.8;257
3468;17.4;260
3470;19.7;261
3472;20.7;261
3474;20.8;261
3476;19.6;260
3478;20.5;261
3480;19.5;259
3482;18.7;261
3484;19.2;261
3486;20;259
3488;19.7;263
3490;21.3;260
3492;22.7;257
3494;21.6;255
3496;21.3;252
3498;22.2;253
3500;20.7;249
3502;19.8;250
3504;20.6;251
3506;19.7;252
3508;19.5;252
3510;19;252
3512;19;254
3514;18.1;256
3516;18;256
3518;20.1;258
3520;19.2;256
3522;19.7;257
3524;21.3;259
3526;19.5;256
3528;18.3;259
3530;19.9;258
3532;19.9;259
3534;20;260
3536;18.6;260
3538;21.3;261
3540;21.7;257
3542;20.6;257
3544;21.2;256
3546;20.1;253
3548;19.9;257
3550;20;254
3552;18.8;255
3554;18.5;257
3556;18.9;255
3558;20.8;258
3560;19.3;256
3562;18.5;259
3564;20.6;259
3566;20.4;255
3568;20.3;258
3570;20;255
3572;19.7;257
3574;19.2;258
3576;18.9;258
3578;20.4;260
3580;17.7;259
3582;18.8;261
3584;23.2;261
3586;22.2;255
3588;20.2;257
3590;20.5;255
3592;19.9;256
3594;20;256
3596;18.2;256
3598;19.6;258
3600;18.1;258
3602;18;260
3604;19.7;262
3606;19.2;260
3608;19.4;264
3610;21.3;261
3612;20.3;261
3614;19.2;262
3616;20.7;259
3618;21.6;260
3620;20.1;257
3622;19.4;258
3624;20.3;259
3626;19.8;256
3628;19.9;259
3630;22.2;255
3632;22.3;253
3634;21.3;253
3636;20.4;251
3638;21.1;253
3640;18.2;251
3642;19.2;253
3644;19.7;255
3646;18.9;253
3648;17.7;257
3650;19.2;257
3652;18.4;258
3654;19;260
3656;19;261
3658;20.7;263
3660;19.3;260
3662;20.1;261
3664;21.5;261
3666;19.7;259
3668;20.1;261
3670;20.7;260
3672;19.9;259
3674;19.8;261
3676;21.1;257
3678;21.8;256
3680;22.5;251
3682;21.2;250
3684;21.1;249
3686;20.2;248
3688;19.5;250
3690;20.5;249
3692;19.7;249
3694;18.6;251
3696;19;251
3698;20.1;254
3700;18;253
3702;19.6;255
3704;21.2;255
3706;19.6;253
3708;19.6;256
3710;21.6;254
3712;19.2;255
3714;20.3;256
3716;19.1;255
3718;19.3;258
3720;18.6;256
3722;20;257
3724;22.6;253
3726;21.1;250
3728;21;252
3730;21.4;249
3732;20.5;249
3734;18.9;250
3736;20.4;248
3738;21.6;249
3740;20;248
3742;18.9;249
3744;19.7;250
3746;18.9;249
3748;20.5;252
3750;20.6;250
3752;20.1;251
3754;18.6;252
3756;19.5;252
3758;19.9;254
3760;18.4;253
3762;18.9;255
3764;19.9;256
3766;18.6;255
3768;18.1;258
3770;21.1;256
3772;21.8;254
3774;21.5;254
3776;20.4;252
3778;20.6;254
3780;19;252
3782;18.8;254
3784;20.8;255
3786;18.4;254
3788;19.3;257
3790;19.8;255
3792;19.3;256
3794;18.3;259
3796;21.2;255
3798;21.1;257
3800;20.7;254
3802;19.1;254
3804;20.5;255
3806;18.3;253
3808;19.4;257
3810;20;255
3812;19.1;256
3814;18.6;258
3816;20.3;255
3818;22.7;256
3820;19.8;252
3822;20.1;253
3824;22.1;254
3826;19;251
3828;18.2;255
3830;19.6;254
3832;18.6;255
3834;18.9;257
3836;19;256
3838;19.3;260
3840;19.7;258
3842;19.2;260
3844;20.8;259
3846;19.2;256
3848;20.2;259
3850;20.6;257
3852;19.6;257
3854;19.3;258
3856;19.9;257
3858;21.8;259
3860;19.7;255
3862;20.9;254
3864;22.9;253
3866;21.2;249
3868;20.2;251
3870;20.4;249
3872;20;250
3874;18.6;252
3876;18.9;251
3878;19.2;254
3880;17.7;254
3882;18;256
3884;20.1;257
3886;18.7;256
3888;18.8;259
3890;21.2;257
3892;20.3;257
3894;21.2;258
3896;19.5;257
3898;20.4;259
3900;19.1;257
3902;19.2;259
3904;20.9;259
3906;20.2;257
3908;20.9;258
3910;22.6;253
3912;21.8;252
3914;20.6;251
3916;20.8;249
3918;21.7;250
3920;20;248
3922;19.3;248
3924;20;250
3926;18.7;249
3928;19.1;253
3930;19.3;252
3932;19.5;253
3934;19.8;254
3936;19.3;253
3938;20;256
3940;18.9;254
3942;18.6;255
3944;20.1;257
3946;18.9;256
3948;18.4;260
3950;20.5;258
3952;20.3;258
3954;22.6;258
3956;21.2;254
3958;21.9;255
3960;19.9;252
3962;19.2;254
3964;21.7;254
3966;19.2;253
3968;19.9;257
3970;19.1;255
3972;18.7;256
3974;18.5;258
3976;19.4;257
3978;20.5;260
3980;20.1;257
3982;19.8;257
3984;21.4;258
3986;19.6;255
3988;18.3;259
3990;19.4;257
3992;19.1;259
3994;18.8;260
3996;18.7;260
3998;20.4;262
4000;19.6;259
4002;21.6;259
4004;22.5;258
4006;20.4;254
4008;18.7;257
4010;19.7;256
4012;19.2;257
4014;19.3;258
4016;18.1;257
4018;20;261
4020;18.6;260
4022;18.4;263
4024;19.9;264
4026;19.6;262
4028;20.4;264
4030;21.5;261
4032;20.7;261
4034;19.6;262
4036;20.1;260
4038;21.3;261
4040;20.1;259
4042;19.6;259
4044;20.9;259
4046;22.3;254
4048;21.8;255
4050;21.5;252
4052;21.4;252
4054;19.5;252
4056;19.6;252
4058;19.4;255
4060;17.7;254
4062;18.2;256
4064;19.4;258
4066;18.6;256
4068;17.8;260
4070;19;260
4072;21;261
4074;21;261
4076;19.6;260
4078;20.9;261
4080;19.2;259
4082;18.7;261
4084;20.7;262
4086;19.8;260
4088;19.7;263
4090;21.6;260
4092;22.1;258
4094;21.5;257
4096;22.1;253
4098;22.5;254
4100;21.3;250
4102;19.3;251
4104;20.5;252
4106;19.8;250
4108;19.6;253
4110;18.7;253
4112;18.9;254
4114;17.7;256
4116;18.3;256
4118;20.8;258
4120;19.3;256
4122;19.6;256
4124;20.5;257
4126;19.6;254
4128;18.1;258
4130;20.4;257
4132;19.9;257
4134;19.9;258
4136;19.1;257
4138;22.5;257
4140;21.8;253
4142;20.4;253
4144;21.8;253
4146;20.6;250
4148;19.9;253
4150;20.1;251
4152;19.5;252
4154;19.6;254
4156;19.3;253
4158;20.1;255
4160;19.3;254
4162;18.2;254
4164;19.7;254
4166;20.2;253
4168;20;256
4170;19.8;254
4172;19.4;254
4174;19;256
4176;19.2;256
4178;20.8;259
4180;18.8;257
4182;19.1;259
4184;23;259
4186;21.7;254
4188;20;256
4190;21;254
4192;20.4;253
4194;20.1;254
4196;18.5;254
4198;19.5;257
4200;18.2;256
4202;17.8;258
4204;20.2;260
4206;18.6;259
4208;19.2;262
4210;21;260
4212;20.2;259
4214;20.5;261
4216;20.6;259
4218;20.8;260
4220;19.9;257
4222;19.4;258
4224;19.9;258
4226;19.4;256
4228;19.9;260
4230;22;257
4232;22.3;255
4234;20.4;254
4236;20.3;253
4238;20.9;255
4240;19.2;254
4242;18.8;255
4244;19.6;257
4246;18.7;255
4248;17.6;259
4250;20.3;259
4252;18.8;260
4254;19.4;262
4256;19;262
4258;20.7;264
4260;19.6;262
4262;19.6;262
4264;20.3;264
4266;19.6;262
4268;20.4;263
4270;21.1;261
4272;19.6;261
4274;19.3;262
4276;22.2;259
4278;24;256
4280;21.9;252
4282;21;251
4284;21.5;252
4286;19.6;249
4288;20;253
4290;19.9;252
4292;19.3;252
4294;18.5;255
4296;18.7;254
4298;18.7;257
4300;17.1;257
4302;19.8;259
4304;21;260
4306;19;257
4308;19.5;260
4310;20.7;258
4312;19.6;258
4314;20.2;260
4316;19.4;259
4318;20;261
4320;19.1;260
4322;20.4;261
4324;20.9;259
4326;21.4;254
4328;21.8;254
4330;21.4;251
4332;20.5;251
4334;19.3;253
4336;20.1;250
4338;21.2;252
4340;19.8;250
4342;18.9;251
4344;20.5;253
4346;18.7;252
4348;19.8;255
4350;20.4;253
4352;20.1;253
4354;19.5;254
4356;20;253
4358;20.8;256
4360;18.5;254
4362;19.3;256
4364;21.2;257
4366;18.6;256
4368;19;258
4370;22.3;255
4372;22.3;253
4374;20.7;253
4376;20.1;252
4378;20.2;253
4380;18.8;252
4382;18.6;254
4384;20.7;255
4386;18.7;253
4388;18.5;257
4390;19.9;256
4392;18.3;256
4394;17.9;259
4396;20.6;256
4398;21.6;257
4400;19.7;255
4402;19.3;255
4404;20.2;255
4406;18.6;254
4408;19;258
4410;19.8;257
4412;19;257
4414;19.1;258
4416;21.2;256
4418;21.6;255
4420;20;252
4422;19.8;254
4424;22;254
4426;19.3;252
4428;18.8;256
4430;19.4;255
4432;18;256
4434;18.6;259
4436;19.2;259
4438;19.4;262
4440;19.1;261
4442;19.4;262
4444;21.7;262
4446;20.1;259
4448;20.4;261
4450;20.7;259
4452;19.4;260
4454;19.4;262
4456;20.3;259
4458;21.1;261
4460;21.2;257
4462;21.3;256
4464;22.7;255
4466;21.3;251
4468;20.8;253
4470;20.4;251
4472;19.6;251
4474;18.7;253
4476;19.1;253
4478;19.4;255
4480;16.3;256
4482;18.3;258
4484;19.9;260
4486;18.7;259
4488;18.6;262
4490;20.9;261
4492;20.2;260
4494;20.4;261
4496;19.5;260
4498;20.2;262
4500;19.3;261
4502;19.4;262
4504;21.7;263
4506;20.3;261
4508;21.8;262
4510;22.9;257
4512;20.9;256
4514;20.2;255
4516;20.5;252
4518;20.7;255
4520;20.1;252
4522;18.8;252
4524;19.6;253
4526;18.8;253
4528;18.5;257
4530;19.3;256
4532;18.9;257
4534;18.3;258
4536;19.7;256
4538;20.3;258
4540;18.4;256
4542;19.3;259
4544;21.2;259
4546;19.7;257
4548;18.6;261
4550;20.6;259
4552;19.9;260
4554;21.4;259
4556;21.7;257
4558;22;256
4560;20.9;253
4562;19.4;255
4564;20.4;255
4566;19.6;253
4568;19.3;256
4570;19.8;255
4572;19;256
4574;18;258
4576;19.9;255
4578;20.8;258
4580;19.9;256
4582;19.7;256
4584;21;256
4586;19.4;254
4588;18.9;257
4590;19.1;256
4592;19.5;256
4594;18.9;258
4596;19.5;258
4598;20.1;259
4600;20.2;256
4602;21;256
4604;21.9;255
4606;20.9;252
4608;19.1;255
4610;19.8;254
4612;18.9;255
4614;19;257
4616;18.5;257
4618;19.2;260
4620;18.5;259
4622;18.2;261
4624;19.8;263
4626;19.7;261
4628;20.3;263
4630;21.6;261
4632;20;261
4634;19.4;263
4636;20.3;261
4638;20.6;262
4640;20.9;259
4642;19.4;259
4644;20.6;261
4646;20.6;258
4648;21.8;259
4650;21.5;256
4652;20.7;255
4654;20.2;255
4656;19.1;255
4658;19.6;257
4660;18.1;256
4662;18.7;259
4664;19.9;260
4666;18.7;258
4668;18.2;262
4670;19.8;262
4672;21.1;262
4674;21.7;262
4676;20.1;261
4678;20.7;262
4680;20;260
4682;18.4;262
4684;20.6;264
4686;20.5;261
4688;20.2;263
4690;21;261
4692;22.2;259
4694;21.5;258
4696;21.8;255
4698;22.1;255
4700;20.6;251
4702;19.7;251
4704;20.5;253
4706;19.6;251
4708;19.1;255
4710;18.7;254
4712;19;256
4714;17.3;258
4716;18.7;258
4718;20.4;260
4720;19.2;258
4722;19.3;258
4724;20.6;260
4726;20.1;257
4728;18.9;260
4730;20.4;259
4732;19.5;260
4734;19.8;261
4736;19.3;260
4738;22.1;261
4740;22;256
4742;20.3;255
4744;21.6;255
4746;21.1;251
4748;20.8;253
4750;20.5;251
4752;19.8;252
4754;18.8;254
4756;19.6;252
4758;20;254
4760;19;253
4762;18.7;254
4764;20.1;255
4766;20;252
4768;20.4;255
4770;20.4;254
4772;19.7;253
4774;19.2;255
4776;18.9;255
4778;19.8;257
4780;18.4;255
4782;19.6;257
4784;22.8;256
4786;22.1;252
4788;20.2;253
4790;21;251
4792;20.4;251
4794;20.3;252
4796;19;251
4798;19.7;254
4800;18.8;253
4802;17.2;256
4804;19.9;258
4806;18.8;256
4808;19.1;260
4810;21.1;257
4812;19.8;258
4814;20.1;258
4816;20.5;256
4818;20.6;257
4820;19.9;255
4822;18.6;256
4824;20.2;256
4826;19.1;254
4828;19.2;257
4830;21.5;255
4832;22.3;252
4834;21.2;253
4836;20.2;250
4838;20.5;252
4840;19;251
4842;19.3;253
4844;19.5;254
4846;18.8;253
4848;17.2;257
4850;19.5;257
4852;18.3;259
4854;19.3;261
4856;18.6;261
4858;20.3;264
4860;19.9;262
4862;20.1;262
4864;22;261
4866;19.8;261
4868;20.2;263
4870;20.7;261
4872;19.9;260
4874;19.2;262
4876;21.3;259
4878;21.8;257
4880;22.3;252
4882;21.5;251
4884;20.7;251
4886;19.9;249
4888;19.1;252
4890;20.5;251
4892;19.2;252
4894;18.6;254
4896;19;254
4898;19;257
4900;17.7;256
4902;19.4;258
4904;21.4;258
4906;19.7;257
4908;19.5;259
4910;20.3;257
4912;19.6;259
4914;20;260
4916;19.4;259
4918;20.1;261
4920;19.1;260
4922;20.7;260
4924;23.1;258
4926;21.6;253
4928;21.5;255
4930;21.8;251
4932;20.3;252
4934;19.1;253
4936;20.1;251
4938;21.1;253
4940;19.7;250
4942;18.7;253
4944;20.3;253
4946;19.1;252
4948;19.3;256
4950;20.5;254
4952;19.5;255
4954;19.4;256
4956;19.5;254
4958;19.9;257
4960;18.2;254
4962;19.3;257
4964;20.6;257
4966;18.7;257
4968;19.5;258
4970;22.3;254
4972;22;253
4974;21.7;253
4976;20.7;251
4978;20.6;253
4980;19.3;251
4982;19;252
4984;20.7;253
4986;18.6;252
4988;18.7;256
4990;19.8;254
4992;19.2;255
4994;18.2;258
4996;20.2;256
4998;21.6;256
5000;20.5;254
5002;19.8;254
5004;20.7;254
5006;19.1;253
5008;19.9;256
5010;19.7;255
5012;19.1;256
5014;19;257
5016;21.9;253
5018;22.3;254
5020;19.9;251
5022;19.7;252
5024;21.1;252
5026;19.3;251
5028;18.3;255
5030;19.6;254
5032;18.3;255
5034;18.7;258
5036;18.5;258
5038;19.1;261
5040;18.6;260
5042;18.9;262
5044;20.4;262
5046;19.8;261
5048;20.2;263
5050;21;260
5052;20;260
5054;19.2;262
5056;20.5;260
5058;21.1;262
5060;20.9;259
5062;21.9;257
5064;22.4;255
5066;21;251
5068;20;254
5070;21.1;252
5072;19.5;252
5074;19.3;254
5076;18.8;254
5078;18.9;258
5080;18.5;256
5082;18.1;259
5084;20.1;261
5086;19.3;261
5088;18.8;264
5090;20.8;262
5092;20.4;263
5094;20.4;264
5096;20.1;262
5098;20.3;264
5100;19.7;263
5102;19.6;265
5104;21.3;266
5106;20.5;263
5108;21.4;262
5110;23.4;261
5112;22;259
5114;20.7;259
5116;20.9;256
5118;21.1;257
5120;20;254
5122;18.8;255
5124;19.5;256
5126;18.6;255
5128;19.7;259
5130;19.4;258
5132;19.7;259
5134;19.8;259
5136;20.2;257
5138;20.9;260
5140;19.1;258
5142;18.9;260
5144;20.7;261
5146;19.6;260
5148;18.7;262
5150;20.3;263
5152;21.1;262
5154;22.8;261
5156;21.8;257
5158;21.2;257
5160;19.8;255
5162;18.8;257
5164;20.8;257
5166;19.5;255
5168;18.6;258
5170;20.1;256
5172;18.9;257
5174;18.6;259
5176;19.5;258
5178;20.8;259
5180;20.6;257
5182;19.7;257
5184;20.9;257
5186;20;255
5188;19.5;258
5190;19.3;257
5192;19.6;257
5194;19.1;258
5196;19.1;257
5198;20.8;259
5200;19.3;258
5202;21.5;257
5204;22.4;256
5206;21.1;253
5208;19.5;256
5210;20;254
5212;19.5;255
5214;19.2;256
5216;18.1;257
5218;19.5;259
5220;18.4;259
5222;18;262
5224;19.8;263
5226;20;261
5228;21.2;263
5230;21.3;260
5232;20.1;260
5234;19.2;261
5236;20.1;259
5238;20.3;261
5240;20.5;258
5242;19.4;260
5244;20.5;260
5246;21.8;256
5248;22.5;257
5250;20.9;254
5252;20.9;253
5254;19.1;254
5256;19.2;253
5258;20.2;257
5260;17.6;255
5262;18.3;258
5264;20.2;260
5266;19;258
5268;17.6;262
5270;19.7;262
5272;20.5;262
5274;20.7;263
5276;19.7;262
5278;21;264
5280;19.7;262
5282;18.8;264
5284;20.8;265
5286;20.4;262
5288;20.3;265
5290;21.2;263
5292;21.2;261
5294;21.3;260
5296;21.8;256
5298;22.1;257
5300;20.6;253
5302;19.6;254
5304;20.5;254
5306;20.1;252
5308;18.5;256
5310;18.8;256
5312;18.9;257
5314;18.6;259
5316;18.5;259
5318;20.2;262
5320;19.2;260
5322;19.9;261
5324;20.5;262
5326;19.9;259
5328;18.7;262
5330;20;261
5332;20.4;262
5334;20.3;263
5336;19;262
5338;22.3;263
5340;22.4;258
5342;20.1;258
5344;21.4;258
5346;20.5;254
5348;19.6;257
5350;20.5;255
5352;19.2;255
5354;18.4;257
5356;19.1;256
5358;19.8;259
5360;19.4;256
5362;19;256
5364;20.7;259
5366;19.9;256
5368;21;258
5370;20.1;256
5372;20.1;257
5374;18.6;258
5376;19;257
5378;20.7;259
5380;19;258
5382;19.3;259
5384;22.2;259
5386;22.5;254
5388;20.6;255
5390;21.7;253
5392;20.3;253
5394;20.8;253
5396;19.1;253
5398;20.3;255
5400;19;253
5402;18;256
5404;19.5;259
5406;19.1;256
5408;19;260
5410;20.6;258
5412;20.3;259
5414;19.8;260
5416;20.8;256
5418;21.8;258
5420;19.9;256
5422;18.9;257
5424;20.3;258
5426;19.3;255
5428;19.6;258
5430;21.7;255
5432;22.2;254
5434;20.8;253
5436;20.4;251
5438;20.9;252
5440;18.8;252
5442;18.7;253
5444;20.4;255
5446;18.8;254
5448;17.5;257
5450;19.4;257
5452;18.5;259
5454;19.7;261
5456;19;261
5458;20.5;263
5460;19.6;261
5462;20;262
5464;21.5;262
5466;19.5;261
5468;20.2;264
5470;20.7;262
5472;20.4;261
5474;19.8;263
5476;22.2;260
5478;24;259
5480;21.9;254
5482;20.6;254
5484;21.2;255
5486;19.9;252
5488;19.9;254
5490;20.1;253
5492;19.5;254
5494;18.9;256
5496;18.6;256
5498;19.9;259
5500;17.1;259
5502;19.7;260
5504;21.9;260
5506;19.7;258
5508;19.7;261
5510;20.6;259
5512;19.5;260
5514;20.3;261
5516;19.4;260
5518;20.1;262
5520;19.2;261
5522;21.3;262
5524;21.6;260
5526;21.8;255
5528;21.3;256
5530;21.6;253
5532;20.4;253
5534;19.7;255
5536;20.4;253
5538;20.7;255
5540;19.5;253
5542;18.9;255
5544;19.4;256
5546;18.3;254
5548;19.3;258
5550;20.4;256
5552;20;256
5554;19.2;257
5556;20;256
5558;20.1;257
5560;18.7;256
5562;19.1;258
5564;20.7;259
5566;18.8;258
5568;20.1;260
5570;23;256
5572;22.2;254
5574;21.5;254
5576;20.6;252
5578;21.1;254
5580;19.1;252
5582;19;254
5584;20.9;255
5586;18.5;254
5588;18.8;257
5590;19.9;256
5592;19.1;257
5594;18.6;259
5596;20.9;256
5598;21.8;257
5600;19.9;254
5602;19.9;254
5604;20.8;255
5606;19.4;253
5608;19.2;256
5610;20.1;254
5612;19;255
5614;19.2;256
5616;22.5;253
5618;23;253
5620;19.8;250
5622;20;251
5624;21.9;251
5626;19.5;250
5628;18.3;254
5630;19.7;253
5632;19.1;254
5634;18.7;256
5636;18.5;256
5638;19.5;259
5640;18.9;259
5642;19.1;261
5644;21.8;261
5646;19.6;259
5648;20.5;261
5650;20.8;258
5652;19.6;259
5654;19.3;261
5656;20.1;259
5658;21;261
5660;19.8;258
5662;21.2;258
5664;22.9;256
5666;20.8;252
5668;21.4;255
5670;20.9;253
5672;20;253
5674;19;254
5676;18.8;254
5678;19.7;257
5680;17.5;258
5682;18.6;259
5684;20.1;261
5686;19.3;260
5688;19.6;262
5690;21.3;261
5692;20.4;261
5694;20.7;262
5696;19.6;262
5698;20.2;264
5700;19.3;262
5702;18.6;264
5704;20.8;265
5706;20.3;263
5708;23;264
5710;23.5;258
5712;20.9;257
5714;19.5;257
5716;20.3;254
5718;21.7;255
5720;20;254
5722;18.8;255
5724;19.4;256
5726;18.3;255
5728;18.2;259
5730;19.2;258
5732;20.1;259
5734;19.6;260
5736;19.6;259
5738;20.3;261
5740;18.8;259
5742;19.4;261
5744;21;262
5746;19.4;260
5748;18.6;263
5750;19.9;263
5752;20.9;263
5754;23.4;261
5756;21.3;257
5758;21.6;259
5760;19.5;256
5762;19.1;257
5764;19.5;257
5766;18.7;256
5768;19;259
5770;20.3;258
5772;19.4;259
5774;18;261
5776;19;260
5778;21.3;262
5780;20.5;258
5782;19.6;259
5784;20.7;260
5786;20.5;256
5788;19.3;259
5790;20.5;257
5792;19.8;257
5794;18.8;258
5796;19.2;258
5798;20.7;260
5800;20.2;257
5802;21.7;256
5804;22.9;254
5806;21;251
5808;19.5;253
5810;20.6;253
5812;19.4;254
5814;20;255
5816;17.8;256
5818;18.7;258
5820;18.6;257
5822;17.8;260
5824;19.9;263
5826;19.9;260
5828;20.3;263
5830;21.2;259
5832;20.3;259
5834;19.2;260
5836;19.8;258
5838;20.6;261
5840;19.7;258
5842;19.5;260
5844;20;261
5846;22.6;256
5848;22.2;256
5850;21.2;254
5852;20.2;253
5854;19.4;254
5856;19.4;253
5858;19.7;257
5860;16.5;255
5862;18.4;258
5864;19.8;259
5866;18.7;258
5868;17.7;263
5870;19.9;262
5872;20.5;262
5874;21;263
5876;19.3;262
5878;20.8;263
5880;19.5;261
5882;18.9;264
5884;20.9;265
5886;20;263
5888;20.1;266
5890;20.7;264
5892;22.3;263
5894;21.9;262
5896;21.6;258
5898;21.9;258
5900;20.2;255
5902;19;256
5904;19.4;256
5906;19.1;254
5908;19.8;259
5910;19.1;258
5912;19.1;260
5914;18.5;262
5916;19.2;261
5918;22.4;264
5920;19.6;262
5922;19.9;263
5924;21.2;264
5926;20.4;261
5928;19.7;264
5930;19.8;263
5932;20.4;262
5934;21.2;265
5936;19.6;264
5938;22.3;264
5940;22;260
5942;20.6;260
5944;22.7;259
5946;20.2;256
5948;19.7;259
5950;20.5;257
5952;19.4;257
5954;19.1;259
5956;19.5;258
5958;20.1;261
5960;19.5;260
5962;18.9;261
5964;20.8;262
5966;20.5;259
5968;20.2;261
5970;20.6;258
5972;20.3;259
5974;18.1;260
5976;19.2;259
5978;20.7;262
5980;18.4;259
5982;19.2;262
5984;22.2;263
5986;22.8;258
5988;20.8;258
5990;21.4;256
5992;20.4;256
5994;20.6;256
5996;18.8;256
5998;19.7;258
6000;18.8;257
6002;17.9;259
6004;19.6;261
6006;19.3;259
6008;19.5;263
6010;20.5;260
6012;20.3;260
6014;20.2;261
6016;20.7;258
6018;21.5;260
6020;20;256
6022;19.3;258
6024;20.2;259
6026;19.4;257
6028;19.3;260
6030;20.9;258
6032;22.6;256
6034;20.7;254
6036;21;252
6038;21.3;254
6040;19.6;252
6042;19.5;253
6044;20.9;255
6046;19.1;254
6048;17.6;258
6050;19.5;258
6052;18.6;259
6054;19.4;261
6056;19.2;261
6058;20.5;262
6060;19.8;260
6062;19.4;261
6064;20.8;262
6066;19.6;259
6068;20;263
6070;20.2;260
6072;20.2;261
6074;19.4;262
6076;21;260
6078;22.8;259
6080;22.1;254
6082;21.2;254
6084;21.5;254
6086;19.5;252
6088;19.7;255
6090;20;253
6092;19;254
6094;17.8;257
6096;18.3;256
6098;19.3;259
6100;16.8;259
6102;19.5;261
6104;21.5;261
6106;20.1;259
6108;19.3;262
6110;20.2;260
6112;19.4;262
6114;20.3;263
6116;19.9;262
6118;20.3;264
6120;19.3;262
6122;20.2;262
6124;23.7;262
6126;21.8;257
6128;21.4;259
6130;21.4;255
6132;20.4;255
6134;19.4;257
6136;19.9;254
6138;21.8;256
6140;19.4;254
6142;18.5;256
6144;19.6;256
6146;18.2;256
6148;20.6;259
6150;20.3;257
6152;19.9;257
6154;20;259
6156;20.1;257
6158;20.3;260
6160;18;258
6162;19.4;260
6164;21.8;261
6166;19.1;259
6168;19.6;262
6170;22.8;258
6172;21.8;256
6174;21;256
6176;20;255
6178;20.5;256
6180;19.4;255
6182;18.3;257
6184;20.1;258
6186;17.9;256
6188;19.4;260
6190;19.8;258
6192;19.7;259
6194;19;261
6196;21;258
6198;22.1;259
6200;19.9;256
6202;19.6;257
6204;20.2;256
6206;18.7;255
6208;19.7;258
6210;20;257
6212;19;258
6214;18.9;259
6216;21;257
6218;23.1;256
6220;20.4;253
6222;20.9;253
6224;22.5;253
6226;19.8;251
6228;19.3;254
6230;20;254
6232;18.7;255
6234;18.8;257
6236;18.5;257
6238;19.6;260
6240;18.8;259
6242;19.6;260
6244;21.3;259
6246;19.8;257
6248;20.3;260
6250;20.7;257
6252;19.4;258
6254;19.3;259
6256;20.3;257
6258;20.8;259
6260;20.5;257
6262;21.8;255
6264;22.8;253
6266;20.9;250
6268;20.8;252
6270;20.5;250
6272;19.7;251
6274;18.2;254
6276;18.5;254
6278;19.1;256
6280;17.2;257
6282;18.2;260
6284;20.5;262
6286;19.3;260
6288;19;264
6290;20.5;262
6292;20.5;263
6294;21;263
6296;19.8;263
6298;20.5;265
6300;20.1;263
6302;19.2;266
6304;21.6;266
6306;20.2;264
6308;22.9;263
6310;23.2;259
6312;21.2;258
6314;20.5;258
6316;20.2;256
6318;21.3;257
6320;18.8;256
6322;18.7;257
6324;19.9;258
6326;18.9;257
6328;19;260
6330;19;260
6332;19.8;261
6334;20;262
6336;19.9;261
6338;21;263
6340;19.1;261
6342;19.5;263
6344;20.5;264
6346;19.7;263
6348;19;266
6350;20.6;266
6352;20.9;266
6354;21.6;263
6356;22.3;259
6358;21.7;260
6360;19.6;258
6362;19.5;259
6364;21;260
6366;19.4;258
6368;19.6;261
6370;20.2;260
6372;19.6;261
6374;18.7;263
6376;19.6;262
6378;20.9;264
6380;21;262
6382;20.2;262
6384;21.1;262
6386;20.4;260
6388;21.5;262
6390;20.4;261
6392;20.1;261
6394;20.5;262
6396;19.2;262
6398;21;264
6400;21.7;261
6402;21.7;259
6404;23.1;258
6406;20.5;255
6408;19.2;258
6410;20.4;256
6412;19.9;257
6414;20.4;258
6416;18.8;259
6418;19.7;260
6420;18.5;259
6422;18.4;262
6424;20.2;263
6426;20.4;260
6428;20.6;262
6430;21.4;259
6432;20.6;259
6434;19.8;260
6436;20;258
6438;21;261
6440;20.6;257
6442;19.1;259
6444;20.6;259
6446;22.7;254
6448;22.7;254
6450;21.5;252
6452;21;251
6454;19.7;252
6456;19.5;251
6458;20.6;255
6460;18.5;254
6462;18.4;256
6464;20;258
6466;18.9;256
6468;17.9;261
6470;19.7;261
6472;20.6;261
6474;20.7;262
6476;20.3;262
6478;20.7;263
6480;19.8;261
6482;19.3;263
6484;21.2;264
6486;20.5;262
6488;20.1;265
6490;20.5;264
6492;22.9;262
6494;22;260
6496;21.4;257
6498;21.8;258
6500;21.1;254
6502;19.5;255
6504;20.2;256
6506;19.3;254
6508;19;257
6510;18.8;257
6512;19.1;258
6514;18.5;260
6516;18.5;261
6518;21.3;263
6520;18.8;261
6522;20.3;262
6524;20.8;263
6526;19.9;260
6528;18.9;263
6530;20.4;264
6532;20.4;264
6534;20.7;266
6536;19;266
6538;22.2;266
6540;22.5;262
6542;21.5;262
6544;22.1;261
6546;21;257
6548;20.1;260
6550;20.7;257
6552;19.6;258
6554;19.5;260
6556;19.5;258
6558;20.7;260
6560;19.7;258
6562;19.3;260
6564;21.1;260
6566;21;256
6568;20;259
6570;20.1;258
6572;19.7;257
6574;19.1;259
6576;19.3;259
6578;20.5;261
6580;17.8;260
6582;19.4;262
6584;23.6;261
6586;22.3;256
6588;20.2;257
6590;21;255
6592;19.7;255
6594;19.6;256
6596;18.8;256
6598;19.5;258
6600;19;257
6602;17.9;260
6604;18.4;262
6606;19.1;259
6608;20.2;263
6610;21.6;260
6612;20.8;259
6614;20;260
6616;20.9;257
6618;22.1;259
6620;20;255
6622;19;256
6624;20.5;257
6626;19.2;255
6628;19.5;258
6630;20.6;255
6632;22.4;253
6634;21.7;252
6636;21.1;250
6638;21.4;252
6640;19.4;249
6642;19.1;252
6644;20.3;253
6646;19.2;252
6648;17.9;256
6650;19.3;255
6652;18.4;257
6654;19.2;259
6656;19.4;259
6658;20.7;260
6660;19.6;258
6662;19.9;259
6664;20.6;260
6666;19.6;258
6668;20;261
6670;20.7;259
6672;19.7;259
6674;19.4;261
6676;21.6;258
6678;24.1;257
6680;22;252
6682;21;252
6684;21.5;252
6686;20.3;250
6688;20.6;252
6690;20.4;251
6692;18.9;252
6694;18.8;254
6696;18.9;255
6698;18.8;257
6700;17.8;257
6702;19.7;259
6704;21;259
6706;19.7;258
6708;19.2;260
6710;20.3;259
6712;19.5;260
6714;19.8;261
6716;20.1;261
6718;20;263
6720;19.1;262
6722;19.7;264
6724;23.5;262
6726;21.5;259
6728;21.2;260
6730;22.1;256
6732;19.7;256
6734;18.8;257
6736;20;256
6738;21;257
6740;19;255
6742;18.3;257
6744;20.1;258
6746;18.7;257
6748;20.5;260
6750;20.4;258
6752;19.8;258
6754;19.6;260
6756;19.8;258
6758;20.6;261
6760;18.9;259
6762;19.7;260
6764;21.5;261
6766;19.2;260
6768;18.6;263
6770;22;261
6772;22.1;259
6774;21.5;259
6776;20.8;256
6778;20.4;258
6780;18.6;256
6782;19.1;257
6784;20.8;258
6786;18.9;256
6788;19;260
6790;20.1;259
6792;19.6;259
6794;18.6;262
6796;21.5;259
6798;22.4;259
6800;20.1;255
6802;19.5;257
6804;20.2;256
6806;18.7;255
6808;19.4;258
6810;20;256
6812;19.3;257
6814;18.9;259
6816;21.5;256
6818;22;256
6820;20.3;253
6822;20.2;254
6824;22.6;253
6826;19.7;252
6828;18.8;255
6830;20.2;255
6832;18.8;255
6834;19.1;258
6836;19;258
6838;19.6;260
6840;19;260
6842;19.8;261
6844;21.8;260
6846;20;258
6848;20.7;260
6850;21.1;258
6852;20;258
6854;19.8;260
6856;20.4;257
6858;21.2;259
6860;20.5;256
6862;21.7;255
6864;23.3;253
6866;21.5;249
6868;21;251
6870;21.3;250
6872;20.1;249
6874;19.1;251
6876;18.7;251
6878;19.3;255
6880;17.7;254
6882;17.5;257
6884;20.2;259
6886;19;258
6888;19.3;261
6890;20.8;260
6892;19.9;259
6894;20.6;261
6896;19.6;260
6898;20.1;263
6900;19.3;261
6902;19.5;263
6904;20.3;264
6906;21;262
6908;23.2;261
6910;22.3;256
6912;20.2;256
6914;19.9;256
6916;20.2;254
6918;21.2;256
6920;19.3;254
6922;18.6;255
6924;19.1;256
6926;18.4;256
6928;19.2;259
6930;19;259
6932;19.7;260
6934;20.1;261
6936;19.8;260
6938;20.6;262
6940;18.7;261
6942;19.6;262
6944;21;263
6946;19.5;262
6948;19;265
6950;20.6;264
6952;21.2;265
6954;23.8;263
6956;21.5;260
6958;21.6;261
6960;20;258
6962;19.1;259
6964;21.6;259
6966;19.9;258
6968;19.5;261
6970;20.4;259
6972;19.4;260
6974;19.1;262
6976;19.9;260
6978;20.9;263
6980;20.7;260
6982;19.8;261
6984;20.6;262
6986;20.4;259
6988;20.5;263
6990;20.3;260
6992;19.9;261
6994;20.3;262
6996;19.8;262
6998;20.8;263
7000;21.7;259
7002;21.5;259
7004;21.8;258
7006;20.5;255
7008;19;257
7010;19.8;257
7012;19.2;258
7014;19.6;259
7016;18.8;259
7018;19.6;262
7020;19;261
7022;18.4;263
7024;20.7;265
7026;20.9;263
7028;21.6;265
7030;21.9;261
7032;21.3;261
7034;19.1;262
7036;20.5;259
7038;21.1;261
7040;20.4;258
7042;19.6;260
7044;21.7;259
7046;23.1;254
7048;22.6;254
7050;21.6;251
7052;20.9;250
7054;20.6;251
7056;19.7;251
7058;20.3;254
7060;18.4;252
7062;18.7;255
7064;19.9;256
7066;18.3;255
7068;18;260
7070;20.1;259
7072;20.3;260
7074;20.2;260
7076;19.8;260
7078;21;261
7080;19.7;259
7082;18.1;261
7084;21.2;262
7086;20;261
7088;20.3;263
7090;20.6;261
7092;21.9;261
7094;22.7;259
7096;21.7;256
7098;22.7;255
7100;20.7;252
7102;19.8;253
7104;20.5;254
7106;19.5;255
7108;18.9;256
7110;18.5;256
7112;18.7;257
7114;18.6;259
7116;18.4;259
7118;20.7;262
7120;19.1;259
7122;20.3;260
7124;20.8;261
7126;20;259
7128;18.3;261
7130;20.4;261
7132;19.9;263
7134;20.3;264
7136;19.7;264
7138;23.6;264
7140;21.6;259
7142;20.5;259
7144;21.8;259
7146;20.2;257
7148;18.9;259
7150;20.2;257
7152;19.5;258
7154;18.6;260
7156;19.4;259
7158;20.4;261
7160;19.5;259
7162;19;261
7164;20.5;261
7166;19.7;259
7168;20.7;262
7170;20.5;260
7172;20.3;259
7174;19.1;261
7176;19.3;261
7178;20.7;263
7180;18.6;262
7182;19.7;263
7184;23.1;263
7186;22.8;258
7188;20.5;259
7190;21.7;257
7192;19.6;257
7194;20.1;258
7196;19.1;257
7198;20.2;260
7200;19.2;259
7202;17.7;262
7204;20.9;262
7206;19.5;261
7208;19.7;264
7210;21.7;261
7212;21.1;261
7214;20.2;262
7216;21.1;259
7218;21.7;261
7220;20.3;258
7222;19.7;258
7224;20.4;259
7226;19.7;257
7228;20.5;261
7230;21.5;258
7232;22.3;255
7234;21.4;254
7236;20.9;253
7238;21.6;254
7240;19.7;252
7242;19.3;254
7244;21;255
7246;19.1;254
7248;17.5;257
7250;19.4;257
7252;19;259
7254;20.1;260
7256;19.6;260
7258;21.2;261
7260;20.1;259
7262;19.7;260
7264;21.4;260
7266;20.1;258
7268;20.1;260
7270;21.2;257
7272;19.9;258
7274;20.1;259
7276;22.5;255
7278;24.1;254
7280;22.2;250
7282;21.1;250
7284;21.5;249
7286;20.1;247
7288;19.7;250
7290;20;249
7292;19.3;250
7294;18.6;252
7296;18.8;252
7298;20.1;255
7300;17.2;255
7302;19.4;256
7304;21.3;257
7306;18.5;256
7308;19.3;258
7310;20.3;257
7312;19.3;258
7314;19.9;260
7316;19.2;259
7318;19.7;262
7320;18.8;260
7322;19.5;262
7324;21.9;261
7326;22.2;257
7328;22.5;257
7330;21.5;253
7332;20.7;254
7334;20;255
7336;20.1;253
7338;22;254
7340;19.4;252
7342;18.8;254
7344;19.6;255
7346;18.6;254
7348;19.8;258
7350;20.8;255
7352;20.3;255
7354;18.7;256
7356;19.8;255
7358;19.4;258
7360;18.5;258
7362;19.7;259
7364;20.8;260
7366;19.4;259
7368;19.4;262
7370;22.3;259
7372;22.2;257
7374;21.7;257
7376;20;256
7378;20.5;257
7380;18.4;256
7382;18.1;258
7384;20.6;258
7386;18.7;257
7388;19.5;260
7390;20.7;258
7392;19.7;259
7394;19.7;260
7396;21.4;257
7398;22.4;258
7400;19.7;256
7402;19.4;256
7404;19.9;256
7406;19.1;255
7408;20.4;258
7410;20.4;257
7412;19.6;258
7414;19.4;260
7416;21;258
7418;22.5;257
7420;20.3;254
7422;20.3;255
7424;22.9;255
7426;20;253
7428;19.3;256
7430;20.4;255
7432;18.4;256
7434;19.4;259
7436;19.3;259
7438;20.3;261
7440;18.5;260
7442;19.7;262
7444;21.2;261
7446;20.2;259
7448;21.7;262
7450;20.8;258
7452;20.1;258
7454;19.8;259
7456;20.3;258
7458;21.9;259
7460;20.4;257
7462;20.8;256
7464;23.1;253
7466;21.5;250
7468;21.8;252
7470;20.9;249
7472;20.3;250
7474;19;251
7476;18.9;251
7478;19.4;254
7480;17.8;254
7482;18.5;256
7484;21;257
7486;19;256
7488;19;259
7490;20.4;258
7492;20.1;258
7494;20.5;259
7496;19.5;258
7498;20.1;260
7500;18.8;259
7502;19.2;261
7504;20.7;262
7506;19.8;260
7508;21.6;261
7510;22.9;256
7512;21.1;255
7514;21.1;255
7516;20.5;253
7518;22.4;255
7520;20.1;252
7522;19.3;254
7524;19.9;255
7526;18.8;254
7528;19;257
7530;19.3;257
7532;18.9;257
7534;18.7;259
7536;20.1;258
7538;20.4;260
7540;18.4;259
7542;19.2;260
7544;20.2;262
7546;19.6;261
7548;18.6;264
7550;21.3;263
7552;20;263
7554;22;263
7556;22.1;260
7558;22;260
7560;20.3;257
7562;19;259
7564;20.4;260
7566;19.7;258
7568;19.3;262
7570;20.2;260
7572;19;262
7574;19.2;263
7576;20.4;262
7578;21;264
7580;20.5;262
7582;20.4;262
7584;20.7;262
7586;20.3;259
7588;20.7;263
7590;20.3;261
7592;20.6;262
7594;19.1;263
7596;20.1;262
7598;21.8;264
7600;21;260
7602;21.4;259
7604;23;259
7606;21.1;255
7608;19;258
7610;20.2;257
7612;19.4;258
7614;20.3;259
7616;18.6;260
7618;20.1;263
7620;19.4;262
7622;18.4;264
7624;20;266
7626;20.1;264
7628;21.9;264
7630;22;261
7632;20.5;262
7634;20.5;262
7636;20.3;261
7638;22;262
7640;20.5;259
7642;19.6;260
7644;20.7;261
7646;22;257
7648;22;257
7650;21.6;254
7652;20.9;253
7654;20;254
7656;19.4;254
7658;19.6;257
7660;17.3;255
7662;18.6;257
7664;19.9;259
7666;19.4;257
7668;17.9;261
7670;19.5;261
7672;21.1;260
7674;21.4;261
7676;20;259
7678;21.1;261
7680;19.9;259
7682;18.6;261
7684;20.6;262
7686;19.8;259
7688;19.8;262
7690;20.9;260
7692;22.4;258
7694;22.4;257
7696;21.7;253
7698;22.3;254
7700;21.2;251
7702;19.8;251
7704;20.8;252
7706;19.6;253
7708;19.1;254
7710;18.7;254
7712;19.1;255
7714;17.9;257
7716;18.2;257
7718;21.4;260
7720;19.1;258
7722;20.1;259
7724;21.1;260
7726;19.8;258
7728;18.8;262
7730;19.8;261
7732;20;262
7734;20.7;263
7736;19.7;263
7738;23.4;262
7740;21.6;258
7742;20.4;258
7744;21;258
7746;20.2;256
7748;19.3;258
7750;20.5;256
7752;19.1;257
7754;19.4;259
7756;19.3;258
7758;19.6;261
7760;19;259
7762;18.9;261
7764;21.4;262
7766;19.9;259
7768;20.5;261
7770;20;260
7772;20.1;260
7774;19.2;261
7776;19.7;261
7778;20.9;263
7780;19.3;261
7782;19.6;264
7784;23.1;263
7786;22.5;258
7788;20.5;259
7790;21.1;258
7792;20.1;258
7794;20.2;258
7796;19.1;259
7798;20.4;260
7800;19.2;259
7802;18.5;262
7804;20.7;263
7806;20;262
7808;19.8;265
7810;21.2;263
7812;20.4;263
7814;20.1;263
7816;21.5;261
7818;20.9;262
7820;20.3;259
7822;19.4;260
7824;20.3;261
7826;20.1;259
7828;19.9;261
7830;21.8;258
7832;21.9;256
7834;20.8;255
7836;20.9;254
7838;21.2;255
7840;18.7;254
7842;19;255
7844;20.1;257
7846;18.6;256
7848;18.1;259
7850;20;258
7852;18.7;260
7854;19.7;262
7856;19.5;262
7858;20.9;263
7860;20;261
7862;20.3;262
7864;21.2;262
7866;20;260
7868;20.2;263
7870;20.9;261
7872;20.1;261
7874;19.9;262
7876;22.2;259
7878;22;257
7880;21.8;253
7882;21.1;252
7884;21.9;251
7886;20.3;249
7888;19.7;251
7890;20.5;250
7892;19.9;250
7894;18;253
7896;19.1;252
7898;19.9;255
7900;17.8;255
7902;19;256
7904;20.7;257
7906;19.7;255
7908;18.8;258
7910;20.4;257
7912;18.7;258
7914;20.2;259
7916;19.9;258
7918;19.9;261
7920;19.6;259
7922;19.9;260
7924;23.4;258
7926;21.6;254
7928;21.6;255
7930;22;252
7932;20.9;251
7934;19.1;253
7936;20.3;252
7938;21;253
7940;19.3;252
7942;18.9;254
7944;20.1;254
7946;19.1;253
7948;19.9;257
7950;19.7;255
7952;19.9;255
7954;19.5;256
7956;19.6;255
7958;19.8;257
7960;17.7;257
7962;19.3;258
7964;20.3;259
7966;19.1;259
7968;20;261
7970;22.9;257
7972;21.5;256
7974;21;257
7976;20.4;254
7978;20.4;256
7980;18.4;255
7982;18;257
7984;19.4;258
7986;18.6;257
7988;19.6;260
7990;20.3;258
7992;19.4;260
7994;18.5;261
7996;21.1;259
7998;21.8;259
8000;20.3;256
8002;19.4;257
8004;20.1;257
8006;19.4;255
8008;19.6;259
8010;20.5;258
8012;19;257
8014;20.1;259
8016;21.5;257
8018;22;257
8020;20.3;254
8022;19.6;255
8024;21.9;255
8026;19.6;253
8028;18.8;256
8030;19.7;256
8032;18.6;257
8034;19.3;259
8036;19.7;259
8038;19.6;261
8040;18.6;261
8042;19.3;262
8044;21.7;262
8046;20;261
8048;21.3;263
8050;21.2;259
8052;19.8;260
8054;19.9;262
8056;20.6;260
8058;21.4;261
8060;21;258
8062;21.2;258
8064;22.8;255
8066;21.8;252
8068;21.2;253
8070;20.9;252
8072;20.1;251
8074;19.7;253
8076;19.3;253
8078;20.3;255
8080;17;255
8082;18.2;257
8084;20.8;259
8086;19.3;258
8088;19;261
8090;20.8;259
8092;20.3;259
8094;20.6;260
8096;19.6;259
8098;20.3;261
8100;19.5;260
8102;19.3;261
8104;21;261
8106;19.8;260
8108;21.4;261
8110;22.9;257
8112;21.7;255
8114;19.9;255
8116;21.1;253
8118;21.8;254
8120;20;252
8122;19.2;252
8124;20.3;254
8126;19.1;252
8128;19;256
8130;19;255
8132;19.2;256
8134;19.2;258
8136;19.9;256
8138;20;259
8140;18.6;256
8142;19.1;258
8144;20.7;260
8146;19.4;258
8148;18.9;262
8150;20.4;261
8152;20.4;262
8154;22.2;261
8156;21.6;258
8158;21.7;259
8160;20.5;256
8162;19;257
8164;21.4;258
8166;19.2;256
8168;19.2;259
8170;20;258
8172;18.6;259
8174;19.7;261
8176;19.5;260
8178;20.2;262
8180;20.2;259
8182;19.9;260
8184;21.3;260
8186;20;258
8188;19.5;261
8190;20;260
8192;19.6;260
8194;19;261
8196;19.8;261
8198;21.3;263
8200;19.5;262
8202;21.2;261
8204;22.5;261
8206;21;257
8208;19.5;259
8210;20.2;259
8212;19.6;259
8214;19.6;260
8216;18.5;261
8218;20.1;263
8220;18.9;262
8222;18.7;264
8224;20.6;266
8226;20.9;264
8228;21.5;265
8230;22.5;262
8232;21.2;262
8234;19.9;263
8236;20.1;260
8238;21.3;262
8240;20.2;259
8242;19.8;260
8244;21;261
8246;22.1;256
8248;22.2;257
8250;21.6;254
8252;21.3;253
8254;19.5;253
8256;19.5;253
8258;20.1;255
8260;18.3;254
8262;18.2;257
8264;19.4;259
8266;19.1;257
8268;17.7;261
8270;19.5;261
8272;20.4;261
8274;21.1;261
8276;20;260
8278;21.1;262
8280;19.4;259
8282;18.6;262
8284;20.5;263
8286;20.4;260
8288;20;262
8290;21;260
8292;21.8;259
8294;22.4;257
8296;22.5;253
8298;22.4;254
8300;21.6;249
8302;19.9;250
8304;20.1;251
8306;20;252
8308;18.3;253
8310;19.5;253
8312;19.2;254
8314;18.6;256
8316;18.3;255
8318;21.4;258
8320;19.1;256
8322;19.6;257
8324;20.8;258
8326;19.6;255
8328;18.8;259
8330;20;259
8332;19.8;259
8334;20.3;260
8336;19.3;260
8338;22.7;259
8340;21.5;255
8342;20;255
8344;21.7;255
8346;20.3;252
8348;20.8;255
8350;19.9;253
8352;19.6;254
8354;18.5;256
8356;18.9;255
8358;19;257
8360;18.8;256
8362;19.5;258
8364;20.7;258
8366;19.8;255
8368;19.5;257
8370;20.1;256
8372;19.7;256
8374;18.8;258
8376;18.9;258
8378;20.8;261
8380;18.9;259
8382;19.1;260
8384;22.7;260
8386;22.1;255
8388;20;256
8390;20.5;255
8392;19.8;255
8394;20.5;256
8396;18.7;256
8398;19.8;258
8400;18.5;258
8402;18;260
8404;19.8;262
8406;19.5;260
8408;19.7;264
8410;21.1;261
8412;20.3;261
8414;20.6;262
8416;21.1;259
8418;22.1;260
8420;20.4;257
8422;19.4;258
8424;20.6;259
8426;20.1;257
8428;20;260
8430;21.6;257
8432;22.8;255
8434;21.5;253
8436;21.1;252
8438;21.2;253
8440;18.9;251
8442;19.5;253
8444;20.8;254
8446;19.7;252
8448;17.4;256
8450;19.1;257
8452;18.7;258
8454;19.3;261
8456;19.5;260
8458;21.1;261
8460;20.1;258
8462;19.9;260
8464;20.9;261
8466;19.7;258
8468;20.4;261
8470;20.6;259
8472;20;259
8474;18.6;260
8476;22.5;257
8478;24.2;255
8480;22.4;251
8482;20.9;251
8484;21.9;251
8486;19.6;249
8488;20.8;251
8490;20.3;251
8492;19.8;251
8494;18.8;253
8496;19.1;253
8498;19.5;256
8500;17.6;255
8502;19;257
8504;21.2;258
8506;19.6;256
8508;19.8;258
8510;21;257
8512;19.4;258
8514;20.7;258
8516;19.3;258
8518;20.3;259
8520;18.9;258
8522;20.1;259
8524;21;257
8526;21.9;252
8528;21.9;253
8530;22;250
8532;20.6;249
8534;18.7;252
8536;20.6;249
8538;21.5;251
8540;19.8;249
8542;18.7;251
8544;20.3;252
8546;18.9;250
8548;19.8;254
8550;20.5;253
8552;20.1;253
8554;19.9;254
8556;19.7;253
8558;19.8;255
8560;18.2;254
8562;18.8;257
8564;20.4;258
8566;18.8;256
8568;20.7;258
8570;23.1;254
8572;21.5;253
8574;21.3;253
8576;19.8;252
8578;20.4;253
8580;18.8;253
8582;18.4;254
8584;20.4;255
8586;17.9;254
8588;19.8;258
8590;20.1;256
8592;18.8;258
8594;17.8;260
8596;20.5;258
8598;21.7;259
8600;20.4;256
8602;19.3;257
8604;19.6;257
8606;19.3;255
8608;19.3;258
8610;20.2;258
8612;19.1;258
8614;19.7;260
8616;21.8;257
8618;22.5;257
8620;19.9;254
8622;19.8;255
8624;21.9;255
8626;19.4;253
8628;18.1;256
8630;19.5;256
8632;18.6;257
8634;19.1;260
8636;19;259
8638;20.1;261
8640;18.9;262
8642;19.7;262
8644;22.3;263
8646;20.1;260
8648;21.2;262
8650;21;260
8652;20.1;260
8654;20.2;261
8656;20.4;260
8658;21.4;261
8660;20.3;259
8662;21.2;258
8664;23;257
8666;21.7;252
8668;21.5;254
8670;20.4;252
8672;20;252
8674;18.9;254
8676;18.9;253
8678;19.2;257
8680;17.3;256
8682;18.6;259
8684;20.5;261
8686;19.1;259
8688;19.4;261
8690;21.7;259
8692;20.2;260
8694;20.2;261
8696;19.5;261
8698;20.4;262
8700;19.1;261
8702;19.1;263
8704;20.4;263
8706;20.5;261
8708;21.7;261
8710;23;256
8712;21.2;255
8714;20.4;255
8716;20.9;253
8718;22;255
8720;19.9;253
8722;19.3;253
8724;20.3;255
8726;19.1;253
8728;19.6;257
8730;18.8;256
8732;19.6;257
8734;19.2;257
8736;20;257
8738;20.8;258
8740;19.4;256
8742;19.3;258
8744;21;259
8746;19.6;258
8748;18.6;260
8750;20.3;260
8752;19.5;260
8754;21.2;261
8756;21.7;258
8758;22;257
8760;20.1;255
8762;19.3;256
8764;21.5;257
8766;19.2;254
8768;20.1;258
8770;19.9;256
8772;18.9;257
8774;18.9;259
8776;19.4;258
8778;20.4;260
8780;20.3;258
8782;19.6;258
8784;21;259
8786;20.1;257
8788;19.2;260
8790;19.8;259
8792;19.6;258
8794;20;260
8796;19.4;260
8798;20.7;262
8800;20.7;259
8802;21.4;258
8804;23.2;258
8806;20.2;255
8808;18.8;257
8810;19.7;257
8812;19.3;258
8814;19.4;259
8816;18.6;259
8818;20.1;261
8820;18.8;260
8822;18.1;263
8824;20.9;265
8826;20.7;262
8828;20.8;265
8830;21.6;262
8832;20.4;262
8834;20.1;263
8836;20.2;261
8838;21.6;263
8840;20.4;260
8842;19.9;261
8844;20.2;262
8846;21.6;258
8848;21.6;258
8850;21.3;256
8852;20.9;254
8854;20.1;254
8856;19.8;254
8858;19.8;256
8860;17.7;255
8862;18.6;257
8864;20.9;258
8866;19.1;257
8868;17.9;261
8870;19.2;261
8872;20.1;262
8874;20.8;262
8876;20.4;262
8878;21.1;263
8880;20.1;260
8882;19.7;262
8884;21.2;263
8886;20.5;261
8888;20.6;263
8890;20.9;261
8892;21.9;260
8894;21.9;258
8896;21.8;255
8898;22.4;255
8900;21.1;251
8902;19.2;252
8904;20.4;253
8906;19.4;251
8908;18.4;254
8910;19;254
8912;19.6;255
8914;18.3;257
8916;18.9;258
8918;21.1;260
8920;19.5;257
8922;19.7;258
8924;20.6;260
8926;20.6;257
8928;18.8;260
8930;19.7;260
8932;20.1;260
8934;20.1;261
8936;19.4;261
8938;22.6;261
8940;22.2;256
8942;20.4;256
8944;21.2;255
8946;20.6;253
8948;20.6;255
8950;20.4;253
8952;19.8;254
8954;18.6;256
8956;19.1;255
8958;20.3;257
8960;19;255
8962;19.1;257
8964;20.5;258
8966;19.9;255
8968;20.7;258
8970;20.1;257
8972;19.8;256
8974;18.7;258
8976;18.9;257
8978;21.4;260
8980;18.4;258
8982;19.2;261
8984;22.3;261
8986;22.5;256
8988;20.2;257
8990;21.2;254
8992;20;254
8994;20;255
8996;19.1;255
8998;19.1;258
9000;19.2;256
9002;17.9;259
9004;19.2;262
9006;19;259
9008;19.3;263
9010;21.5;261
9012;20.6;261
9014;20.2;262
9016;20.9;259
9018;21.7;261
9020;19.7;258
9022;19.2;259
9024;20.5;260
9026;19.3;258
9028;19.6;261
9030;22.2;259
9032;22.7;256
9034;21.3;255
9036;20.4;254
9038;21.3;256
9040;18.2;254
9042;18.8;256
9044;20.3;257
9046;19;256
9048;17.8;260
9050;19.6;260
9052;18.6;261
9054;20;263
9056;20;262
9058;21;263
9060;20.1;261
9062;19.9;262
9064;21.4;263
9066;19.7;260
9068;20.4;263
9070;21;261
9072;19.5;261
9074;19.2;262
9076;22.4;259
9078;24.5;258
9080;22;253
9082;20.8;252
9084;21.9;252
9086;20.2;250
9088;19.1;253
9090;20.6;252
9092;19.1;252
9094;18.5;254
9096;19.1;255
9098;19.7;258
9100;17.6;257
9102;18.3;260
9104;21.9;261
9106;20.1;259
9108;19.2;261
9110;20.7;259
9112;19.7;260
9114;20;261
9116;19.6;260
9118;20.2;262
9120;19.4;261
9122;20.6;262
9124;23.8;259
9126;21.8;254
9128;21.4;255
9130;21.5;252
9132;20.1;252
9134;19.2;253
9136;20.4;251
9138;21.8;253
9140;19.9;251
9142;18.8;253
9144;20.7;254
9146;19.3;252
9148;19.9;255
9150;20.8;253
9152;20.2;253
9154;19.5;255
9156;19.9;253
9158;20.7;256
9160;18.2;254
9162;18.9;257
9164;20.9;258
9166;18.8;257
9168;20.6;258
9170;23.2;254
9172;21.9;253
9174;21.2;253
9176;19.9;251
9178;20.5;253
9180;18.5;252
9182;18.8;254
9184;19.2;256
9186;18.2;254
9188;18.3;258
9190;20.3;256
9192;19.5;258
9194;18.7;260
9196;20.9;257
9198;21.8;259
9200;20.2;255
9202;19.8;255
9204;20.8;256
9206;19.2;253
9208;18.4;257
9210;19.7;257
9212;18.7;257
9214;19.9;259
9216;21.3;258
9218;21.9;257
9220;19.5;255
9222;19.9;255
9224;22.2;255
9226;19.4;254
9228;18.4;257
9230;20;256
9232;18;257
9234;19.4;260
9236;18.9;260
9238;19.6;262
9240;19.5;262
9242;19.8;262
9244;22;263
9246;20.1;260
9248;21.2;262
9250;20.8;260
9252;19.6;261
9254;19.6;263
9256;20.2;261
9258;21.2;262
9260;20.4;259
9262;22.1;258
9264;23.2;256
9266;21.2;252
9268;20.8;254
9270;20.5;252
9272;19.6;252
9274;19.6;254
9276;18.8;254
9278;19.6;258
9280;16.8;257
9282;18.4;260
9284;20.5;262
9286;20.2;259
9288;19.5;263
9290;21.3;261
9292;20.3;261
9294;20.8;262
9296;19.8;261
9298;19.9;264
9300;19.2;262
9302;19.7;264
9304;21.5;263
9306;20.7;262
9308;23.3;262
9310;23.4;257
9312;21.1;255
9314;19.5;256
9316;20.9;253
9318;21.4;255
9320;19.7;253
9322;19.3;254
9324;20.4;255
9326;19;253
9328;18.1;258
9330;19.1;257
9332;19.3;258
9334;19.5;258
9336;20;257
9338;21;259
9340;19.9;257
9342;19.1;258
9344;20.9;259
9346;19.7;258
9348;18.9;260
9350;20.1;260
9352;20;260
9354;23.4;259
9356;22;255
9358;21.7;255
9360;20.9;252
9362;19.4;254
9364;20.4;255
9366;20;253
9368;19.9;256
9370;19.9;255
9372;19.2;256
9374;18.9;257
9376;19.1;257
9378;20.5;259
9380;20.1;256
9382;19.3;257
9384;19.9;257
9386;19.9;255
9388;20.5;257
9390;19.5;256
9392;19.3;256
9394;18.6;258
9396;19.2;257
9398;19.9;260
9400;21.6;256
9402;21.5;255
9404;22;254
9406;20.6;252
9408;19.5;254
9410;19.8;255
9412;19.1;255
9414;19.8;257
9416;18.1;257
9418;19.5;260
9420;18.2;259
9422;18.4;262
9424;21.2;263
9426;20.6;261
9428;20.2;263
9430;21.1;260
9432;20.1;260
9434;18.7;262
9436;20;260
9438;20.9;262
9440;20.2;260
9442;19.3;260
9444;20.4;261
9446;22.3;258
9448;21.3;258
9450;21.1;255
9452;20.9;254
9454;19.7;255
9456;19.7;254
9458;19.9;257
9460;18.1;255
9462;18.2;257
9464;19.7;260
9466;19;258
9468;17.7;262
9470;19.5;262
9472;20.7;262
9474;20.6;263
9476;20.5;262
9478;21.2;263
9480;20.1;261
9482;19.3;263
9484;20.9;263
9486;20.3;261
9488;20.4;263
9490;20.8;262
9492;22.5;260
9494;22.2;258
9496;22;255
9498;22.6;254
9500;21;251
9502;19.8;252
9504;20.2;253
9506;19.7;251
9508;19.1;254
9510;19.4;255
9512;18.9;255
9514;17.7;257
9516;18.7;257
9518;20.7;259
9520;19.1;258
9522;19.8;259
9524;21.2;260
9526;20.3;257
9528;18.5;260
9530;20.1;260
9532;20.4;260
9534;20.2;262
9536;19.1;262
9538;21.9;263
9540;22.6;258
9542;20.5;258
9544;21.3;257
9546;20.4;255
9548;20.2;257
9550;20.4;255
9552;19.9;255
9554;18.4;257
9556;19.6;256
9558;19.8;257
9560;19.6;256
9562;19.2;256
9564;21.2;258
9566;20.4;254
9568;20;257
9570;20.2;255
9572;19.8;254
9574;18.9;256
9576;19;256
9578;20.1;258
9580;17.6;256
9582;19.1;258
9584;21.6;260
9586;22.8;254
9588;21.1;255
9590;21.8;253
9592;20.5;252
9594;20.5;253
9596;19.2;253
9598;20.2;255
9600;19.2;254
9602;17.8;257
9604;19;259
9606;19.3;257
9608;19.2;260
9610;21;258
9612;20.7;258
9614;20.1;260
9616;20.7;257
9618;21.6;258
9620;19.9;255
9622;19.3;256
9624;20.5;257
9626;19.8;255
9628;19.6;258
9630;20.8;256
9632;22.7;254
9634;21.5;253
9636;21;251
9638;21.2;253
9640;19.4;251
9642;18.8;253
9644;21.4;255
9646;19.2;253
9648;17.6;257
9650;19.4;257
9652;18.4;258
9654;19.1;261
9656;19.7;260
9658;20.8;262
9660;19.9;260
9662;19.5;260
9664;21.6;261
9666;19.7;259
9668;20.2;262
9670;21.1;259
9672;19.9;260
9674;20;262
9676;21.8;259
9678;24;258
9680;22;253
9682;20.9;253
9684;21.1;253
9686;20.2;250
9688;20;253
9690;20.3;252
9692;19.4;252
9694;18.9;254
9696;18.8;254
9698;19.7;258
9700;17.7;256
9702;19.4;258
9704;21.5;260
9706;19.4;257
9708;19.6;259
9710;20.8;257
9712;19.9;258
9714;19.8;259
9716;19.6;258
9718;20.5;260
9720;19.2;259
9722;19.5;259
9724;23.9;258
9726;22;254
9728;21.2;255
9730;22.2;251
9732;20.3;251
9734;19.8;253
9736;20.6;251
9738;21.3;252
9740;19.7;250
9742;19.1;252
9744;20.2;254
9746;19.6;251
9748;20.3;255
9750;21.1;253
9752;20.4;252
9754;20.1;253
9756;20.4;251
9758;20.4;254
9760;18.9;253
9762;19.1;255
9764;20.8;256
9766;18.8;255
9768;19.1;258
9770;22.5;255
9772;22.5;253
9774;22.4;252
9776;20.6;251
9778;21.1;251
9780;19.6;250
9782;18.6;251
9784;20.1;253
9786;18.6;251
9788;19.7;255
9790;21;253
9792;18.9;253
9794;18.8;257
9796;21.4;253
9798;22.8;253
9800;20.4;250
9802;19.6;251
9804;20.4;251
9806;19.5;250
9808;19.2;254
9810;20.7;252
9812;19.1;253
9814;19;256
9816;21.8;252
9818;22.9;253
9820;20.1;249
9822;19.8;251
9824;21.6;251
9826;19.7;250
9828;18.5;252
9830;20.3;252
9832;18.7;254
9834;18.7;257
9836;18.8;256
9838;20;259
9840;18.5;258
9842;19.2;260
9844;21.1;260
9846;19.9;258
9848;20.1;261
9850;20.5;257
9852;20.4;258
9854;19.2;260
9856;20;258
9858;21;260
9860;20.7;257
9862;21.9;256
9864;23.3;253
9866;21.4;250
9868;21;252
9870;20.6;250
9872;20.5;251
9874;19.3;252
9876;19;252
9878;19.2;255
9880;16.6;255
9882;18.3;258
9884;20.4;260
9886;19.7;259
9888;19.5;261
9890;21.4;260
9892;19.7;260
9894;20.5;261
9896;19.4;260
9898;20.8;263
9900;19.3;260
9902;19.4;263
9904;19.9;263
9906;20.8;261
9908;22.4;261
9910;23.3;256
9912;21;254
9914;20.2;255
9916;21.3;253
9918;21.4;254
9920;19.8;252
9922;19;253
9924;20.6;254
9926;19.1;253
9928;18.8;257
9930;19.3;256
9932;19.3;257
9934;20.3;259
9936;19.6;257
9938;21.3;259
9940;19.3;257
9942;19.2;258
9944;21;260
9946;19.6;258
9948;18.5;261
9950;20.2;261
9952;20;261
9954;21;260
9956;22;255
9958;21.6;256
9960;20.2;253
9962;19.5;254
9964;20.8;255
9966;20.4;252
9968;18.9;256
9970;19.8;254
9972;19.3;254
9974;18.4;256
9976;19.3;255
9978;20.3;258
9980;20.2;255
9982;19.3;255
9984;20.6;256
9986;20.3;253
9988;19.8;256
9990;19.7;254
9992;19.2;255
9994;19.2;256
9996;18.9;255
9998;20.5;258
10000;22.1;254
10002;21.5;252
10004;22.8;252
10006;20.6;249
10008;19.4;252
10010;20;251
10012;19.4;252
10014;19.6;255
10016;18;255
10018;19.3;257
10020;18.6;257
10022;18.5;259
10024;21;261
10026;20.2;258
10028;20.5;261
10030;21.5;259
10032;20.5;258
10034;19.9;260
10036;20.7;257
10038;21.1;259
10040;20.1;257
10042;19;258
10044;20.6;259
10046;22.8;255
10048;21.6;254
10050;21.3;252
10052;21.1;251
10054;20.1;252
10056;19.6;252
10058;20;254
10060;18.5;253
10062;18.1;255
10064;19.4;258
10066;19.1;256
10068;18;260
10070;20;260
10072;20.9;259
10074;20.8;261
10076;19.8;260
10078;20.7;261
10080;19.8;258
10082;18.8;261
10084;21.4;262
10086;20;259
10088;19.6;262
10090;20.3;261
10092;21.6;260
10094;21.5;259
10096;22.2;255
10098;21.7;255
10100;21.1;251
10102;19.6;252
10104;21.1;253
10106;19.8;251
10108;18.9;254
10110;19.1;253
10112;18.8;254
10114;17.6;257
10116;19.3;257
10118;21.6;258
10120;19.2;256
10122;19.6;256
10124;20.6;257
10126;19.8;255
10128;18.5;258
10130;19.6;257
10132;19.9;258
10134;20.1;259
10136;19.5;259
10138;22.7;259
10140;21.9;254
10142;20;254
10144;21.5;254
10146;20.6;252
10148;19.9;254
10150;20.3;253
10152;19.4;252
10154;19.1;255
10156;19.4;254
10158;19.4;257
10160;19.3;255
10162;18.8;256
10164;20;257
10166;19.9;255
10168;19.9;257
10170;20.3;255
10172;19.9;255
10174;18.5;256
10176;19.2;256
10178;20.3;257
10180;18.9;256
10182;19.1;258
10184;21.5;259
10186;22.3;254
10188;20.7;255
10190;21.7;252
10192;20.7;252
10194;20.4;253
10196;19.8;252
10198;20.5;254
10200;19.2;253
10202;18.3;255
10204;19.8;257
10206;19.3;255
10208;19.3;259
10210;21.1;256
10212;20.3;257
10214;20.5;257
10216;20.5;255
10218;20.9;257
10220;20.3;253
10222;19.1;255
10224;20.2;255
10226;19.3;254
10228;19.7;257
10230;21;256
10232;22.5;252
10234;21;252
10236;20.6;251
10238;22.1;252
10240;19.3;251
10242;19.1;252
10244;21;254
10246;19.1;253
10248;17.8;257
10250;19.4;257
10252;18.3;258
10254;18.7;260
10256;19.9;260
10258;20.7;262
10260;19.5;259
10262;19.7;260
10264;20.5;261
10266;19.4;259
10268;20.3;262
10270;20.9;260
10272;19.4;260
10274;19.3;261
10276;21;260
10278;23.6;258
10280;21.7;254
10282;21;253
10284;21.8;252
10286;20.3;251
10288;20;253
10290;20.2;251
10292;19.7;252
10294;18.5;255
10296;18.7;255
10298;18.8;258
10300;17.8;257
10302;19.7;259
10304;21.4;260
10306;19.9;259
10308;19.3;261
10310;21.2;259
10312;19.5;260
10314;20.4;261
10316;19.8;260
10318;20.4;262
10320;19.5;261
10322;19.3;260
10324;22.7;259
10326;21.8;258
10328;22.1;258
10330;22.2;255
10332;20.6;254
10334;19.6;255
10336;20.8;252
10338;21.6;254
10340;19.5;252
10342;19.4;253
10344;20.4;254
10346;19.3;252
10348;19.8;256
10350;21.2;253
10352;21.2;252
10354;20.5;254
10356;20.2;252
10358;22.2;254
10360;18.4;254
10362;19.5;255
10364;21;257
10366;18.6;255
10368;20.1;258
10370;23.6;253
10372;21.9;252
10374;21.2;252
10376;20.4;251
10378;20.9;252
10380;19.5;251
10382;18.9;252
10384;21.5;254
10386;19;253
10388;19.4;255
10390;20.4;254
10392;19.2;255
10394;18.5;257
10396;20.9;254
10398;22.2;255
10400;20.6;251
10402;19.9;252
10404;20.8;253
10406;19.8;251
10408;19.4;254
10410;20.7;252
10412;19.8;252
10414;19.7;255
10416;21.1;253
10418;23;252
10420;21.1;249
10422;20.2;250
10424;22.5;250
10426;19.5;248
10428;18.9;251
10430;19.8;251
10432;18.9;252
10434;19.5;255
10436;18.7;255
10438;19;257
10440;18.6;257
10442;19.4;258
10444;21.7;258
10446;19.5;257
10448;20.5;259
10450;20.6;256
10452;19.6;257
10454;19.9;259
10456;20.1;257
10458;21.3;258
10460;21;255
10462;22.5;253
10464;22.8;252
10466;21;248
10468;20.9;250
10470;20.7;248
10472;20.3;250
10474;19.1;251
10476;18.9;251
10478;19.7;254
10480;17.1;255
10482;17.7;257
10484;19.6;259
10486;19.5;258
10488;19.4;260
10490;20.9;259
10492;19.9;260
10494;20.5;261
10496;19.5;260
10498;20;262
10500;19.1;260
10502;19.2;262
10504;21;263
10506;20.8;261
10508;23;261
10510;22.9;256
10512;21.1;255
10514;20.2;255
10516;20.6;252
10518;22.2;254
10520;19.8;252
10522;19.4;253
10524;20.2;254
10526;19.1;253
10528;19.2;257
10530;18.6;256
10532;19;257
10534;19.4;259
10536;19.6;258
10538;20.5;260
10540;18.9;258
10542;19.7;259
10544;21.2;261
10546;19.8;259
10548;19;262
10550;20.6;261
10552;20.9;262
10554;23.5;260
10556;21.8;256
10558;21.3;257
10560;20;254
10562;18.7;256
10564;20.8;257
10566;19.4;254
10568;19.3;257
10570;19.5;256
10572;19.1;257
10574;19;259
10576;19.3;259
10578;21.8;261
10580;20.6;257
10582;19.7;257
10584;20.7;257
10586;20.1;255
10588;20.6;258
10590;20.3;257
10592;19.6;256
10594;19.3;258
10596;19.9;258
10598;21.7;259
10600;22;254
10602;21.3;254
10604;21.5;254
10606;21.4;251
10608;19.1;253
10610;20.9;252
10612;19.5;254
10614;20;255
10616;18.1;255
10618;19.7;258
10620;18.3;256
10622;18;259
10624;19.8;261
10626;20.4;258
10628;21.2;261
10630;21.5;258
10632;20.6;258
10634;20.3;259
10636;20.4;257
10638;20.9;259
10640;20.4;256
10642;19.7;257
10644;20.4;259
10646;21.7;255
10648;22.5;255
10650;22.3;252
10652;20.9;250
10654;19.1;252
10656;19.4;252
10658;20.4;254
10660;18.6;253
10662;18.4;255
10664;19.6;257
10666;19.1;256
10668;18.1;260
10670;19.8;261
10672;20.5;260
10674;21.1;261
10676;19.9;259
10678;21;261
10680;19.7;259
10682;19;261
10684;21.5;263
10686;20.3;261
10688;20.6;264
10690;21;261
10692;22.9;259
10694;21.7;258
10696;21.3;254
10698;22.1;255
10700;21.2;251
10702;19.9;252
10704;20.3;254
10706;19.7;252
10708;19.8;256
10710;18.6;256
10712;19;256
10714;19.8;259
10716;18.9;259
10718;21;261
10720;19;259
10722;20.3;260
10724;22.3;261
10726;20;259
10728;18.6;262
10730;20.1;261
10732;20.5;262
10734;20.5;263
10736;19.8;263
10738;22.8;263
10740;23.1;258
10742;20.9;258
10744;21.9;258
10746;20.4;255
10748;19.9;257
10750;20.2;255
10752;19.3;256
10754;19.1;258
10756;19.7;256
10758;20.4;259
10760;19.8;257
10762;18.8;258
10764;20.6;259
10766;20.3;256
10768;21.1;259
10770;20.5;257
10772;20.4;257
10774;19.1;258
10776;19.8;257
10778;20.6;259
10780;19;258
10782;19.6;260
10784;22.3;260
10786;22.3;254
10788;20.8;256
10790;21.6;254
10792;20.7;253
10794;20.9;254
10796;19.7;254
10798;20.3;256
10800;18.4;255
10802;18;258
10804;20.6;260
10806;19.9;257
10808;19.8;260
10810;21.5;257
10812;20.9;257
10814;20.3;258
10816;20.7;255
10818;21.2;257
10820;20.1;254
10822;19.1;254
10824;20.6;256
10826;20;252
10828;19.4;256
10830;22.4;252
10832;22.8;250
10834;21.8;249
10836;20.5;247
10838;21.1;249
10840;19.4;248
10842;19.4;250
10844;20.7;251
10846;19.4;250
10848;18.2;254
10850;19.8;254
10852;18.3;255
10854;19.5;258
10856;20.2;257
10858;20.8;259
10860;19.5;257
10862;19.5;258
10864;20.9;259
10866;19.9;256
10868;20;260
10870;21.2;257
10872;19.7;257
10874;19.7;259
10876;20.5;257
10878;22.8;257
10880;22.3;252
10882;21.2;251
10884;21.6;251
10886;20.2;249
10888;19.5;251
10890;20.7;250
10892;19.1;251
10894;18.5;253
10896;18.7;254
10898;19;257
10900;17;256
10902;19.3;259
10904;22.1;258
10906;20;257
10908;19.3;259
10910;20.5;258
10912;19.1;259
10914;20.2;261
10916;19.5;260
10918;20.3;262
10920;19.5;261
10922;20;262
10924;23.1;261
10926;21.8;257
10928;22;258
10930;21.6;254
10932;20.7;254
10934;20.3;255
10936;20.4;253
10938;21.6;254
10940;19.5;252
10942;19;254
10944;20.6;256
10946;19.2;253
10948;20.4;256
10950;20.9;254
10952;20.2;254
10954;20.3;255
10956;19.8;254
10958;19.9;257
10960;18.1;255
10962;19.2;258
10964;21.4;258
10966;19.4;257
10968;19.4;260
10970;22.4;257
10972;22.6;255
10974;21.6;254
10976;21.1;252
10978;20.9;254
10980;19.8;252
10982;19.3;254
10984;20.5;255
10986;19.2;254
10988;18.9;256
10990;20.1;255
10992;19.6;256
10994;18.7;258
10996;20.9;255
10998;22.4;256
11000;20.4;253
11002;19.3;253
11004;21.1;255
11006;19.7;252
11008;19.5;256
11010;20.9;254
11012;19.8;254
11014;19.2;256
11016;20.5;254
11018;23;253
11020;20.8;250
11022;20.5;250
11024;22.7;251
11026;19.9;249
11028;19.2;252
11030;20.2;251
11032;18.6;253
11034;20.1;255
11036;19.1;254
11038;19.7;256
11040;18.4;256
11042;19.5;257
11044;20.9;258
11046;19.6;255
11048;19.9;258
11050;20.9;255
11052;19.5;256
11054;19.4;258
11056;20.3;256
11058;21.9;257
11060;20.8;254
11062;21.6;253
11064;23.2;251
11066;21.6;248
11068;21.6;250
11070;21.2;248
11072;20.1;249
11074;18.7;250
11076;19;250
11078;19.6;253
11080;17.9;253
11082;18.9;256
11084;19.9;258
11086;19;257
11088;19.5;260
11090;20.7;257
11092;20.2;259
11094;20.3;260
11096;19.8;259
11098;19.9;262
11100;19;261
11102;19.4;263
11104;21.2;263
11106;20.6;262
11108;22.1;263
11110;22.6;258
11112;22;256
11114;19.5;257
11116;20.2;254
11118;21.4;256
11120;20.1;253
11122;18.8;255
11124;19.6;255
11126;18.3;254
11128;18.6;259
11130;19.3;258
11132;19.2;259
11134;19.9;261
11136;20;259
11138;22;261
11140;18.8;259
11142;19.7;261
11144;21;262
11146;20.1;261
11148;19.5;264
11150;21.2;263
11152;21.3;262
11154;23.1;261
11156;21.8;258
11158;22.4;258
11160;20.2;255
11162;19.2;257
11164;21.1;257
11166;19.3;255
11168;19.8;259
11170;20.2;257
11172;19.7;258
11174;19.2;260
11176;20;259
11178;20.2;261
11180;20.8;257
11182;20.5;258
11184;21.1;258
11186;20.2;256
11188;20.2;258
11190;20;257
11192;20.2;257
11194;20;259
11196;19.8;258
11198;20.8;260
11200;20.9;257
11202;21.7;256
11204;22.6;255
11206;20.9;252
11208;19.4;254
11210;20.3;254
11212;19.1;255
11214;19.4;257
11216;18.5;257
11218;19.9;259
11220;18.2;258
11222;18.4;261
11224;21;263
11226;20.8;260
11228;21.1;262
11230;21.5;259
11232;20.9;259
11234;19.5;260
11236;20.2;259
11238;21.7;261
11240;20.5;258
11242;19.8;258
11244;21.2;258
11246;22.8;254
11248;22.6;254
11250;21.9;251
11252;21.3;251
11254;18.7;252
11256;19.5;251
11258;20.1;254
11260;18.7;252
11262;18.7;255
11264;19.7;257
11266;19.4;255
11268;18;260
11270;20;259
11272;20.3;260
11274;20.6;260
11276;19.8;259
11278;20.8;261
11280;18.9;260
11282;19.1;262
11284;20.9;263
11286;20.3;261
11288;20.2;263
11290;20.8;262
11292;22.5;259
11294;22.6;258
11296;21.6;255
11298;21.8;255
11300;20.9;252
11302;19.3;253
11304;20.4;254
11306;19.7;252
11308;19.1;256
11310;19;256
11312;18.9;257
11314;18.3;259
11316;18.7;259
11318;21.4;262
11320;19.2;260
11322;20.1;261
11324;21.5;262
11326;19.8;260
11328;19.1;263
11330;20.5;263
11332;20.1;263
11334;20.5;264
11336;20;264
11338;23.2;264
11340;21;260
11342;20.9;259
11344;21.5;259
11346;20.6;257
11348;20.1;258
11350;20.8;256
11352;19.5;257
11354;19.3;259
11356;19.7;258
11358;20.4;260
11360;19.5;259
11362;18.8;260
11364;20.6;261
11366;20.5;259
11368;20.7;261
11370;20.8;259
11372;20.4;259
11374;19.8;260
11376;19.6;259
11378;21.7;261
11380;19.1;260
11382;19.7;262
11384;22.9;261
11386;22.6;256
11388;20.4;257
11390;21.1;254
11392;20;255
11394;20.5;256
11396;19.1;255
11398;20;258
11400;17.8;257
11402;18.8;259
11404;19.9;261
11406;19.1;259
11408;20;262
11410;21.5;259
11412;20.4;259
11414;20.3;260
11416;20.8;257
11418;22.3;259
11420;20.4;255
11422;19.1;257
11424;20.7;258
11426;19.9;255
11428;19.5;258
11430;22.2;255
11432;22.7;252
11434;20.3;252
11436;21;249
11438;20.9;251
11440;19.6;250
11442;19.3;251
11444;21.4;253
11446;19.4;252
11448;18.3;255
11450;20.1;254
11452;18.5;255
11454;19.3;258
11456;19.4;258
11458;21.2;260
11460;19.8;257
11462;19.9;258
11464;21.1;259
11466;19.7;257
11468;20.3;260
11470;21.1;257
11472;20.2;258
11474;19.8;259
11476;21.6;257
11478;24.3;255
11480;22.4;250
11482;21.1;250
11484;21.4;250
11486;20.1;249
11488;19.9;251
11490;20.6;250
11492;19.1;251
11494;18.4;253
11496;19;253
11498;19.3;256
11500;17.6;256
11502;19;257
11504;21.2;259
11506;20.1;257
11508;19.6;260
11510;20.6;258
11512;19.5;259
11514;20.2;260
11516;19.5;260
11518;20.2;262
11520;19.2;260
11522;20.6;261
11524;23.6;259
11526;21.6;256
11528;20.8;257
11530;21.9;253
11532;20.6;253
11534;18.7;255
11536;20.4;253
11538;21.2;255
11540;19.4;252
11542;18.4;254
11544;19.9;255
11546;18.7;254
11548;19.6;257
11550;20.4;255
11552;20.2;255
11554;19.9;256
11556;19.7;255
11558;20.1;257
11560;17.9;257
11562;19.3;258
11564;21.9;259
11566;19.1;258
11568;20;260
11570;22.7;256
11572;21.8;255
11574;21.3;255
11576;20.1;253
11578;21.3;254
11580;19.5;254
11582;18.7;256
11584;20.1;256
11586;18.7;255
11588;19.3;258
11590;20;256
11592;19;257
11594;18.5;259
11596;20.8;258
11598;23.5;258
11600;20.7;255
11602;19.7;256
11604;20.7;256
11606;19.5;253
11608;19.5;257
11610;20.5;255
11612;19.5;256
11614;19.2;258
11616;20.9;255
11618;22.8;255
11620;20.8;252
11622;20.7;252
11624;22.2;253
11626;19.5;251
11628;19;254
11630;20.8;253
11632;18.6;255
11634;19.3;257
11636;19.5;256
11638;20.3;258
11640;19.5;258
11642;19.9;259
11644;21.8;258
11646;19.8;257
11648;20.5;259
11650;20.3;257
11652;19.7;257
11654;19.5;258
11656;20.2;257
11658;22.2;258
11660;20.6;256
11662;20.6;255
11664;23.6;253
11666;21.9;249
11668;20.9;251
11670;20.9;250
11672;20.1;249
11674;19.2;252
11676;19.4;251
11678;20.1;254
11680;18.7;253
11682;18.4;256
11684;19.8;257
11686;19.3;257
11688;19.6;259
11690;20.5;257
11692;20;258
11694;20.4;259
11696;19.4;259
11698;20.1;261
11700;19.2;259
11702;18.8;262
11704;20.8;262
11706;20.2;260
11708;21.4;261
11710;23.3;256
11712;21.6;255
11714;20.7;255
11716;20.8;253
11718;21.2;255
11720;19.8;253
11722;18.8;254
11724;20.4;255
11726;18.7;255
11728;18.7;258
11730;19.7;257
11732;18.9;258
11734;18.8;259
11736;19.9;258
11738;20.8;261
11740;18.7;260
11742;19.7;261
11744;21.1;263
11746;19.9;262
11748;19.4;264
11750;21;263
11752;20.5;263
11754;21.7;264
11756;21.9;261
11758;22.4;261
11760;20.9;258
11762;19.6;259
11764;20.5;259
11766;19.8;257
11768;19.9;261
11770;20.4;259
11772;19.4;260
11774;18.8;261
11776;19.9;261
11778;21.1;262
11780;21;259
11782;20.5;259
11784;21.1;259
11786;20.4;257
11788;20.2;259
11790;19.7;258
11792;19.7;258
11794;19.3;259
11796;19.8;259
11798;20.7;261
11800;21.4;257
11802;21.3;256
11804;22.8;256
11806;21;253
11808;19.5;255
11810;19.8;254
11812;19.9;255
11814;19.5;257
11816;18.7;257
11818;20;260
11820;18.9;258
11822;18.8;261
11824;21.5;262
11826;20.1;260
11828;20.7;262
11830;21.4;259
11832;20.9;259
11834;19.6;260
11836;20.1;258
11838;21.3;259
11840;20.5;257
11842;19.8;257
11844;21.2;258
11846;22.1;253
11848;23.4;254
11850;22.2;250
11852;21.4;250
11854;19.9;250
11856;19.6;249
11858;20.8;252
11860;18.5;251
11862;18.8;253
11864;20.6;255
11866;19.3;252
11868;17.7;257
11870;19.5;257
11872;19.9;258
11874;20.4;258
11876;20.3;257
11878;20.7;259
11880;19.6;257
11882;19;259
11884;20.6;259
11886;19.9;257
11888;20.6;260
11890;20.7;258
11892;22.5;256
11894;21.9;254
11896;21.6;251
11898;22.1;253
11900;21.1;249
11902;19.7;251
11904;20.6;251
11906;19.7;252
11908;19.2;253
11910;18.9;253
11912;19.3;254
11914;18.3;257
11916;18.8;256
11918;21.3;258
11920;19.4;256
11922;19.7;257
11924;20.9;259
11926;20;256
11928;18.5;260
11930;20;260
11932;20.1;260
11934;20.6;262
11936;19.8;261
11938;23;261
11940;22.2;257
11942;20.5;257
11944;21.9;257
11946;20.4;254
11948;20.5;257
11950;20;255
11952;19.4;255
11954;19.1;258
11956;19.6;256
11958;20.3;259
11960;19.7;257
11962;18.6;258
11964;20.6;260
11966;19.9;257
11968;20.7;260
11970;20.7;258
11972;20.3;259
11974;19.5;260
11976;19.6;259
11978;20.8;261
11980;19.1;259
11982;19.9;261
11984;22.8;261
11986;22.7;256
11988;20.5;257
11990;21.6;255
11992;20.3;254
11994;19.9;256
11996;19.2;256
11998;20.1;258
12000;19.3;256
12002;18.5;259
12004;19.8;260
12006;19.3;258
12008;19.6;262
12010;21.6;259
12012;21;258
12014;20.4;258
12016;20.9;255
12018;21.6;258
12020;20.3;254
12022;19.2;255
12024;19.8;257
12026;19.6;254
12028;19.8;258
12030;22.5;254
12032;22.8;251
12034;20.6;251
12036;21;249
12038;20.7;251
12040;19.2;250
12042;19.6;251
12044;20.5;253
12046;19.8;252
12048;18.1;256
12050;19.2;256
12052;19;257
12054;19.5;259
12056;19.3;258
12058;20.8;261
12060;20;259
12062;20.1;259
12064;20.9;260
12066;20.1;258
12068;20.5;259
12070;21.2;256
12072;20.1;257
12074;19.9;258
12076;21.7;255
12078;24.3;255
12080;22.8;250
12082;21.4;249
12084;21.8;249
12086;20.2;246
12088;20.5;250
12090;20.7;248
12092;19.4;249
12094;18.9;251
12096;18.8;251
12098;19.7;254
12100;18.3;254
12102;18.8;255
12104;21.7;257
12106;19.5;255
12108;18.6;258
12110;20.4;256
12112;19.6;256
12114;19.9;258
12116;20;257
12118;20.2;259
12120;19.4;258
12122;21.3;258
12124;21.6;255
12126;21.9;252
12128;22.1;253
12130;21.8;250
12132;20.5;250
12134;19.8;252
12136;20.6;250
12138;21.6;252
12140;19.3;251
12142;18.7;252
12144;20.3;254
12146;19.1;252
12148;20.8;256
12150;20.3;253
12152;19.9;255
12154;18.8;256
12156;19.9;254
12158;20.2;257
12160;17.8;256
12162;19.6;257
12164;20.8;258
12166;19.3;258
12168;19.9;260
12170;23.4;256
12172;21.7;254
12174;21.2;254
12176;20.5;253
12178;21;254
12180;19.3;253
12182;18.7;254
12184;20.1;255
12186;18.5;255
12188;19.3;258
12190;20.6;256
12192;19.5;257
12194;19;260
12196;20.6;257
12198;22.3;258
12200;20.4;255
12202;19.6;255
12204;20.8;256
12206;19.5;253
12208;18.8;257
12210;20;255
12212;19.4;255
12214;19.6;258
12216;20.7;255
12218;22.3;255
12220;20.6;253
12222;20.8;252
12224;22.2;253
12226;20;251
12228;19;254
12230;20.4;253
12232;18.8;254
12234;19;257
12236;19.1;256
12238;20.1;258
12240;18.6;258
12242;19.7;258
12244;22;259
12246;20.7;256
12248;19.6;258
12250;21.2;256
12252;19.6;256
12254;19.3;258
12256;20.5;256
12258;21;257
12260;21.1;254
12262;22.4;252
12264;23.7;251
12266;21.5;247
12268;20.8;249
12270;20.7;247
12272;20.2;247
12274;18.4;250
12276;19;249
12278;19.5;252
12280;18.1;251
12282;18.6;255
12284;19.9;257
12286;18.7;255
12288;19.1;258
12290;20.6;257
12292;20;257
12294;20.8;258
12296;20;257
12298;20.3;258
12300;19.2;257
12302;19.2;258
12304;20.8;260
12306;19.8;257
12308;20.5;260
12310;23.3;255
12312;21.4;254
12314;20.6;254
12316;21.2;251
12318;22;253
12320;20.1;251
12322;19.1;252
12324;20.7;253
12326;19.1;251
12328;18.4;255
12330;19.1;255
12332;19.1;256
12334;19.6;257
12336;19.7;256
12338;20.1;258
12340;18.9;256
12342;19.6;257
12344;20.5;260
12346;19.7;257
12348;19.1;261
12350;20;259
12352;20.5;260
12354;22.9;260
12356;21.6;256
12358;21.3;257
12360;20.5;254
12362;19.2;255
12364;20.7;256
12366;19.4;254
12368;19.3;257
12370;20;256
12372;19.3;256
12374;19.1;259
12376;19.6;258
12378;20.9;260
12380;20.5;258
12382;19.5;258
12384;20.8;258
12386;20.2;255
12388;21.6;259
12390;19.9;257
12392;20.2;258
12394;19.2;259
12396;19.7;259
12398;20.7;261
12400;20.2;258
12402;22.1;257
12404;22.2;257
12406;21.1;253
12408;19.9;255
12410;20.1;254
12412;19.7;254
12414;19.9;256
12416;18.3;255
12418;19.9;259
12420;18.7;258
12422;18.2;260
12424;19.9;261
12426;20.2;260
12428;20.6;262
12430;21.6;260
12432;20.8;259
12434;20;260
12436;20.7;258
12438;21.3;260
12440;20.7;256
12442;20.2;257
12444;20.7;258
12446;22.2;253
12448;22.9;254
12450;22.1;250
12452;21.6;249
12454;20.4;250
12456;19.9;249
12458;20.4;252
12460;19.1;251
12462;18.9;253
12464;19.8;255
12466;19.3;253
12468;17.4;257
12470;19.5;257
12472;20.8;258
12474;20.5;259
12476;19.6;258
12478;21;259
12480;19.9;257
12482;18.7;259
12484;21.2;260
12486;20;258
12488;20.1;260
12490;20.8;258
12492;22.5;256
12494;22.3;255
12496;22.2;251
12498;22.5;251
12500;21.2;248
12502;19.9;249
12504;20.2;250
12506;20;251
12508;19.9;251
12510;19;252
12512;19.2;252
12514;18.4;255
12516;18.4;255
12518;20.5;258
12520;19.1;255
12522;19.5;255
12524;21;257
12526;19.9;255
12528;18.7;258
12530;20.5;257
12532;20.1;258
12534;19.9;259
12536;19;259
12538;22.2;260
12540;22.4;256
12542;20.2;255
12544;22.1;255
12546;20.8;252
12548;20;254
12550;20.5;253
12552;20;253
12554;18.2;255
12556;19.6;254
12558;19.7;257
12560;18.8;256
12562;18.7;257
12564;20.2;259
12566;20.4;256
12568;20.3;258
12570;20.7;256
12572;19.9;256
12574;18.5;258
12576;19.3;257
12578;20.2;260
12580;18.4;258
12582;19.2;261
12584;23.1;261
12586;22.6;255
12588;20.4;257
12590;21;255
12592;20.3;255
12594;20.7;256
12596;18.8;255
12598;19.5;258
12600;18.8;257
12602;18.2;260
12604;20;261
12606;19.3;259
12608;19.7;263
12610;21.7;260
12612;20.7;260
12614;20.7;260
12616;20.9;258
12618;21.5;259
12620;20.9;256
12622;19.3;257
12624;20.5;258
12626;19.7;256
12628;19.4;259
12630;22.6;256
12632;22.9;253
12634;21.4;253
12636;20.9;251
12638;21.1;252
12640;19.4;251
12642;18.9;253
12644;21.3;254
12646;19.7;252
12648;17.8;256
12650;19.9;256
12652;18.4;258
12654;19.5;260
12656;18.8;260
12658;20.2;262
12660;20.1;260
12662;20;260
12664;21.1;261
12666;20.1;258
12668;20.2;260
12670;21;259
12672;19.7;258
12674;20.1;260
12676;22.3;257
12678;24.1;255
12680;22.7;250
12682;21.2;250
12684;21.7;250
12686;20.5;247
12688;19.5;249
12690;21;248
12692;19.6;249
12694;19.5;251
12696;19.2;251
12698;19.6;254
12700;18.3;253
12702;19.2;255
12704;21.8;255
12706;19.9;254
12708;19.9;255
12710;20.7;254
12712;19.4;255
12714;19.3;257
12716;19.2;256
12718;20.4;258
12720;18.7;257
12722;21.3;257
12724;23.7;255
12726;21.9;250
12728;21.6;252
12730;21.9;248
12732;20.6;248
12734;19.1;250
12736;20.6;248
12738;21.2;250
12740;19.2;249
12742;19.1;250
12744;20.3;252
12746;19;250
12748;19.5;254
12750;20.9;253
12752;20.4;252
12754;19.9;254
12756;19.8;252
12758;20.2;255
12760;18.6;254
12762;18.7;256
12764;20.6;258
12766;18.9;257
12768;19.3;260
12770;22.8;257
12772;21.8;255
12774;21.7;255
12776;20.3;253
12778;21.1;255
12780;19.3;253
12782;18.9;255
12784;20.4;256
12786;18.4;254
12788;19.5;258
12790;20.2;256
12792;19.1;257
12794;19.1;260
12796;21.1;257
12798;22.3;257
12800;19.9;254
12802;19.3;254
12804;20.5;255
12806;19.3;253
12808;19.8;257
12810;19.9;255
12812;19;257
12814;19.4;258
12816;21.7;256
12818;22.3;255
12820;20.9;252
12822;20.3;253
12824;22.2;253
12826;19.8;252
12828;18.7;255
12830;19.9;254
12832;18.6;254
12834;18.8;258
12836;19.3;257
12838;20;260
12840;19;259
12842;20;260
12844;20.7;260
12846;20.3;257
12848;20.8;259
12850;21.1;257
12852;20;257
12854;19.7;259
12856;20.4;258
12858;21;259
12860;21.2;256
12862;22.3;254
12864;23.5;252
12866;21.4;248
12868;20.9;250
12870;20.9;248
12872;19.9;248
12874;19.6;251
12876;19;250
12878;19.3;253
12880;18.1;253
12882;18.2;256
12884;19.3;258
12886;18.9;256
12888;19.6;259
12890;21;257
12892;20.5;257
12894;20.5;258
12896;20;257
12898;20.5;258
12900;19.5;257
12902;19.4;259
12904;21.3;260
12906;20.1;258
12908;22.8;258
12910;23.4;253
12912;21.5;252
12914;21.3;251
12916;21.1;249
12918;21.1;251
12920;20;248
12922;19.3;249
12924;20.2;251
12926;19.4;249
12928;18.5;253
12930;19.7;252
12932;19.4;254
12934;19.6;255
12936;19.1;254
12938;20.1;256
12940;18.9;255
12942;19;256
12944;20.2;257
12946;19.3;256
12948;18.5;259
12950;20;259
12952;20;259
12954;23.3;257
12956;21.7;254
12958;21.4;255
12960;20.4;252
12962;19.2;254
12964;20.9;255
12966;19.7;253
12968;19.4;257
12970;19.5;255
12972;18.9;257
12974;18.4;259
12976;19.5;258
12978;20.8;260
12980;20.4;256
12982;19.6;257
12984;20.5;258
12986;19.7;255
12988;19.1;258
12990;20.1;257
12992;19.6;257
12994;18.6;259
12996;19.5;258
12998;20.7;260
13000;20.9;257
13002;21.7;256
13004;21.7;256
13006;20.5;253
13008;19.5;255
13010;19.9;255
13012;19.4;256
13014;19.3;257
13016;18.7;257
13018;19.8;260
13020;19;259
13022;18.2;261
13024;20.5;263
13026;20.4;261
13028;21.2;263
13030;21.9;260
13032;20.4;259
13034;20.2;260
13036;20.5;258
13038;20.8;259
13040;20.3;257
13042;19.4;258
13044;20.1;259
13046;22.7;255
13048;21.9;255
13050;22.1;252
13052;21.3;251
13054;20.1;251
13056;19.7;251
13058;20;253
13060;18.8;252
13062;18.6;255
13064;19.2;257
13066;18.9;255
13068;17.7;259
13070;19.7;260
13072;20.5;259
13074;21.5;260
13076;20.1;259
13078;20.9;260
13080;19.4;259
13082;19.1;260
13084;21;261
13086;20.1;259
13088;20.1;262
13090;20.3;260
13092;21.7;259
13094;22.5;258
13096;21.8;254
13098;22.7;254
13100;21.2;250
13102;19.8;251
13104;20.5;252
13106;20.2;250
13108;19;253
13110;19.8;253
13112;19.4;254
13114;18.4;256
13116;18.6;256
13118;20.8;257
13120;19.1;256
13122;19.7;256
13124;21;257
13126;19.9;254
13128;18.8;258
13130;20;257
13132;20.3;257
13134;20.5;258
13136;19.6;258
13138;21.4;259
13140;22.2;255
13142;20.7;254
13144;22.4;254
13146;21.2;250
13148;20;253
13150;20.6;252
13152;19.8;252
13154;18.7;254
13156;19.8;253
13158;19.9;255
13160;19.5;254
13162;18.7;255
13164;20.5;256
13166;20;253
13168;20.2;256
13170;19.9;254
13172;20.1;253
13174;19.1;256
13176;19.3;255
13178;19.9;258
13180;18.4;256
13182;18.8;259
13184;21.3;259
13186;22.3;254
13188;21;255
13190;21.3;253
13192;20.7;253
13194;20.3;255
13196;19.1;254
13198;19.9;257
13200;18.4;255
13202;18.2;258
13204;19.6;260
13206;19;258
13208;19.5;262
13210;21.5;259
13212;20.5;259
13214;20.2;259
13216;20.9;257
13218;21.1;259
13220;19.6;255
13222;18.9;256
13224;20.3;257
13226;19.6;256
13228;19.3;259
13230;21.5;256
13232;23.1;254
13234;20.8;254
13236;20.5;251
13238;20.8;253
13240;19.1;252
13242;19.6;253
13244;20.2;255
13246;19.2;253
13248;18.1;257
13250;19.5;257
13252;18.7;259
13254;19.2;261
13256;20;260
13258;20.8;261
13260;20.1;259
13262;20.2;260
13264;21.3;261
13266;19.9;258
13268;19.9;261
13270;21;259
13272;20;259
13274;19.6;260
13276;22;257
13278;23.5;256
13280;22.6;251
13282;21.1;251
13284;21.5;250
13286;20.2;248
13288;19.2;251
13290;20.4;250
13292;20.1;251
13294;18.7;253
13296;19;252
13298;19.9;256
13300;17.4;255
13302;19.8;257
13304;20.8;257
13306;19.5;255
13308;19.6;257
13310;20.3;256
13312;19.2;256
13314;19.6;258
13316;19.5;257
13318;19.9;260
13320;18.9;258
13322;19.4;260
13324;22.9;258
13326;22.2;253
13328;21.9;254
13330;22.3;250
13332;21.1;249
13334;19.6;251
13336;21.1;249
13338;20.8;251
13340;19.7;248
13342;18.9;250
13344;20.2;251
13346;19.5;250
13348;19.8;252
13350;21.7;251
13352;20.9;250
13354;19.5;251
13356;19.9;250
13358;19.9;253
13360;19;252
13362;18.7;254
13364;20.3;256
13366;18.8;254
13368;19.8;257
13370;22.9;253
13372;22;252
13374;21.3;252
13376;20.7;250
13378;20.9;251
13380;19.8;251
13382;19;253
13384;20.1;254
13386;18.8;253
13388;19.4;256
13390;19.9;255
13392;19.1;256
13394;18.2;258
13396;20.5;256
13398;21.6;257
13400;20.3;254
13402;20.4;254
13404;20.8;255
13406;19.6;253
13408;18.9;256
13410;20;254
13412;18.9;255
13414;18.6;257
13416;22.1;254
13418;22.8;254
13420;20;252
13422;20;252
13424;21.5;253
13426;19.7;251
13428;18.5;255
13430;20.1;254
13432;18;255
13434;18.6;258
13436;19.1;257
13438;19.8;260
13440;19.2;260
13442;19.5;260
13444;20.7;260
13446;20.5;258
13448;21;260
13450;21.3;257
13452;19.6;258
13454;18.9;260
13456;20.5;258
13458;20.8;259
13460;21.1;256
13462;22.6;254
13464;23.4;252
13466;21.4;248
13468;20.3;251
13470;20.8;249
13472;19.9;250
13474;19.5;251
13476;18.8;251
13478;20;254
13480;18.1;254
13482;18;257
13484;20.4;259
13486;19.1;258
13488;19.1;261
13490;21;259
13492;20.3;259
13494;20.8;259
13496;20;259
13498;20.4;260
13500;18.7;260
13502;19.3;261
13504;20.6;262
13506;20.3;260
13508;22.8;260
13510;23.5;254
13512;21.6;253
13514;20.7;253
13516;21.1;251
13518;21.5;252
13520;20.4;250
13522;19.6;250
13524;20.4;251
13526;19.7;251
13528;19.1;254
13530;20.2;253
13532;19.6;254
13534;20.3;254
13536;19.9;253
13538;20.7;256
13540;18.7;254
13542;19.2;255
13544;20.5;256
13546;19.3;255
13548;18.9;257
13550;20.2;257
13552;20.7;257
13554;23.2;255
13556;22.2;252
13558;21.6;253
13560;20.6;250
13562;19.1;252
13564;20.4;252
13566;19.7;251
13568;19.6;255
13570;20.1;254
13572;19.3;254
13574;18.4;257
13576;19.1;255
13578;21;258
13580;20.3;255
13582;19.4;256
13584;20.8;256
13586;20.1;253
13588;20.1;257
13590;19.7;255
13592;19.7;256
13594;18.7;257
13596;19.1;257
13598;20.2;259
13600;21.4;256
13602;21.5;255
13604;22.3;255
13606;21.2;252
13608;19.9;254
13610;20.6;253
13612;19.9;254
13614;18.9;256
13616;18;255
13618;19.9;259
13620;18.8;258
13622;18.1;261
13624;20.6;263
13626;20.6;259
13628;20.9;262
13630;21.5;260
13632;20.5;259
13634;20.3;261
13636;20.4;258
13638;20.6;260
13640;20.4;258
13642;19.3;259
13644;19.4;260
13646;22.1;257
13648;21.9;257
13650;21.9;254
13652;21.7;253
13654;20;253
13656;19.9;253
13658;20.2;255
13660;18.7;254
13662;18.5;256
13664;19.6;258
13666;19.4;256
13668;18.2;261
13670;20.2;260
13672;21.1;259
13674;21.2;260
13676;20.2;259
13678;21;260
13680;20.3;258
13682;19.2;260
13684;20.9;261
13686;20.1;259
13688;20.2;261
13690;21;260
13692;23.5;257
13694;21.7;256
13696;21.9;252
13698;22.5;253
13700;20.9;250
13702;19.8;250
13704;20.5;251
13706;19.9;250
13708;19.8;253
13710;19.6;253
13712;19.6;253
13714;18.2;256
13716;18.6;256
13718;21;258
13720;19.1;256
13722;19.7;256
13724;21.2;258
13726;19.9;255
13728;18.7;258
13730;19.8;258
13732;20.2;257
13734;20.7;259
13736;19.4;258
13738;21.8;259
13740;22.3;255
13742;21.1;255
13744;22.4;254
13746;21.3;250
13748;20.5;253
13750;20.9;251
13752;20;251
13754;19;253
13756;19.8;252
13758;20.5;254
13760;19.7;253
13762;19.1;254
13764;21.1;254
13766;20.5;251
13768;20.3;254
13770;21.1;253
13772;20.1;253
13774;19.6;254
13776;19.2;254
13778;20.2;257
13780;18.1;255
13782;18.9;257
13784;22;257
13786;22.5;252
13788;20.4;254
13790;21.5;252
13792;20.5;252
13794;20.2;253
13796;19.1;252
13798;20.4;254
13800;19;254
13802;17.8;256
13804;19.4;259
13806;19.1;257
13808;19.9;260
13810;21.2;258
13812;20.5;258
13814;19.8;259
13816;21;257
13818;21.2;257
13820;19.9;255
13822;18.8;256
13824;20.5;257
13826;19.5;255
13828;19.8;259
13830;21.1;256
13832;22.2;254
13834;19.7;253
13836;21.3;251
13838;20.9;253
13840;19.3;251
13842;19.4;253
13844;20.3;255
13846;19.5;253
13848;17.7;257
13850;19.7;257
13852;18.6;258
13854;19.3;261
13856;18.9;260
13858;20.7;262
13860;19.8;260
13862;19.8;261
13864;21.1;261
13866;20.1;258
13868;20.2;261
13870;20.8;259
13872;20.5;259
13874;19.6;260
13876;20.7;258
13878;23;258
13880;22.6;253
13882;21.9;251
13884;21.9;251
13886;20.5;248
13888;20.2;251
13890;20.9;249
13892;20.2;250
13894;18.7;252
13896;19.3;252
13898;20;255
13900;17.5;255
13902;19.6;256
13904;22;257
13906;19.9;255
13908;19.1;257
13910;20.7;255
13912;19.2;256
13914;20.2;257
13916;19.9;256
13918;20.2;258
13920;19.4;257
13922;20.1;258
13924;24.1;256
13926;21.8;252
13928;22.5;253
13930;22;250
13932;20.6;249
13934;19.8;251
13936;20.7;248
13938;21.5;250
13940;19.5;249
13942;19;251
13944;21.2;252
13946;19.5;250
13948;20.5;253
13950;21.5;251
13952;20.6;250
13954;18.6;252
13956;20.2;250
13958;20.7;253
13960;18.9;252
13962;19.2;253
13964;20.9;254
13966;19.2;254
13968;19.4;256
13970;23.2;252
13972;22.2;250
13974;22.1;251
13976;20.9;249
13978;21.3;249
13980;20;248
13982;19;250
13984;20.2;251
13986;19;250
13988;19.2;253
13990;20.6;252
13992;19.4;253
13994;18.6;256
13996;21;253
13998;22.2;254
14000;20.7;252
14002;19.8;252
14004;20.8;252
14006;19.7;251
14008;19.4;254
14010;20.3;252
14012;19.4;253
14014;19.4;255
14016;22.3;252
14018;22.7;252
14020;19.8;250
14022;20.4;251
14024;22;251
14026;19.8;249
14028;18.5;253
14030;19.9;253
14032;19.3;254
14034;19;257
14036;18.8;256
14038;19.8;259
14040;18.9;259
14042;19.8;259
14044;21.3;260
14046;20.3;257
14048;20.4;259
14050;21.2;257
14052;20.1;256
14054;19.5;259
14056;20.5;257
14058;21.1;258
14060;20.9;256
14062;22.3;254
14064;23.5;251
14066;21.7;248
14068;21;251
14070;20.8;249
14072;20.1;249
14074;19.1;251
14076;18.9;250
14078;19.2;253
14080;18.7;253
14082;18.4;256
14084;19.5;258
14086;19;257
14088;19.3;259
14090;20.6;258
14092;20.5;258
14094;20.5;259
14096;20.1;258
14098;20.5;259
14100;19.4;258
14102;19.4;260
14104;21.1;261
14106;20;259
14108;23.5;258
14110;22.9;253
14112;21.8;252
14114;19.7;252
14116;21.1;250
14118;22.7;251
14120;20.1;249
14122;19.2;250
14124;19.8;251
14126;19.1;250
14128;18.8;254
14130;19.2;254
14132;19.4;255
14134;19.7;256
14136;19.8;254
14138;20.5;256
14140;18.7;254
14142;19;257
14144;21.1;258
14146;20.1;256
14148;18.7;259
14150;20.1;258
14152;21.5;257
14154;23.5;255
14156;21.7;251
14158;21.8;252
14160;20.6;249
14162;19.7;251
14164;21;252
14166;19.9;249
14168;19.7;253
14170;20.1;252
14172;19.6;253
14174;19.2;254
14176;19.4;253
14178;20.3;256
14180;20.3;253
14182;19.7;253
14184;20.6;255
14186;20.3;251
14188;20.9;254
14190;20.3;254
14192;19.6;253
14194;17.9;255
14196;19.2;255
14198;20;257
14200;19.6;255
14202;21.7;254
14204;22.7;253
14206;21.1;250
14208;19.4;253
14210;20.3;253
14212;19.9;253
14214;19.2;255
14216;18.2;255
14218;19.9;258
14220;19;257
14222;18.3;260
14224;19.4;261
14226;21;259
14228;21.5;260
14230;21.4;258
14232;20.7;257
14234;19.7;259
14236;20.6;256
14238;21.1;258
14240;20.4;256
14242;19.7;256
14244;21.3;258
14246;23;253
14248;22.6;254
14250;21.9;251
14252;21.2;250
14254;19.4;251
14256;19.5;251
14258;20.3;253
14260;18.8;253
14262;18.1;255
14264;20.2;257
14266;19.2;255
14268;17.9;260
14270;20.1;260
14272;20.2;260
14274;20.5;260
14276;20.2;260
14278;20.8;260
14280;19.7;259
14282;19.3;261
14284;21.2;262
14286;20.4;259
14288;20.4;263
14290;21.3;261
14292;22.9;258
14294;22.3;257
14296;22.1;253
14298;22.4;254
14300;20.9;251
14302;20;251
14304;21;252
14306;20.1;250
14308;18.8;253
14310;19.8;252
14312;19.3;253
14314;18.3;256
14316;18.5;256
14318;20.3;259
14320;19.6;257
14322;19.7;258
14324;21.3;259
14326;20.3;256
14328;19;259
14330;19.8;259
14332;20.3;259
14334;20.5;260
14336;19.5;259
14338;22.4;260
14340;22.8;255
14342;20.6;255
14344;22.3;255
14346;21.2;251
14348;20.7;254
14350;21;252
14352;20.5;252
14354;19.1;254
14356;20;253
14358;19.9;256
14360;19.3;254
14362;19;255
14364;20.4;256
14366;20.8;253
14368;20.8;254
14370;21;253
14372;20.7;253
14374;20;254
14376;19.3;254
14378;20.2;256
14380;19.1;254
14382;19.5;255
14384;22.7;254
14386;22.8;250
14388;21;251
14390;21.6;249
14392;20.5;249
14394;20.3;250
14396;19.2;250
14398;20.5;252
14400;19.2;251
14402;18.3;254
14404;20.1;256
14406;18.9;253
14408;19.6;257
14410;20.8;254
14412;20.2;255
14414;19.6;256
14416;20.7;253
14418;21.5;255
14420;20.3;252
14422;19.5;252
14424;20.3;254
14426;20.5;251
14428;19.7;255
14430;20.4;253
14432;22.3;252
14434;21.6;251
14436;21.2;249
14438;21.2;251
14440;19.1;249
14442;18.7;251
14444;20;252
14446;19.2;252
14448;17.9;256
14450;19.7;256
14452;18.8;257
14454;19.6;259
14456;19.2;259
14458;21.4;259
14460;20;258
14462;19.9;258
14464;21.3;259
14466;19.8;258
14468;20.1;260
14470;20.7;258
14472;19.8;258
14474;20.1;259
14476;21.7;257
14478;23.2;256
14480;22.3;252
14482;21.6;251
14484;21.8;251
14486;20.5;248
14488;20.3;251
14490;20.7;249
14492;19.6;250
14494;18.7;252
14496;19;252
14498;20;255
14500;18;254
14502;19.7;256
14504;21.4;256
14506;19.6;254
14508;19.1;258
14510;20.4;255
14512;19.3;257
14514;19.7;258
14516;19.9;258
14518;20.4;259
14520;19.6;258
14522;19.6;258
14524;23.1;258
14526;22.5;253
14528;22.4;254
14530;21.9;251
14532;20.3;251
14534;19.5;252
14536;20.6;250
14538;21.3;252
14540;19.1;250
14542;19.3;252
14544;20.6;252
14546;19.5;251
14548;20.3;254
14550;20.9;252
14552;20.2;252
14554;19.5;253
14556;20.5;252
14558;20.9;254
14560;18.9;253
14562;19.9;254
14564;21.2;255
14566;19.6;254
14568;19.3;257
14570;22.2;254
14572;22.6;252
14574;22.1;251
14576;21.2;249
14578;21.2;250
14580;19.6;248
14582;19.3;250
14584;21;251
14586;19;249
14588;19.2;253
14590;20.4;251
14592;19.7;252
14594;18.5;255
14596;21;252
14598;22.7;253
14600;20.8;250
14602;20.2;250
14604;21.4;251
14606;19.9;249
14608;19.9;252
14610;20.6;251
14612;19.5;251
14614;19.1;253
14616;21.2;251
14618;23.1;251
14620;20.4;248
14622;20.5;249
14624;21.8;249
14626;19.2;248
14628;18.7;251
14630;20;250
14632;19.1;252
14634;19;254
14636;19.4;254
14638;19.3;256
14640;18.6;256
14642;19.3;257
14644;20.7;257
14646;19.6;255
14648;20.3;257
14650;20.6;255
14652;19.6;256
14654;18.9;258
14656;20.2;257
14658;20.8;258
14660;19.8;255
14662;21;255
14664;23.8;253
14666;21.8;249
14668;20.8;251
14670;21.2;248
14672;20.1;249
14674;19;251
14676;19;251
14678;19.7;253
14680;17.9;254
14682;18.3;256
14684;20.3;258
14686;18.9;257
14688;19.2;260
14690;20.5;259
14692;20.4;258
14694;20.7;260
14696;20;259
14698;20.6;261
14700;19.4;259
14702;19.1;261
14704;22;262
14706;21;259
14708;22.8;258
14710;22.9;254
14712;21.9;253
14714;20.2;253
14716;21;251
14718;21.8;252
14720;20;250
14722;19.3;251
14724;20.4;252
14726;19.2;250
14728;19.1;254
14730;19.3;254
14732;19;255
14734;19;256
14736;20.1;254
14738;20.4;256
14740;18.8;255
14742;19.2;256
14744;20;257
14746;19.7;256
14748;18.7;259
14750;20.3;259
14752;20.1;259
14754;22.5;258
14756;22.1;255
14758;21.7;255
14760;20.9;252
14762;19.5;254
14764;21.3;255
14766;20;253
14768;19.4;256
14770;20.4;255
14772;19.1;255
14774;18.5;258
14776;19.7;256
14778;20.3;258
14780;20.6;255
14782;20.2;255
14784;21.1;256
14786;20.3;253
14788;20.4;256
14790;20;255
14792;19.4;255
14794;18.5;257
14796;19.1;257
14798;21.3;258
14800;20.7;255
14802;21.4;254
14804;22.5;254
14806;21.1;250
14808;19.5;253
14810;20.5;253
14812;19.8;253
14814;19.8;255
14816;18.4;255
14818;19.6;258
14820;19.3;257
14822;18.6;259
14824;20.2;261
14826;20.7;259
14828;20.5;260
14830;21.7;258
14832;20.7;258
14834;20.3;259
14836;20.3;257
14838;21.1;259
14840;19.9;256
14842;19.9;256
14844;20.9;258
14846;22.8;253
14848;21.9;254
14850;21.6;251
14852;21.2;250
14854;19.9;251
14856;19.6;250
14858;20.4;253
14860;18.3;252
14862;18.5;254
14864;19.1;257
14866;19.2;255
14868;17.8;260
14870;19.3;260
14872;20.4;260
14874;20.4;261
14876;20.2;260
14878;21.1;262
14880;19.8;260
14882;18.9;262
14884;20.4;263
14886;20.2;260
14888;20.3;264
14890;21.6;262
14892;22.8;260
14894;21.4;257
14896;22;254
14898;23.7;255
14900;21.1;251
14902;19.5;252
14904;20.5;253
14906;20;251
14908;20;254
14910;19.7;254
14912;19.3;255
14914;18.1;257
14916;18.9;257
14918;20.1;260
14920;20;258
14922;20.2;259
14924;20.6;260
14926;20.4;257
14928;19.2;260
14930;20.3;260
14932;20.1;260
14934;20.6;261
14936;19.9;260
14938;22.9;260
14940;22.2;256
14942;20.6;256
14944;22.3;255
14946;20.8;252
14948;20.6;254
14950;20.7;252
14952;19.9;252
14954;19.1;254
14956;19.6;253
14958;20.4;256
14960;19.7;254
14962;18.7;255
14964;20.7;256
14966;20.8;253
14968;20.7;255
14970;20.7;253
14972;20.4;253
14974;18.8;255
14976;19.3;255
14978;20;257
14980;18.9;255
14982;19.4;257
14984;22.6;256
14986;22.7;251
14988;20.7;252
14990;21.6;251
14992;20.7;251
14994;20.7;252
14996;19.4;251
14998;20.5;253
15000;19.1;252
15002;18.4;255
15004;19.7;256
15006;19;254
15008;19.6;258
15010;21;255
15012;20;254
15014;19.6;255
15016;20.8;253
15018;21.5;255
15020;20.6;252
15022;19.9;253
15024;20.5;254
15026;20.2;252
15028;19.8;254
15030;21.9;253
15032;23;250
15034;21.3;249
15036;20.9;247
15038;20.5;249
15040;19.2;248
15042;19;250
15044;21.4;252
15046;19.3;251
15048;18.1;254
15050;19.1;255
15052;18.3;257
15054;18.8;259
15056;19.3;259
15058;20.6;260
15060;20;258
15062;20;259
15064;21;260
15066;19.6;258
15068;20.1;260
15070;21.2;258
15072;20.4;259
15074;19.6;260
15076;22.1;257
15078;23.6;256
15080;22.2;252
15082;21.3;251
15084;22.1;251
15086;19.9;248
15088;19.5;252
15090;20.6;250
15092;19.3;251
15094;18.6;253
15096;19;253
15098;19;256
15100;17.7;256
15102;19.7;258
15104;21.8;259
15106;19.6;257
15108;19.4;259
15110;20.7;257
15112;19.2;258
15114;20;260
15116;19.8;260
15118;20.6;261
15120;19.5;259
15122;20.1;261
15124;23.4;259
15126;21.9;255
15128;20.7;256
15130;22.3;252
15132;20.6;252
15134;19.8;253
15136;20.7;251
15138;21.6;253
15140;19.7;251
15142;19.2;252
15144;20.6;253
15146;19.4;253
15148;19.7;255
15150;20.5;254
15152;20.2;254
15154;19.9;256
15156;20.2;254
15158;20.8;256
15160;18.2;255
15162;19.5;257
15164;21;258
15166;18.7;256
15168;19.4;259
15170;22.3;256
15172;22.1;254
15174;21;254
15176;21;252
15178;21.4;253
15180;19.1;252
15182;19.3;254
15184;20.9;254
15186;19.1;253
15188;19.8;256
15190;20.6;255
15192;19.9;255
15194;18.3;257
15196;21.1;255
15198;22.5;255
15200;20.5;251
15202;20;252
15204;21.4;252
15206;20;250
15208;19.9;254
15210;20.6;252
15212;19.7;253
15214;19.4;254
15216;21.3;253
15218;22.6;253
15220;20.9;250
15222;20.9;250
15224;22.4;250
15226;19.4;249
15228;19.2;251
15230;20.4;251
15232;19.1;252
15234;19.7;255
15236;19.1;254
15238;19.7;257
15240;18.8;256
15242;19.2;257
15244;20.9;257
15246;19.7;255
15248;20.3;258
15250;20.7;255
15252;19.7;256
15254;19.3;257
15256;20;255
15258;21.3;257
15260;20.4;255
15262;21.4;254
15264;23.3;251
15266;22;247
15268;20.4;249
15270;20.9;247
15272;20.2;247
15274;19.1;250
15276;19.4;250
15278;19.7;253
15280;18;253
15282;18;255
15284;19.5;257
15286;18.7;256
15288;19.3;259
15290;20.8;258
15292;20.2;258
15294;20;259
15296;19.8;259
15298;20.5;259
15300;19.4;259
15302;19.4;261
15304;20.5;260
15306;20.1;260
15308;20.8;261
15310;22.7;258
15312;21.7;256
15314;20.8;255
15316;21;253
15318;22.1;255
15320;20.2;252
15322;19.5;253
15324;20.1;254
15326;19.5;253
15328;18.5;256
15330;19.5;256
15332;19.1;257
15334;19.8;258
15336;20.5;257
15338;20.6;258
15340;19.1;256
15342;19.1;258
15344;21;259
15346;19.7;257
15348;19.3;261
15350;20.6;259
15352;21.4;258
15354;22.2;258
15356;21.9;255
15358;22;255
15360;20.7;252
15362;18.9;254
15364;21.1;255
15366;19.9;253
15368;19.7;256
15370;19.9;254
15372;19.4;256
15374;17.8;258
15376;20.1;257
15378;20.6;259
15380;20.2;257
15382;19.5;257
15384;21.2;257
15386;20.4;255
15388;19.2;257
15390;19.8;255
15392;19.7;256
15394;18.7;257
15396;19.7;256
15398;21.5;259
15400;20.8;255
15402;21.4;255
15404;23;254
15406;21.4;250
15408;19.8;253
15410;20.7;252
15412;19.9;253
15414;20;254
15416;18.6;254
15418;20;256
15420;18.4;256
15422;18.4;258
15424;20.5;260
15426;20.4;258
15428;20.6;259
15430;21.5;257
15432;20.7;256
15434;20.1;257
15436;19.8;255
15438;20.6;257
15440;20.3;255
15442;18.9;255
15444;20.8;257
15446;22.7;252
15448;22.5;251
15450;21.9;249
15452;21.6;248
15454;19.9;249
15456;19.6;248
15458;20;251
15460;17.9;251
15462;18.6;253
15464;20;255
15466;19;254
15468;17.6;258
15470;19.9;258
15472;20.3;258
15474;20.8;259
15476;20;257
15478;20.9;259
15480;19.5;258
15482;18.7;260
15484;21.3;261
15486;20.5;258
15488;20.4;261
15490;21.3;260
15492;22.6;258
15494;21.6;256
15496;21.8;253
15498;22.3;254
15500;21.1;251
15502;19.7;251
15504;19.8;252
15506;19.8;251
15508;18.5;255
15510;19.4;254
15512;19.3;255
15514;18.3;257
15516;18.9;258
15518;19.6;260
15520;19.4;259
15522;20.1;260
15524;21.3;260
15526;20.6;258
15528;18.9;261
15530;20.5;261
15532;20.5;260
15534;20.3;262
15536;19.9;262
15538;23.2;261
15540;22.9;257
15542;21;256
15544;22.2;256
15546;20.9;253
15548;20.2;256
15550;20.7;254
15552;19.5;254
15554;18.6;256
15556;19.4;255
15558;19.8;258
15560;19.5;255
15562;19.5;257
15564;21.3;257
15566;20.9;255
15568;20.2;257
15570;20.3;255
15572;19.8;255
15574;19.2;256
15576;19.1;256
15578;20.2;258
15580;19.1;257
15582;19.9;258
15584;23.8;257
15586;22.9;252
15588;20.4;253
15590;21.4;252
15592;20.4;252
15594;20.3;253
15596;19.6;252
15598;20.2;255
15600;19.5;254
15602;17.8;257
15604;20.3;259
15606;19.7;256
15608;19.7;260
15610;21.1;258
15612;20.2;257
15614;20;258
15616;20.9;256
15618;22;257
15620;20.3;254
15622;19.6;255
15624;20.4;256
15626;20.1;253
15628;20;256
15630;21.7;254
15632;22.9;252
15634;21.7;251
15636;20.8;248
15638;20.9;250
15640;19.4;248
15642;19.3;250
15644;21.1;252
15646;19.8;251
15648;18.2;254
15650;19.9;254
15652;18.3;256
15654;18.5;258
15656;19.2;258
15658;20.9;259
15660;20.3;257
15662;19.9;258
15664;20.2;258
15666;20;256
15668;19.8;259
15670;21.1;256
15672;19.5;257
15674;19.4;259
15676;22.5;254
15678;22.3;253
15680;22;249
15682;21.3;248
15684;21.5;248
15686;19.9;247
15688;20.3;250
15690;20.3;249
15692;19.5;249
15694;18.4;252
15696;18.8;251
15698;19.7;255
15700;17.7;255
15702;19.1;257
15704;21.1;258
15706;19.5;256
15708;19.5;259
15710;20.8;258
15712;19.6;258
15714;19.9;259
15716;19.8;259
15718;20.7;261
15720;19.3;260
15722;20.8;261
15724;22.2;259
15726;21.6;254
15728;21.3;255
15730;22.3;252
15732;20.9;252
15734;19.8;253
15736;20.8;251
15738;21.4;253
15740;19.4;251
15742;19.2;252
15744;20.4;253
15746;19.8;253
15748;19.1;256
15750;20.6;254
15752;19.6;254
15754;19.5;256
15756;20.3;253
15758;20.3;256
15760;18.9;255
15762;18.8;257
15764;20.7;258
15766;19;257
15768;19.3;259
15770;22.8;256
15772;21.6;254
15774;22.2;254
15776;21.1;252
15778;21.5;253
15780;19.6;251
15782;19.1;253
15784;21.3;254
15786;18.8;252
15788;19.5;256
15790;20.3;254
15792;19.3;255
15794;18.5;258
15796;21.5;255
15798;22.5;256
15800;20.7;252
15802;20;252
15804;21.1;253
15806;19.9;251
15808;19.8;254
15810;20.7;253
15812;19.6;253
15814;20.4;255
15816;22;251
15818;23.1;251
15820;21;249
15822;20.1;249
15824;21.9;250
15826;19.5;248
15828;19;251
15830;20.3;251
15832;19.1;252
15834;19.4;255
15836;19.2;254
15838;19.9;257
15840;19.4;256
15842;19;257
15844;21.6;257
15846;19.9;255
15848;19.4;257
15850;21.1;254
15852;20.3;254
15854;19.4;256
15856;20.3;254
15858;21.6;255
15860;20.1;253
15862;20.8;253
15864;23.7;251
15866;21.9;248
15868;21.4;250
15870;21.2;247
15872;20.3;247
15874;20.1;249
15876;19.1;248
15878;20;252
15880;17.1;251
15882;18.6;254
15884;20;256
15886;18.9;255
15888;19;257
15890;21.3;256
15892;19.6;256
15894;20;257
15896;19.3;257
15898;20.5;259
15900;19.5;258
15902;19.1;259
15904;20.9;260
15906;19.7;258
15908;22.5;259
15910;23.2;254
15912;21.6;253
15914;20.9;252
15916;20.8;250
15918;21.9;252
15920;19.7;251
15922;19.4;251
15924;20.2;252
15926;18.9;251
15928;18.6;255
15930;19.3;255
15932;19.5;256
15934;19.4;256
15936;19.8;255
15938;20;257
15940;19;256
15942;19.4;258
15944;20.6;259
15946;19.9;257
15948;18.9;260
15950;20.4;259
15952;20.4;260
15954;22.7;259
15956;21.8;255
15958;21.7;256
15960;21.1;253
15962;19.5;254
15964;20.5;255
15966;20;253
15968;19.7;256
15970;19.7;254
15972;19.5;255
15974;18.4;257
15976;19.5;256
15978;19.9;258
15980;20.2;256
15982;19.4;256
15984;20.5;257
15986;20.2;254
15988;19.5;258
15990;19.5;256
15992;19.8;256
15994;18.4;257
15996;19.6;256
15998;21.2;258
16000;20.4;255
16002;21.6;255
16004;22.6;254
16006;21.6;250
16008;19.7;252
16010;20.8;252
16012;19.4;252
16014;19.6;254
16016;18.8;254
16018;20.1;256
16020;18.7;255
16022;18;258
16024;20.3;260
16026;20.3;258
16028;21;259
16030;21.5;256
16032;20.5;256
16034;19.8;257
16036;20;255
16038;20.9;257
16040;20.2;254
16042;19.6;254
16044;20.6;255
16046;23.3;251
16048;22.3;250
16050;21.9;247
16052;21.4;246
16054;20.3;247
16056;19.7;247
16058;20.3;249
16060;18.5;249
16062;19.2;250
16064;20.1;253
16066;19.4;252
16068;17.6;256
16070;18.9;256
16072;20.4;256
16074;19.8;257
16076;19.7;256
16078;20.6;258
16080;20.1;256
16082;18.4;258
16084;21;260
16086;20.1;257
16088;20;259
16090;20.6;258
16092;22.2;257
16094;22.2;255
16096;22.4;251
16098;22.3;253
16100;20.9;248
16102;19.6;249
16104;20.4;250
16106;19.5;249
16108;19.4;252
16110;19.5;253
16112;19.4;252
16114;18.2;255
16116;18.4;256
16118;20.3;259
16120;19.5;256
16122;19.9;258
16124;21.3;258
16126;20.1;256
16128;18.8;259
16130;19.6;259
16132;20;259
16134;20.2;261
16136;19.4;260
16138;22.8;261
16140;22.4;256
16142;20.6;256
16144;21;256
16146;20.9;253
16148;20.5;255
16150;20.8;254
16152;19.8;254
16154;19.2;255
16156;19.4;254
16158;19.6;257
16160;19.2;255
16162;18.8;257
16164;21.1;257
16166;20.5;254
16168;20.8;256
16170;20.7;254
16172;19.9;254
16174;19.1;255
16176;19.5;255
16178;19.7;257
16180;18.5;256
16182;19.2;258
16184;23.3;257
16186;22.8;252
16188;21.1;253
16190;22.3;250
16192;20.7;250
16194;20.4;251
16196;19.4;251
16198;20.1;254
16200;18.9;252
16202;18.5;255
16204;19.7;257
16206;19.3;255
16208;19.1;259
16210;20.8;257
16212;20.4;258
16214;20.2;258
16216;20.9;255
16218;21;256
16220;20;254
16222;19;255
16224;20.4;255
16226;19.8;253
16228;19.8;256
16230;22.1;253
16232;23.3;250
16234;21.1;249
16236;21.3;248
16238;21.2;250
16240;19.4;248
16242;19.5;249
16244;20.9;251
16246;19.2;249
16248;18;254
16250;19.6;253
16252;18.7;255
16254;19.5;257
16256;19.5;256
16258;20.7;258
16260;19.9;256
16262;19.2;257
16264;21.3;257
16266;20;255
16268;19.9;258
16270;20.7;256
16272;19.6;256
16274;19.2;257
16276;22.9;254
16278;22.6;251
16280;22.2;248
16282;21.1;246
16284;21.8;247
16286;20.4;245
16288;20.5;248
16290;20.1;247
16292;19.4;247
16294;18;249
16296;18.8;250
16298;19.5;253
16300;18.1;253
16302;19;255
16304;21.7;255
16306;19.5;255
16308;19.6;256
16310;20.1;255
16312;19.1;255
16314;19.6;258
16316;19.4;258
16318;20.2;260
16320;18.5;258
16322;19.5;260
16324;23.4;259
16326;22;255
16328;21.5;255
16330;21.9;252
16332;20.7;252
16334;19.8;253
16336;20.5;252
16338;20.6;254
16340;19.7;252
16342;19.2;253
16344;20.5;254
16346;19.5;253
16348;20.6;256
16350;20.7;254
16352;20.6;254
16354;19.1;255
16356;19.8;254
16358;20.2;256
16360;18.1;255
16362;18.6;257
16364;21.8;258
16366;19.1;257
16368;19.9;259
16370;22.9;256
16372;22.3;254
16374;21.5;254
16376;20.8;252
16378;20.8;252
16380;19.3;252
16382;19.1;253
16384;20.9;255
16386;18.9;253
16388;18.8;256
16390;20.5;255
16392;19.6;256
16394;19.5;257
16396;20.9;254
16398;22.4;255
16400;20.8;252
16402;20.3;252
16404;21.1;253
16406;19.7;251
16408;19.4;254
16410;20.5;253
16412;19.1;253
16414;18.9;255
16416;22.3;252
16418;22.9;252
16420;20.2;249
16422;20.4;250
16424;22.3;249
16426;19.8;248
16428;19.4;251
16430;20.4;251
16432;18.6;252
16434;19.1;254
16436;19;254
16438;19.6;257
16440;18.7;256
16442;19.4;257
16444;21.5;258
16446;20.1;256
16448;20.5;258
16450;21.1;254
16452;19.8;254
16454;19.1;256
16456;20.2;255
16458;21.2;256
16460;20.5;254
16462;22.7;251
16464;23.6;249
16466;22.1;245
16468;21.2;247
16470;21.5;245
16472;20.4;244
16474;20;246
16476;19;246
16478;19.5;249
16480;18.1;249
16482;18.1;252
16484;20.1;253
16486;19.5;253
16488;18.5;255
16490;21.1;254
16492;20.3;255
16494;19.7;255
16496;19.2;255
16498;19.7;258
16500;19.2;256
16502;18.8;259
16504;20.6;259
16506;20;257
16508;23.1;257
16510;23.3;253
16512;21.2;251
16514;20.1;252
16516;20.8;250
16518;21.7;251
16520;20.1;249
16522;19.1;251
16524;20.2;252
16526;19;251
16528;19.3;255
16530;19;255
16532;19.8;255
16534;19.2;255
16536;19.1;255
16538;20;257
16540;18.7;255
16542;19.2;257
16544;21.1;258
16546;19.9;257
16548;18.8;260
16550;19.7;259
16552;20.1;259
16554;22.6;259
16556;21.8;256
16558;21.8;256
16560;20.1;253
16562;19.2;255
16564;20.7;256
16566;19.2;253
16568;19;257
16570;19.8;255
16572;19;257
16574;18.7;258
16576;19.6;257
16578;20.7;260
16580;20.7;257
16582;20;257
16584;21.2;258
16586;20.1;255
16588;19.5;258
16590;20.1;255
16592;19.8;256
16594;18.9;258
16596;19.5;257
16598;21.9;259
16600;21.1;256
16602;21.6;255
16604;22.4;255
16606;20.9;251
16608;19.7;253
16610;20.6;253
16612;20.1;254
16614;20.6;255
16616;18.2;255
16618;19.6;258
16620;18.6;257
16622;18.3;259
16624;19.9;261
16626;20.4;258
16628;21.8;261
16630;21.9;257
16632;20.8;257
16634;20.4;258
16636;20.4;256
16638;20.8;258
16640;20.6;256
16642;19.1;257
16644;20.5;258
16646;21.8;255
16648;22.7;255
16650;22.4;250
16652;21.2;249
16654;19.2;251
16656;19.8;250
16658;20.8;252
16660;18.5;251
16662;19.3;252
16664;20.3;254
16666;19.6;253
16668;17.9;257
16670;20.1;257
16672;20.4;256
16674;20.5;257
16676;19.4;256
16678;20.9;258
16680;19.4;255
16682;18.7;257
16684;20.2;258
16686;19.7;256
16688;20.1;259
16690;20.4;257
16692;21.3;256
16694;22.2;255
16696;22.4;251
16698;22.3;252
16700;21.2;248
16702;19.8;248
16704;20;250
16706;20.4;251
16708;19.1;252
16710;19.8;251
16712;19.2;252
16714;18.9;255
16716;18.4;255
16718;21.4;257
16720;19.4;255
16722;19.2;256
16724;20.9;257
16726;20.1;254
16728;18.1;258
16730;20.1;258
16732;20;258
16734;20.2;260
16736;18.8;260
16738;21.7;261
16740;22.4;255
16742;20.3;255
16744;21.6;256
16746;20.8;253
16748;20.4;255
16750;20.4;253
16752;19.5;254
16754;19.7;256
16756;19.2;255
16758;19.4;258
16760;19.7;255
16762;19.4;257
16764;21;258
16766;20.4;255
16768;20.1;257
16770;20.1;256
16772;19.8;256
16774;18.8;258
16776;19.2;257
16778;20.7;259
16780;19.3;258
16782;19.2;260
16784;22.7;260
16786;22.7;254
16788;20.7;255
16790;21.6;253
16792;20.8;253
16794;20.6;254
16796;19.6;254
16798;20.2;255
16800;18.9;254
16802;18.1;257
16804;19.5;259
16806;19.2;257
16808;19.5;260
16810;21;258
16812;20.2;258
16814;20.1;258
16816;21.1;256
16818;21.5;257
16820;20.4;254
16822;19;255
16824;20.4;255
16826;19.8;254
16828;19.2;257
16830;21.7;255
16832;22.9;252
16834;21.6;250
16836;21.1;248
16838;21.2;250
16840;19.2;249
16842;19.4;250
16844;21.2;252
16846;19;251
16848;18.5;255
16850;19.8;254
16852;18.4;256
16854;19.3;258
16856;19.8;257
16858;21.1;259
16860;20.2;257
16862;19.7;258
16864;21.4;258
16866;19.5;256
16868;19.8;258
16870;20.4;256
16872;19.2;257
16874;20.2;258
16876;21;255
16878;23.4;255
16880;23;250
16882;21.6;249
16884;22;249
16886;20.6;247
16888;20.1;249
16890;20.6;248
16892;19.9;248
16894;18.7;250
16896;19.5;249
16898;19.7;253
16900;18.3;252
16902;20.2;253
16904;21.6;254
16906;20.1;251
16908;19.8;253
16910;20.9;251
16912;19.6;253
16914;19.8;255
16916;19;254
16918;19.6;257
16920;18.9;255
16922;20.5;257
16924;23.4;256
16926;22.4;251
16928;21.5;252
16930;22.2;249
16932;20.7;249
16934;19.4;251
16936;20.6;249
16938;21.2;251
16940;19.2;249
16942;19.1;250
16944;20.3;252
16946;19.6;251
16948;19.4;254
16950;20.6;252
16952;20.1;252
16954;19.3;254
16956;20.1;252
16958;20.4;254
16960;18.6;253
16962;18.6;256
16964;20.4;257
16966;18.6;256
16968;20.5;259
16970;23.5;255
16972;22;253
16974;20.9;254
16976;20.7;252
16978;20.8;254
16980;19.4;252
16982;19.2;254
16984;20.8;255
16986;18.9;254
16988;18.9;257
16990;19.7;255
16992;19.4;257
16994;19.3;258
16996;21.4;256
16998;21.9;256
17000;20.9;253
17002;20;254
17004;20.9;254
17006;20.1;252
17008;19.3;255
17010;20.4;254
17012;19.2;255
17014;19;256
17016;22.1;253
17018;22.8;252
17020;20.5;250
17022;20.2;251
17024;22.3;250
17026;19.8;250
17028;18.9;253
17030;20.7;252
17032;18.8;253
17034;19;256
17036;19.1;255
17038;19.3;257
17040;18.6;257
17042;19.6;259
17044;21.2;259
17046;20.3;257
17048;20.7;259
17050;21.5;256
17052;19.7;257
17054;19.8;258
17056;20.1;256
17058;21.2;258
17060;20.6;255
17062;23;253
17064;23.9;251
17066;21.9;246
17068;21;248
17070;20.9;246
17072;20.5;247
17074;19.6;249
17076;19.6;248
17078;20;251
17080;18.8;250
17082;18.4;252
17084;20;254
17086;19.7;253
17088;19.2;256
17090;21;254
17092;20.5;255
17094;20.5;255
17096;19.5;254
17098;19.9;257
17100;19.3;256
17102;18.2;257
17104;20.2;258
17106;20.2;256
17108;23;256
17110;23.6;250
17112;21.6;250
17114;20.5;250
17116;20.8;249
17118;21.5;251
17120;19.8;248
17122;19.3;249
17124;20;251
17126;19.2;250
17128;18.9;254
17130;19.3;254
17132;19.7;254
17134;19.2;255
17136;19.3;255
17138;20.1;257
17140;18.5;255
17142;19.3;257
17144;20.8;259
17146;19.7;256
17148;18.7;260
17150;20.3;260
17152;20.3;261
17154;23.8;259
17156;21.5;256
17158;21.5;257
17160;20.4;254
17162;19.4;255
17164;20.4;256
17166;19.7;254
17168;19.4;258
17170;20;256
17172;19.1;257
17174;18.6;259
17176;19.9;258
17178;21;261
17180;20.5;257
17182;20.2;257
17184;20.6;258
17186;20;255
17188;20;258
17190;19.8;257
17192;20.2;257
17194;19;258
17196;19.3;258
17198;20.5;261
17200;19.1;259
17202;22.1;258
17204;23.2;257
17206;21.5;253
17208;19.4;255
17210;20.6;254
17212;19.8;255
17214;20.1;256
17216;18.4;256
17218;20.2;258
17220;19;257
17222;18.5;260
17224;20.2;261
17226;21.8;257
17228;21.3;259
17230;21.7;256
17232;20.2;255
17234;19.1;256
17236;20.6;255
17238;20.9;256
17240;20.6;253
17242;18.8;255
17244;20.7;255
17246;23.2;251
17248;22.1;251
17250;21.3;248
17252;21.3;247
17254;20;248
17256;19.6;248
17258;20.6;250
17260;18.1;250
17262;18.9;252
17264;19.7;255
17266;19.3;253
17268;17.7;257
17270;19.6;257
17272;20.1;257
17274;20.8;258
17276;20;257
17278;21.3;258
17280;19.8;256
17282;18.9;258
17284;20.6;259
17286;20.4;257
17288;19.7;260
17290;20.9;257
17292;21.6;257
17294;21.9;255
17296;22.7;251
17298;22.7;252
17300;21.5;248
17302;19.9;248
17304;20.6;250
17306;20.7;247
17308;19.4;250
17310;20.5;250
17312;19;251
17314;18.8;253
17316;18.5;253
17318;20.6;255
17320;19.4;253
17322;19.5;255
17324;20.9;256
17326;19.7;254
17328;18.8;257
17330;19.9;256
17332;19.9;257
17334;20.3;259
17336;19.2;257
17338;22.6;259
17340;22.1;254
17342;20.1;254
17344;22.2;254
17346;21.1;251
17348;20.2;253
17350;20.6;252
17352;19.7;253
17354;18.9;255
17356;19.5;252
17358;19.5;256
17360;19.5;254
17362;19.3;255
17364;20.7;256
17366;20.1;253
17368;19.7;256
17370;20.6;254
17372;20.3;255
17374;18.5;256
17376;18.9;256
17378;20.5;259
17380;18.9;257
17382;19;259
17384;21.3;260
17386;22.8;255
17388;20.5;257
17390;21.3;254
17392;20.4;254
17394;20.5;255
17396;19.1;254
17398;19.8;257
17400;18.7;256
17402;18.3;258
17404;19.8;260
17406;19.3;259
17408;19.8;262
17410;21.5;260
17412;20.7;260
17414;20.2;260
17416;21;259
17418;22.7;259
17420;20.7;256
17422;19.6;257
17424;20.6;257
17426;19.7;255
17428;20.2;258
17430;20.6;257
17432;22.3;256
17434;21.1;255
17436;21.3;252
17438;21.6;253
17440;19.4;251
17442;19.6;253
17444;20.8;254
17446;19.5;253
17448;18.2;256
17450;20.1;256
17452;18.7;257
17454;19.6;259
17456;19.6;258
17458;21.8;259
17460;20.5;257
17462;19.8;258
17464;20.9;258
17466;19.5;257
17468;19.9;259
17470;20.8;257
17472;19.5;257
17474;19.8;258
17476;22;255
17478;23.9;254
17480;22.5;250
17482;21;249
17484;21.6;250
17486;20.3;246
17488;20.5;250
17490;20.7;248
17492;19.6;249
17494;18.8;251
17496;18.8;251
17498;19.6;254
17500;17.8;254
17502;20;255
17504;21.3;255
17506;20.2;253
17508;19.8;255
17510;20.9;254
17512;19.3;254
17514;20.3;256
17516;18.9;254
17518;20;257
17520;19.5;255
17522;20.2;256
17524;22.7;255
17526;22.3;251
17528;22.4;251
17530;21.9;247
17532;20.7;248
17534;20;249
17536;20.6;247
17538;21.5;249
17540;19.7;248
17542;19.1;249
17544;19.8;251
17546;19.4;249
17548;21.1;253
17550;20.3;251
17552;20.4;251
17554;19.4;252
17556;20.5;251
17558;20.4;254
17560;18.9;253
17562;19.2;255
17564;21.4;256
17566;18.7;255
17568;20.3;257
17570;23.3;253
17572;21.9;251
17574;21.4;252
17576;20.1;251
17578;21;252
17580;19.6;250
17582;18.9;252
17584;19;254
17586;18.8;253
17588;19.1;256
17590;20.2;254
17592;19.1;255
17594;18.7;257
17596;21.2;255
17598;21.7;256
17600;20.2;254
17602;19.8;253
17604;20.9;254
17606;19.8;253
17608;19.6;256
17610;20;255
17612;19.1;255
17614;18.7;257
17616;21.6;254
17618;22.4;254
17620;20.3;251
17622;20.3;251
17624;22.2;251
17626;19.2;250
17628;19.1;254
17630;20.5;253
17632;18.6;254
17634;19.6;256
17636;18.8;256
17638;19.9;258
17640;19.1;258
17642;19;260
17644;21.6;260
17646;20.3;258
17648;21.5;260
17650;21.1;257
17652;20.1;258
17654;19.7;259
17656;20.4;257
17658;21.3;259
17660;20.6;255
17662;22.4;253
17664;22.5;251
17666;21.5;248
17668;21.6;250
17670;21;248
17672;20.6;248
17674;19.2;249
17676;19;250
17678;20;253
17680;18.8;253
17682;17.8;256
17684;19.9;257
17686;19.4;256
17688;19.4;259
17690;21;257
17692;20.1;258
17694;20.4;258
17696;19.4;257
17698;20.2;259
17700;19.5;257
17702;19.2;260
17704;21;260
17706;21.3;257
17708;23.3;256
17710;22.4;251
17712;21.4;251
17714;20.1;251
17716;20.9;249
17718;21.6;251
17720;19.9;248
17722;19.5;249
17724;20.7;251
17726;19.2;249
17728;19;253
17730;19.5;253
17732;19.7;254
17734;19.8;255
17736;20;253
17738;21.8;256
17740;18.7;254
17742;19.3;255
17744;20.2;256
17746;19.3;255
17748;18.7;258
17750;20;257
17752;19.5;258
17754;21.8;258
17756;22.1;255
17758;22.1;255
17760;20.5;252
17762;19.1;253
17764;20.9;255
17766;19.8;253
17768;19.6;255
17770;20.2;254
17772;19.4;255
17774;19.1;257
17776;19.6;256
17778;20.8;258
17780;21;256
17782;19.9;256
17784;21.2;256
17786;19.9;254
17788;19.3;257
17790;19.5;255
17792;19.3;256
17794;19.2;258
17796;19.3;257
17798;21.3;259
17800;21.3;255
17802;21;255
17804;22.3;255
17806;20.9;252
17808;19.8;254
17810;20.2;254
17812;19.6;255
17814;19.1;256
17816;18.6;256
17818;19.4;259
17820;18.9;258
17822;18.3;260
17824;20.3;263
17826;20.4;261
17828;21.5;262
17830;21.2;259
17832;20.4;259
17834;20.1;260
17836;20.7;259
17838;21.3;260
17840;20.4;257
17842;19.5;258
17844;21;258
17846;23;254
17848;21.7;254
17850;22.4;251
17852;20.8;250
17854;20.5;251
17856;19.8;251
17858;21.7;253
17860;17.7;252
17862;18.6;254
17864;19.3;256
17866;18.6;255
17868;18.2;259
17870;19.9;259
17872;20.5;259
17874;20.9;260
17876;20.2;259
17878;21.1;260
17880;19;259
17882;19.4;260
17884;19.6;261
17886;20.3;258
17888;20.3;261
17890;20.8;260
17892;22.4;258
17894;22.9;256
17896;22.2;253
17898;22.8;253
17900;21.2;249
17902;20.1;250
17904;21.4;251
17906;19.8;249
17908;19;252
17910;19.2;252
17912;19.6;253
17914;18.1;254
17916;18.9;255
17918;20.5;257
17920;19.7;254
17922;19.8;255
17924;20.8;256
17926;20;253
17928;18.6;256
17930;20;256
17932;19.7;256
17934;20.6;257
17936;19.5;256
17938;23.3;256
17940;21.9;251
17942;21;251
17944;22;251
17946;20.8;249
17948;20.6;251
17950;20.9;249
17952;20.1;250
17954;20.3;252
17956;19.8;251
17958;20.8;254
17960;19.9;251
17962;19.3;253
17964;21;253
17966;20.1;252
17968;20.9;255
17970;20.4;252
17972;20.4;252
17974;19;254
17976;19.3;254
17978;20.3;256
17980;18.5;255
17982;19.2;256
17984;21;258
17986;22.3;253
17988;21.1;255
17990;21.9;253
17992;20.8;252
17994;20.3;253
17996;19.5;253
17998;20;255
18000;18.6;254
18002;18.6;257
18004;20.1;259
18006;19.6;256
18008;19.3;261
18010;21.5;258
18012;20.7;258
18014;20.9;258
18016;21;256
18018;22.3;258
18020;20;254
18022;19;255
18024;20.4;256
18026;19.8;254
18028;19.4;257
18030;21.4;254
18032;22.3;253
18034;21.7;253
18036;21.1;250
18038;20.9;252
18040;19.1;250
18042;19.2;251
18044;21;253
18046;19.6;252
18048;18.3;255
18050;19.8;255
18052;18.5;256
18054;20.2;259
18056;19.6;258
18058;21.1;259
18060;20.2;257
18062;19.8;258
18064;21.7;259
18066;19.4;257
18068;20.4;259
18070;21.1;257
18072;20.2;257
18074;19.3;258
18076;21.6;256
18078;23.7;255
18080;22;251
18082;21.5;249
18084;21.3;249
18086;20.4;247
18088;20.8;250
18090;20.8;247
18092;19.6;249
18094;19.3;250
18096;19;250
18098;20.2;254
18100;18.3;253
18102;19.4;255
18104;22.1;256
18106;19.7;254
18108;19.6;256
18110;20.9;254
18112;19.6;255
18114;20.3;256
18116;19.7;254
18118;20.4;257
18120;19.7;254
18122;19.5;256
18124;21.4;255
18126;22.5;251
18128;22.2;251
18130;22.5;247
18132;20.9;247
18134;20.1;248
18136;21;246
18138;21.3;248
18140;19.4;246
18142;19;248
18144;20.5;249
18146;19.4;247
18148;19.5;250
18150;21.4;248
18152;20.2;249
18154;20.1;250
18156;20.2;248
18158;20.6;251
18160;18.5;250
18162;19.5;252
18164;20.8;254
18166;19.7;252
18168;19.3;255
18170;22.3;252
18172;22.7;250
18174;22;251
18176;20.9;248
18178;21.4;250
18180;19.3;249
18182;19.1;251
18184;20.9;252
18186;18.8;251
18188;19.2;254
18190;20.5;252
18192;19.6;253
18194;18.2;256
18196;21.4;253
18198;22.4;254
18200;20.2;252
18202;20.1;252
18204;20.8;253
18206;19.8;252
18208;19.8;255
18210;20.9;253
18212;19.3;254
18214;18.4;256
18216;20.4;254
18218;22.7;254
18220;20.3;251
18222;20.5;251
18224;22.2;252
18226;19.4;251
18228;19.1;254
18230;20.5;253
18232;18.7;255
18234;19.2;257
18236;18.9;257
18238;19.7;259
18240;19.2;259
18242;19.8;260
18244;21.8;260
18246;20.2;258
18248;20.6;260
18250;21.4;257
18252;19.7;257
18254;19.5;259
18256;20.5;257
18258;21.7;258
18260;21.3;256
18262;22.2;254
18264;23.4;252
18266;21.3;249
18268;21.7;250
18270;20.7;249
18272;19.9;248
18274;19.5;251
18276;19.1;250
18278;20;253
18280;18.1;253
18282;18.8;255
18284;20;257
18286;18.9;256
18288;19.3;258
18290;21.9;256
18292;20.2;256
18294;21;257
18296;19.7;257
18298;20.3;258
18300;18.6;258
18302;19.3;259
18304;20.9;260
18306;19.7;258
18308;22;258
18310;23.4;253
18312;22.3;252
18314;20.4;252
18316;21.3;248
18318;22.1;251
18320;20.6;248
18322;19.2;249
18324;20.2;250
18326;19.2;249
18328;18.9;253
18330;19.8;253
18332;20;253
18334;19.8;254
18336;20.4;253
18338;21;255
18340;18.8;253
18342;19.3;255
18344;20.3;257
18346;19.5;255
18348;18.7;258
18350;20.7;257
18352;20.6;257
18354;22.6;256
18356;21.9;253
18358;22;253
18360;20.7;250
18362;19.3;252
18364;21.3;252
18366;19.5;252
18368;20.2;254
18370;20;252
18372;19.8;254
18374;18.9;256
18376;19.6;255
18378;20;257
18380;20.9;254
18382;19.7;255
18384;21.3;254
18386;20.2;253
18388;20;256
18390;19.7;254
18392;19.6;255
18394;17.9;257
18396;19.4;256
18398;21.2;258
18400;21.4;254
18402;21.5;253
18404;23.1;253
18406;20.8;250
18408;19.6;253
18410;20.5;252
18412;19.7;253
18414;19.9;255
18416;18.4;255
18418;19.9;258
18420;18.2;257
18422;18.3;260
18424;19.8;261
18426;20.3;260
18428;20.8;262
18430;21.4;259
18432;20.7;259
18434;20.6;261
18436;20.4;259
18438;21.5;261
18440;20.3;258
18442;20.2;259
18444;21.2;259
18446;22.8;254
18448;22;255
18450;22.1;252
18452;20.8;251
18454;19.7;253
18456;19.6;251
18458;20.4;254
18460;18.9;253
18462;18.7;255
18464;20.2;258
18466;19.2;256
18468;18;260
18470;19.8;260
18472;20.1;260
18474;20.8;260
18476;20.2;260
18478;21.1;261
18480;20.1;259
18482;19.2;260
18484;21.8;262
18486;19.8;259
18488;20.2;261
18490;21.1;259
18492;22.8;256
18494;22.1;256
18496;21.9;252
18498;23;253
18500;21.2;250
18502;20.2;250
18504;20.7;251
18506;20;248
18508;19.3;253
18510;19.3;251
18512;19.5;253
18514;18.8;255
18516;18.3;255
18518;21.4;257
18520;19.3;255
18522;19.9;256
18524;20.6;256
18526;20.3;255
18528;18.3;258
18530;20.1;257
18532;20.4;258
18534;20.7;259
18536;20;258
18538;23.5;257
18540;22.5;252
18542;21.1;252
18544;22.8;251
18546;21.1;248
18548;20.6;251
18550;20.4;249
18552;20.1;249
18554;19.3;252
18556;19.9;249
18558;20.1;252
18560;19.9;250
18562;19.1;251
18564;21;252
18566;20.9;249
18568;20.6;252
18570;21.1;250
18572;20.4;251
18574;17.8;252
18576;19.7;251
18578;20.8;254
18580;19.3;253
18582;18.9;254
18584;22.5;255
18586;23.3;250
18588;21;251
18590;21.7;249
18592;20.8;249
18594;20.2;250
18596;19.5;250
18598;19.9;252
18600;18.6;252
18602;18.2;253
18604;20;256
18606;18.9;254
18608;19.6;258
18610;21.1;256
18612;20.1;255
18614;20.3;256
18616;21.1;253
18618;21.6;255
18620;20.3;253
18622;19.6;254
18624;19.8;255
18626;20.1;253
18628;19.3;255
18630;22.4;253
18632;22.5;251
18634;21.5;250
18636;21;248
18638;21.3;250
18640;18.8;249
18642;19.5;251
18644;20.4;252
18646;19;251
18648;18.2;255
18650;19.6;254
18652;18.6;256
18654;19;258
18656;19.8;257
18658;21.3;259
18660;19.6;256
18662;19.6;256
18664;20.8;258
18666;19.4;255
18668;20.2;258
18670;20.7;256
18672;19.8;256
18674;20;257
18676;22;255
18678;24.1;254
18680;22.5;250
18682;21.6;249
18684;22;249
18686;19.9;245
18688;20;249
18690;20.9;247
18692;19.8;249
18694;18.6;251
18696;19;250
18698;19.8;254
18700;18.7;253
18702;19;255
18704;20.6;256
18706;19.9;254
18708;19.6;257
18710;20.8;254
18712;19.6;256
18714;19.7;257
18716;19.8;256
18718;20.4;256
18720;19.5;256
18722;19.8;254
18724;23;253
18726;22;252
18728;21.6;253
18730;22.8;250
18732;21.3;249
18734;20.1;250
18736;20.7;248
18738;21.9;250
18740;20.1;247
18742;19.6;249
18744;21.2;250
18746;19.6;248
18748;20.4;251
18750;21.2;248
18752;20.5;248
18754;19.9;250
18756;20.8;248
18758;20.8;251
18760;19.5;250
18762;20;251
18764;21.3;252
18766;19.5;251
18768;19.6;253
18770;22.2;250
18772;22.5;249
18774;22.6;249
18776;21.1;246
18778;21.5;248
18780;19.3;247
18782;19.5;248
18784;21.1;250
18786;19.1;248
18788;19.9;251
18790;21;250
18792;19.8;250
18794;18.6;253
18796;21.2;250
18798;22.4;251
18800;20.7;248
18802;19.8;248
18804;20.9;249
18806;19.4;248
18808;19.4;251
18810;20.3;249
18812;19.9;250
18814;19.7;252
18816;21.5;250
18818;22.6;251
18820;21.3;247
18822;20.3;247
18824;22;248
18826;19.4;247
18828;18.9;250
18830;20.5;249
18832;19.2;251
18834;19.2;254
18836;19.4;252
18838;19.8;255
18840;18.9;256
18842;19.4;256
18844;21.2;258
18846;19.6;254
18848;20.9;257
18850;21;254
18852;19.9;253
18854;19.4;256
18856;20.2;254
18858;21.4;255
18860;20.2;253
18862;20.3;253
18864;21.2;252
18866;22.1;248
18868;21.1;250
18870;21.3;247
18872;20.5;247
18874;20;250
18876;19.1;248
18878;19.7;252
18880;18;251
18882;18.8;253
18884;20.2;255
18886;19.1;254
18888;19.7;256
18890;21.4;254
18892;20.2;255
18894;20.6;255
18896;19.8;254
18898;20.6;255
18900;19.8;254
18902;19.3;256
18904;20.9;257
18906;19.9;254
18908;21.5;255
18910;23.5;249
18912;21.8;249
18914;21.2;250
18916;21.4;245
18918;21.3;248
18920;20;246
18922;19.1;246
18924;20.7;248
18926;19.5;246
18928;18.4;250
18930;19.6;249
18932;19.4;251
18934;19.7;252
18936;20.3;251
18938;20.8;253
18940;19.4;251
18942;19.6;253
18944;20.4;254
18946;20.1;252
18948;18.9;256
18950;20;255
18952;20.6;255
18954;22.6;254
18956;22.4;250
18958;22.4;251
18960;20.8;248
18962;19.4;249
18964;20.4;251
18966;19.5;249
18968;19.7;252
18970;20.4;250
18972;19.3;251
18974;19.2;254
18976;20;252
18978;20.3;254
18980;20.6;251
18982;20;252
18984;22.3;252
18986;20.4;249
18988;19.3;253
18990;20.8;252
18992;20.1;252
18994;19.7;253
18996;19.7;253
18998;21.4;254
19000;21.4;251
19002;21.8;251
19004;22.4;251
19006;21.3;246
19008;19.6;249
19010;20.6;248
19012;19.5;249
19014;20;252
19016;18.6;251
19018;19.7;255
19020;18.8;254
19022;17.2;257
19024;21;258
19026;20.2;255
19028;19.6;258
19030;21.2;254
19032;20.1;255
19034;19.1;257
19036;19.8;255
19038;20.5;256
19040;20.3;253
19042;19.2;255
19044;20.3;256
19046;22.7;251
19048;21.8;251
19050;21.7;249
19052;20.8;248
19054;19.8;250
19056;19.4;250
19058;20.5;252
19060;18.5;251
19062;19;253
19064;19.5;256
19066;18.9;253
19068;17.9;258
19070;19.1;259
19072;19.9;260
19074;20.7;260
19076;19.9;258
19078;21.3;259
19080;19.5;258
19082;19.3;260
19084;20.8;261
19086;20.4;258
19088;19.8;261
19090;21;258
19092;22.4;257
19094;22.4;256
19096;22.3;252
19098;22.8;252
19100;21;249
19102;19.7;250
19104;21.1;250
19106;19.8;248
19108;19.1;252
19110;19.5;252
19112;19.3;252
19114;18.5;254
19116;18.4;255
19118;20.7;257
19120;20.1;255
19122;19.9;256
19124;20.7;256
19126;20.1;254
19128;18.7;256
19130;19.5;256
19132;19.9;257
19134;20.4;258
19136;19.9;257
19138;23.5;256
19140;22.8;252
19142;20.8;252
19144;22.6;252
19146;20.5;249
19148;20.2;252
19150;21.2;250
19152;19.8;251
19154;19;252
19156;20.1;252
19158;19.9;254
19160;19.9;253
19162;19;254
19164;21;255
19166;20.5;253
19168;20.1;255
19170;20.6;254
19172;20.6;254
19174;20.1;255
19176;19.4;254
19178;19.7;256
19180;18.7;254
19182;18.9;256
19184;21.9;257
19186;22.9;251
19188;21.2;252
19190;22.1;249
19192;20.7;250
19194;20.1;251
19196;19.5;250
19198;20.2;252
19200;19.1;251
19202;18.7;254
19204;20.4;256
19206;19.1;254
19208;19.1;258
19210;20.6;255
19212;20.2;255
19214;20.4;256
19216;20.7;253
19218;21.4;255
19220;20.6;252
19222;19.6;252
19224;20.4;253
19226;19.8;252
19228;19.2;255
19230;22.8;251
19232;22.8;249
19234;21.1;249
19236;20.6;247
19238;21;250
19240;19.3;248
19242;19.1;249
19244;20.2;252
19246;19.2;251
19248;17.9;254
19250;20;254
19252;17.9;256
19254;19;258
19256;19.5;258
19258;20.6;259
19260;19.6;257
19262;19.6;258
19264;21.9;259
19266;20;258
19268;20;259
19270;21.1;258
19272;19.6;258
19274;19.9;259
19276;22.4;256
19278;23.7;255
19280;22.5;251
19282;21.4;250
19284;21.1;250
19286;20.7;246
19288;19.7;250
19290;20.7;249
19292;19.3;250
19294;18.6;252
19296;19.2;252
19298;20.9;256
19300;18.1;254
19302;18.5;257
19304;20.8;258
19306;19.6;256
19308;19.5;259
19310;20.7;256
19312;19.6;257
19314;19.8;258
19316;20.1;256
19318;20.3;257
19320;19.2;257
19322;19.4;258
19324;23.7;256
19326;21.7;253
19328;22.1;254
19330;22;250
19332;20.8;251
19334;19.6;252
19336;20.9;249
19338;21.7;250
19340;19.6;249
19342;19.3;250
19344;20.1;251
19346;19.7;250
19348;19.9;253
19350;20.9;250
19352;20.7;250
19354;20.3;252
19356;20.3;250
19358;19.9;253
19360;18.6;252
19362;19.2;254
19364;20.7;255
19366;18.9;254
19368;20.6;256
19370;23.7;251
19372;22.2;250
19374;21.1;250
19376;20.8;248
19378;21.4;250
19380;19.9;248
19382;19.5;250
19384;20.9;250
19386;19.3;249
19388;19.3;253
19390;21;250
19392;19.6;251
19394;19.2;253
19396;21.8;251
19398;22.3;251
19400;20.4;248
19402;19.8;249
19404;21.4;250
19406;19.9;247
19408;19.6;251
19410;20.8;249
19412;19.6;250
19414;19.2;252
19416;20.5;250
19418;22.8;251
19420;20.7;247
19422;20.8;248
19424;22;249
19426;19.6;247
19428;19.4;250
19430;20.2;249
19432;18.9;251
19434;18.8;253
19436;19.9;252
19438;19.4;255
19440;18.3;255
19442;19.4;256
19444;21.6;256
19446;20;253
19448;21;256
19450;20.7;253
19452;19.9;253
19454;19.6;255
19456;20.2;253
19458;21.4;255
19460;20.8;252
19462;22;251
19464;23.5;250
19466;21.5;246
19468;20.8;248
19470;20.7;246
19472;20.1;246
19474;19;248
19476;18.9;248
19478;19.3;252
19480;18;252
19482;18;253
19484;19.2;256
19486;19.3;254
19488;19.1;257
19490;20.5;256
19492;20.1;256
19494;20.3;258
19496;19.3;257
19498;20.5;259
19500;19.1;257
19502;19.5;260
19504;20.7;259
19506;20.2;257
19508;21.6;258
19510;22.8;254
19512;21.6;253
19514;21.2;253
19516;21.2;250
19518;21.5;251
19520;20.5;249
19522;19.3;249
19524;20.4;251
19526;19.1;249
19528;18.8;253
19530;20;252
19532;18.8;254
19534;19.7;255
19536;19.9;254
19538;20.6;256
19540;18.7;254
19542;19.5;256
19544;20.6;256
19546;19.4;255
19548;18.9;259
19550;20.9;257
19552;20.2;258
19554;22.1;257
19556;21.7;254
19558;22.2;255
19560;20.6;251
19562;19.6;252
19564;20.6;254
19566;20.2;251
19568;19.1;254
19570;21;252
19572;19.7;254
19574;19.3;255
19576;19.4;254
19578;20.7;257
19580;20.6;253
19582;19.7;254
19584;21.2;254
19586;20.5;252
19588;20.2;255
19590;20.6;253
19592;20.2;253
19594;19.6;255
19596;19.4;254
19598;21;256
19600;21.7;252
19602;22.2;251
19604;22.4;250
19606;21.5;247
19608;19.9;249
19610;21;249
19612;19.4;249
19614;19.5;251
19616;18.6;251
19618;20.1;254
19620;18.6;253
19622;17.5;256
19624;19.8;258
19626;19.6;256
19628;20.3;258
19630;20.9;255
19632;20.2;255
19634;18.7;256
19636;20.2;255
19638;20.1;257
19640;20.3;254
19642;19.2;254
19644;20.5;255
19646;23;251
19648;22.3;251
19650;22.1;248
19652;21.3;247
19654;20.1;248
19656;19.9;247
19658;20;250
19660;18.3;250
19662;18.6;252
19664;19.9;255
19666;19.3;253
19668;17.4;258
19670;19.5;257
19672;20.3;258
19674;20.2;259
19676;20.1;258
19678;21;259
19680;19.9;258
19682;18.8;260
19684;20.5;262
19686;20;259
19688;19.7;262
19690;20.8;260
19692;22.7;259
19694;22.4;257
19696;22.2;253
19698;22.2;254
19700;21.2;250
19702;20.1;250
19704;21;251
19706;20.1;249
19708;18.4;253
19710;19.6;253
19712;19.4;254
19714;18;256
19716;19;256
19718;21.6;259
19720;19.2;256
19722;20;257
19724;20.8;258
19726;19.9;254
19728;18.4;258
19730;20.7;258
19732;20.2;258
19734;20.1;260
19736;19.3;259
19738;23.1;258
19740;22.3;254
19742;20.6;253
19744;22.5;254
19746;20.7;251
19748;19.8;253
19750;21.1;251
19752;20.1;251
19754;19.4;253
19756;19.9;252
19758;19.7;255
19760;19.9;253
19762;18.4;253
19764;19.8;256
19766;20.5;252
19768;22;256
19770;20.9;253
19772;20.6;252
19774;19.4;255
19776;19.7;254
19778;20.2;257
19780;19;255
19782;19;257
19784;23.1;256
19786;23.4;251
19788;21.2;252
19790;22;249
19792;20.6;249
19794;20.3;250
19796;19.5;250
19798;20.5;252
19800;19;251
19802;18.4;253
19804;19.7;256
19806;19.6;253
19808;18.7;257
19810;21.5;254
19812;20.7;254
19814;20.8;254
19816;21.5;252
19818;21.1;253
19820;20.5;250
19822;19.6;250
19824;20.9;253
19826;19.9;250
19828;19.4;253
19830;23;249
19832;23;247
19834;21.3;247
19836;21;245
19838;21.2;247
19840;19.1;246
19842;19.5;248
19844;20.5;249
19846;18.9;248
19848;18.2;252
19850;19.6;252
19852;18.6;254
19854;18.7;256
19856;19.2;255
19858;20.6;257
19860;19.6;255
19862;19;256
19864;20.7;257
19866;19.2;254
19868;19.1;258
19870;20;256
19872;19.9;256
19874;19.7;258
19876;21;256
19878;23.6;256
19880;22.7;250
19882;21.5;249
19884;21.6;249
19886;20.4;247
19888;19.8;249
19890;20.3;249
19892;19.4;249
19894;18.7;252
19896;18.7;251
19898;21;255
19900;17.5;255
19902;19.1;255
19904;20.9;257
19906;19.9;255
19908;20;256
19910;20.6;255
19912;19.5;256
19914;19.5;258
19916;19.3;257
19918;20.4;258
19920;18.8;258
19922;20.1;258
19924;23.6;257
19926;22.3;252
19928;21.8;253
19930;22;250
19932;20.6;250
19934;19.8;251
19936;20.7;249
19938;21.3;251
19940;19.6;249
19942;19.1;250
19944;20.3;252
19946;19.9;249
19948;19.8;253
19950;21;251
19952;20.7;250
19954;20;252
19956;20.2;250
19958;20.8;253
19960;17.8;252
19962;19.5;253
19964;20.5;255
19966;19;254
19968;20.2;256
19970;23.5;251
19972;22.3;249
19974;21.7;250
19976;20.7;248
19978;21.4;250
19980;19.5;249
19982;19.2;250
19984;20.7;252
19986;18.8;250
19988;19.3;253
19990;20.5;251
19992;19.6;253
19994;18.8;255
19996;21.2;253
19998;21.7;253
20000;21.1;250
20002;20.2;250
20004;21.5;251
20006;19.8;248
20008;19.2;252
20010;20.5;251
20012;19.5;251
20014;19.5;254
20016;22;251
20018;23;250
20020;21.3;247
20022;20.6;248
20024;22.1;248
20026;19.5;247
20028;19.6;249
20030;20.5;248
20032;19.3;249
20034;19.5;252
20036;19.2;251
20038;19.8;254
20040;19;254
20042;19.4;254
20044;21.5;256
20046;20.2;253
20048;20.7;255
20050;21.2;252
20052;19.7;253
20054;19.4;254
20056;20.6;253
20058;20.9;254
20060;21.2;251
20062;22.9;249
20064;23.3;248
20066;21.5;245
20068;20.7;247
20070;21;246
20072;20.3;246
20074;18.9;248
20076;18.9;247
20078;20.1;250
20080;18.3;251
20082;18.5;252
20084;19.4;255
20086;19.8;253
20088;19;256
20090;20.3;254
20092;19.7;255
20094;20;257
20096;18.9;255
20098;20.3;258
20100;19.5;257
20102;19;258
20104;21;260
20106;19.6;258
20108;22.5;259
20110;23.3;254
20112;21.6;253
20114;20.2;253
20116;20.7;250
20118;21.9;252
20120;19.8;250
20122;19.1;250
20124;20.4;252
20126;18.8;251
20128;18.2;255
20130;19;254
20132;19.2;255
20134;19.7;256
20136;19.8;255
20138;20.9;257
20140;18.3;256
20142;19.9;257
20144;20.9;258
20146;20.1;256
20148;19;259
20150;20.3;258
20152;20.5;258
20154;22.7;258
20156;22;254
20158;22.1;254
20160;21.2;252
20162;19.4;253
20164;20.8;254
20166;20.2;252
20168;19;255
20170;19.8;253
20172;19.6;254
20174;18.6;256
20176;19.5;255
20178;20.4;258
20180;20.7;255
20182;19.4;255
20184;20.6;255
20186;20.5;252
20188;19.2;255
20190;20.2;254
20192;20;255
20194;19;256
20196;18.8;255
20198;20.3;258
20200;20.5;254
20202;21.4;254
20204;22.7;254
20206;21;250
20208;20;252
20210;20.9;250
20212;20.3;251
20214;20.5;253
20216;19;252
20218;20.5;254
20220;19.1;253
20222;18;255
20224;19.7;256
20226;20.2;254
20228;20.4;256
20230;21.9;253
20232;20.5;253
20234;19.7;254
20236;20.5;252
20238;21;254
20240;20.7;252
20242;19.6;252
20244;20.1;253
20246;22.3;249
20248;22.3;250
20250;22.3;246
20252;21.4;246
20254;20.3;247
20256;19.2;246
20258;20.1;248
20260;19.2;248
20262;18.8;249
20264;19.9;251
20266;19.1;250
20268;17.8;255
20270;19.4;254
20272;20;254
20274;19.8;256
20276;19.2;255
20278;20.9;257
20280;19;255
20282;18.4;257
20284;20.3;259
20286;19.8;256
20288;19.6;258
20290;20.3;257
20292;21.7;257
20294;22.3;255
20296;22.5;251
20298;22.7;252
20300;21.2;248
20302;19.6;248
20304;20.6;250
20306;20;248
20308;19.1;252
20310;19.5;251
20312;19;252
20314;18.5;255
20316;18.5;255
20318;20.5;255
20320;19.2;254
20322;19.5;255
20324;20.3;256
20326;19.9;255
20328;17.9;257
20330;19.9;257
20332;20.3;258
20334;20.1;259
20336;19.2;259
20338;22.4;260
20340;22.4;254
20342;20.7;254
20344;22.5;253
20346;20.9;251
20348;20.5;253
20350;20.3;251
20352;20.2;251
20354;19.5;254
20356;19.5;251
20358;20.1;255
20360;19.8;253
20362;19;254
20364;20.9;255
20366;20.4;253
20368;20.3;255
20370;21;253
20372;20.2;253
20374;19.7;255
20376;19.1;254
20378;20.4;256
20380;19.2;255
20382;19;256
20384;22.1;256
20386;22.5;251
20388;21.1;252
20390;21.4;250
20392;20.8;250
20394;20.4;251
20396;19.5;251
20398;20.3;253
20400;19;252
20402;18.3;254
20404;19.9;256
20406;19.2;255
20408;19.8;257
20410;20.9;255
20412;20.9;255
20414;19.9;255
20416;21.3;253
20418;22.3;254
20420;20.5;250
20422;19.7;252
20424;20.8;252
20426;20.1;249
20428;19.5;253
20430;21.3;251
20432;23.3;249
20434;22.3;248
20436;20.9;244
20438;21.8;246
20440;20;245
20442;19.9;246
20444;20.3;248
20446;19.3;247
20448;18;250
20450;19.7;250
20452;18.9;251
20454;19.3;254
20456;19.6;253
20458;21.6;254
20460;20.3;252
20462;19.9;252
20464;20.8;254
20466;19.6;252
20468;20.1;254
20470;20.3;253
20472;20.1;253
20474;19.2;255
20476;22.5;252
20478;24.1;251
20480;22.1;246
20482;21.6;244
20484;21.8;246
20486;20.3;243
20488;19.4;246
20490;20.4;245
20492;19.2;246
20494;18.9;249
20496;18.6;249
20498;19.3;252
20500;18.1;252
20502;19.3;253
20504;21;255
20506;19.6;253
20508;19.6;255
20510;20.7;253
20512;19.5;255
20514;19.4;257
20516;18.9;255
20518;19.8;258
20520;19.3;257
20522;20.6;257
20524;23.5;256
20526;21.7;251
20528;21.3;252
20530;21.9;249
20532;20.6;250
20534;19.4;251
20536;20.6;249
20538;20.8;250
20540;20;248
20542;19.3;250
20544;20.7;251
20546;19.5;250
20548;20.1;253
20550;21.4;251
20552;20.5;251
20554;19.8;252
20556;20;250
20558;20.1;253
20560;18.4;253
20562;19.5;253
20564;20.6;255
20566;18.5;254
20568;20.9;256
20570;23.3;251
20572;22.2;250
20574;21.3;250
20576;20.6;248
20578;20.6;250
20580;19.5;250
20582;19;250
20584;20.9;252
20586;18.6;250
20588;19;255
20590;20.7;252
20592;19.5;255
20594;18;257
20596;20.7;254
20598;21.8;255
20600;20.9;252
20602;20.2;252
20604;21.1;252
20606;19.9;250
20608;19.4;253
20610;20.7;251
20612;19.3;252
20614;20.2;253
20616;22.7;249
20618;23.3;250
20620;20.7;247
20622;21.1;247
20624;22.7;246
20626;20;245
20628;19.7;248
20630;20.5;246
20632;19.2;248
20634;19.3;250
20636;19.6;250
20638;20.3;253
20640;19.1;252
20642;19.9;252
20644;21.8;253
20646;20.3;251
20648;20.2;253
20650;21.3;250
20652;20.5;251
20654;19.4;252
20656;20.3;251
20658;20.9;252
20660;21.6;248
20662;22.9;247
20664;22.4;245
20666;21.8;241
20668;20.6;244
20670;21.1;241
20672;20.8;243
20674;20.1;245
20676;19.2;243
20678;19.9;247
20680;17.9;247
20682;18.4;250
20684;20;252
20686;19.4;251
20688;19.2;254
20690;20.9;252
20692;20.3;253
20694;20.3;255
20696;19.5;254
20698;20;256
20700;19.1;255
20702;18.5;257
20704;20.3;258
20706;19.4;256
20708;22.5;256
20710;23.5;251
20712;21.8;250
20714;21;250
20716;20.7;247
20718;21.6;249
20720;20;247
20722;19.2;248
20724;20.1;250
20726;19.2;248
20728;18.4;252
20730;19.1;252
20732;20;252
20734;20;254
20736;19.9;252
20738;20.5;255
20740;19.1;254
20742;19.1;255
20744;20.3;256
20746;19.5;254
20748;18.8;257
20750;19.9;256
20752;19.8;257
20754;22;258
20756;22.2;253
20758;22.7;253
20760;20.7;250
20762;19.8;252
20764;21.5;253
20766;20.1;250
20768;19.3;254
20770;20.3;252
20772;19.9;254
20774;19.1;255
20776;19.4;253
20778;21.3;256
20780;21.4;253
20782;20.5;253
20784;22.3;252
20786;20.6;250
20788;19.9;253
20790;20.3;252
20792;19.9;252
20794;19.3;254
20796;19.5;253
20798;22.8;255
20800;21.8;251
20802;22;250
20804;22;250
20806;20.9;246
20808;19.9;249
20810;20.6;248
20812;19.7;249
20814;19.7;251
20816;18.7;251
20818;19.8;254
20820;19.6;253
20822;18.1;256
20824;19.9;258
20826;20.1;255
20828;19.9;257
20830;21.1;254
20832;20.6;255
20834;19.4;255
20836;20.5;254
20838;21.2;256
20840;20.6;252
20842;19.9;253
20844;20.3;254
20846;22.1;250
20848;22;251
20850;22.6;247
20852;21.3;247
20854;20.3;248
20856;20.1;247
20858;20.8;249
20860;18.9;248
20862;18.8;250
20864;20.2;252
20866;19.4;250
20868;18;255
20870;19.9;254
20872;20.4;255
20874;20.6;255
20876;19.3;255
20878;20.6;257
20880;19.5;254
20882;18.5;258
20884;20.2;258
20886;19.8;256
20888;19.3;258
20890;20.3;257
20892;21.9;256
20894;22.3;254
20896;22.3;251
20898;22.2;252
20900;20.7;248
20902;19.7;248
20904;20.6;250
20906;20;247
20908;18.8;252
20910;19.5;251
20912;19.8;252
20914;17.6;254
20916;18.5;253
20918;20.9;256
20920;19.5;254
20922;19.5;255
20924;20.4;256
20926;20;254
20928;18.4;257
20930;19.8;257
20932;20.2;257
20934;20.4;258
20936;19.3;257
20938;21.6;258
20940;22;254
20942;20.7;255
20944;22.2;254
20946;20.9;251
20948;20.5;252
20950;20.7;251
20952;19.7;251
20954;18.5;253
20956;19.4;251
20958;19.8;254
20960;19.5;253
20962;18.6;254
20964;20.6;256
20966;20.3;253
20968;21.2;257
20970;20.4;253
20972;20.6;254
20974;19.2;255
20976;19.5;254
20978;20.2;257
20980;19;255
20982;18.8;257
20984;20.7;258
20986;22.6;254
20988;21.4;254
20990;22;251
20992;20.9;251
20994;20.7;252
20996;19.7;251
20998;20.4;253
21000;19.1;251
21002;18.6;254
21004;20.3;256
21006;19.2;254
21008;19.4;257
21010;21;255
21012;21.1;254
21014;21.1;254
21016;21;251
21018;21.6;254
21020;20.4;250
21022;19.9;251
21024;20.3;252
21026;20;249
21028;20.1;252
21030;22.4;248
21032;23.5;247
21034;21.6;246
21036;21.2;244
21038;21;246
21040;20.4;245
21042;19.2;247
21044;20.9;248
21046;19.4;247
21048;18.2;251
21050;20;250
21052;18.4;252
21054;19.2;254
21056;19.1;253
21058;21;256
21060;20.4;253
21062;19.7;254
21064;21.3;255
21066;19.4;253
21068;19.6;256
21070;20.9;253
21072;19.4;255
21074;19.5;256
21076;21.8;253
21078;22.4;252
21080;23;247
21082;21.4;246
21084;22.3;247
21086;20.7;244
21088;20;247
21090;20.6;245
21092;20;246
21094;18.9;248
21096;19.1;248
21098;19.7;251
21100;18.1;251
21102;19.3;252
21104;21.7;253
21106;19.6;251
21108;19.8;254
21110;20.9;252
21112;19.8;253
21114;19.8;254
21116;19.2;253
21118;19.9;256
21120;18.7;255
21122;20.3;255
21124;23.4;253
21126;22.4;249
21128;21.7;251
21130;21.9;247
21132;20.8;247
21134;19.8;249
21136;20.8;247
21138;21.3;249
21140;19.3;248
21142;18.9;249
21144;20.3;251
21146;19.5;249
21148;19.7;253
21150;20.7;250
21152;20.5;250
21154;19.5;251
21156;19.8;250
21158;20.9;253
21160;18;252
21162;19.3;253
21164;20.4;256
21166;19.2;254
21168;19.9;256
21170;23.7;252
21172;22.3;250
21174;21.6;250
21176;20.8;248
21178;21.1;250
21180;19.7;249
21182;19.2;250
21184;21.3;251
21186;18.9;250
21188;19.8;253
21190;21;252
21192;19.7;252
21194;18.3;255
21196;20.6;252
21198;21.6;254
21200;20.5;251
21202;19.9;251
21204;21.4;251
21206;20;249
21208;19.2;252
21210;20.7;250
21212;19.4;251
21214;19.7;254
21216;22;250
21218;23;250
21220;20.3;247
21222;20.5;248
21224;22.1;248
21226;19.6;246
21228;19.3;249
21230;20.3;248
21232;18.8;250
21234;19.4;252
21236;19.3;251
21238;19.6;254
21240;18.9;254
21242;19.8;254
21244;21.6;254
21246;20.3;252
21248;21;253
21250;21.8;251
21252;20.4;251
21254;19.9;253
21256;20.6;249
21258;21.5;251
21260;22.4;247
21262;23.3;245
21264;22.8;243
21266;22.2;241
21268;21.1;242
21270;22;240
21272;20.7;241
21274;20.1;244
21276;19.5;245
21278;19.8;246
21280;19;246
21282;18.6;247
21284;20.1;250
21286;19.2;250
21288;19.1;252
21290;21.3;251
21292;20.1;252
21294;20.1;253
21296;19.3;251
21298;20.3;254
21300;18.9;253
21302;18.8;255
21304;19.8;255
21306;19;254
21308;21;256
21310;23.5;250
21312;21.9;249
21314;20.9;250
21316;21;246
21318;22.5;249
21320;20.1;246
21322;19.4;248
21324;20.5;249
21326;19.2;248
21328;19.1;252
21330;19.4;251
21332;19.8;252
21334;20.4;254
21336;20.1;252
21338;20.6;254
21340;19.4;252
21342;19.6;253
21344;20.3;255
21346;19.4;254
21348;18.4;257
21350;19.8;256
21352;20.6;256
21354;23;255
21356;21.5;251
21358;21.9;253
21360;20.6;250
21362;19.1;252
21364;20.5;253
21366;19.6;251
21368;19.7;254
21370;20.5;253
21372;19.5;254
21374;19.1;256
21376;19.4;254
21378;20.5;257
21380;20.6;254
21382;19.4;254
21384;21.1;255
21386;20.5;252
21388;19.4;255
21390;20;254
21392;20.2;255
21394;19.2;255
21396;19.6;255
21398;20.6;257
21400;20.9;253
21402;22;252
21404;22.2;252
21406;21.3;248
21408;19.3;251
21410;20.5;251
21412;19.7;250
21414;19.6;253
21416;18.6;252
21418;19.9;255
21420;18.7;254
21422;18.3;256
21424;19;258
21426;19.8;256
21428;20.7;258
21430;21.4;256
21432;20.1;255
21434;19.7;257
21436;20.1;254
21438;20.7;256
21440;20.9;254
21442;19.8;254
21444;20.7;255
21446;22.9;251
21448;22.9;251
21450;22.1;247
21452;21.3;247
21454;20.2;248
21456;19.9;247
21458;20.5;248
21460;18.9;248
21462;18.5;249
21464;20.3;252
21466;19.4;250
21468;18;254
21470;19.4;254
21472;20.5;254
21474;20.9;255
21476;19.9;254
21478;21;255
21480;20.1;254
21482;18.7;255
21484;20.6;257
21486;20.1;253
21488;19.4;256
21490;21;253
21492;23.3;252
21494;22.3;250
21496;22.3;247
21498;22.3;247
21500;21.3;243
21502;20;245
21504;21.8;246
21506;20.3;244
21508;18.9;247
21510;19.8;247
21512;19.6;248
21514;18.8;251
21516;19.4;250
21518;21.3;253
21520;19.2;251
21522;19.7;252
21524;20.4;253
21526;19.8;250
21528;18.9;254
21530;19.9;253
21532;19.9;254
21534;19.7;255
21536;18.4;255
21538;21;256
21540;22.4;252
21542;20.7;252
21544;21.4;252
21546;20.8;248
21548;20.6;251
21550;21.1;249
21552;19.8;249
21554;19.3;252
21556;19.5;251
21558;20;254
21560;19.8;251
21562;18.8;253
21564;21.1;254
21566;20.9;249
21568;20.9;253
21570;20.3;251
21572;19.9;252
21574;18.4;253
21576;19.4;253
21578;22.1;255
21580;19;253
21582;18.9;256
21584;21.5;256
21586;22.5;252
21588;21.4;253
21590;21.8;250
21592;20.4;250
21594;20.4;251
21596;19.3;251
21598;20.5;252
21600;19.4;251
