Temps [s];Marche [s/j];Amplitude [°]
2;5.1;254
4;5.9;255
6;4.1;254
8;4.8;256
10;6.5;256
12;4.4;254
14;4.8;257
16;6.1;255
18;5.5;255
20;4.6;257
22;5.1;254
24;6.5;256
26;4.3;255
28;4.9;256
30;6.2;257
32;4.1;255
34;6.3;258
36;6.6;255
38;5.5;254
40;4.7;256
42;4.8;254
44;5.7;256
46;3.7;256
48;4.6;257
50;6.5;257
52;4.5;255
54;5.2;259
56;6.2;257
58;5.4;256
60;5;258
62;5.3;256
64;6.5;258
66;4.6;255
68;5.3;257
70;6.6;257
72;4.1;255
74;5.1;259
76;7.1;255
78;5.7;254
80;4.9;255
82;4.9;253
84;6;255
86;3.6;254
88;4.4;255
90;6.2;255
92;4.3;253
94;4.2;256
96;5.8;253
98;4.3;254
100;4.2;256
102;4.7;255
104;6.4;256
106;4.7;256
108;5.2;256
110;6.7;257
112;4.2;253
114;4.6;258
116;5.8;256
118;5.8;255
120;5.2;257
122;5.3;254
124;6;253
126;4.1;254
128;4.4;255
130;5.9;256
132;3.8;253
134;4.6;257
136;5.8;255
138;5.2;254
140;4.8;256
142;5.5;253
144;6.2;255
146;4;254
148;5;254
150;6.5;254
152;4.4;251
154;4.7;254
156;4.8;251
158;3.9;251
160;4.2;253
162;4.9;251
164;5.5;252
166;3.4;251
168;3.7;252
170;5.5;253
172;3;251
174;3.5;254
176;5.1;253
178;4.3;252
180;3.8;255
182;4.1;253
184;5.5;255
186;3.8;254
188;4.4;255
190;6;255
192;4.2;253
194;4.3;255
196;5.3;254
198;4.3;254
200;4.1;256
202;5;253
204;5.9;254
206;3.9;253
208;4.2;254
210;5.9;254
212;3.2;252
214;4;256
216;5.3;255
218;4.4;255
220;4.6;257
222;4.9;255
224;6.2;256
226;4.4;255
228;5.3;256
230;6.8;256
232;4.6;254
234;5.5;256
236;5.6;253
238;4.7;254
240;3.6;257
242;5;254
244;6.3;255
246;4.1;254
248;4.6;254
250;6.3;255
252;3.6;253
254;4.4;257
256;5.6;254
258;4.6;255
260;4.8;257
262;5.4;254
264;6;255
266;4.1;253
268;4.6;254
270;6.5;254
272;3.9;251
274;4.5;255
276;5.7;252
278;3.9;251
280;3.5;254
282;3.9;253
284;6;254
286;4.1;252
288;4.4;253
290;6.1;253
292;3.4;249
294;3.7;253
296;4.6;251
298;3.7;252
300;3.4;255
302;4;253
304;5.4;254
306;3.7;254
308;4.7;254
310;6.3;252
312;3.9;249
314;4.5;254
316;5.5;251
318;4.4;250
320;3.9;252
322;3.9;250
324;5.1;250
326;3.8;250
328;4.4;249
330;5.6;249
332;2.7;247
334;3.4;250
336;4.2;248
338;3.3;248
340;2.9;249
342;3.8;249
344;4.9;250
346;2.5;249
348;3.1;251
350;5.4;251
352;2.8;249
354;3.7;253
356;5;251
358;4.1;250
360;3.2;252
362;3;250
364;4;254
366;3.6;253
368;4.4;253
370;6;254
372;3.7;252
374;4.3;254
376;5.3;253
378;4.2;253
380;3.7;255
382;4.4;253
384;5.4;254
386;3.8;254
388;4.5;254
390;6.1;253
392;3.9;252
394;4.4;255
396;5.4;253
398;4.5;252
400;3.9;254
402;4.2;252
404;4.9;254
406;3.1;254
408;5.1;253
410;6.7;253
412;3.8;250
414;4.1;252
416;4.6;251
418;3.9;250
420;2.8;252
422;3.4;251
424;5.1;253
426;3.5;252
428;4.2;253
430;6.1;252
432;3.6;251
434;4.3;254
436;5.3;252
438;4.5;252
440;4.6;253
442;5;251
444;5.3;252
446;2.7;252
448;4;253
450;6.5;252
452;4.1;250
454;4.2;252
456;5.2;250
458;3.7;249
460;3;252
462;3.4;250
464;4.8;253
466;3;252
468;3.8;252
470;6.1;253
472;3.6;251
474;4;254
476;5.3;252
478;4.2;252
480;3.4;254
482;4.5;252
484;5.7;253
486;3.2;251
488;3.6;253
490;5.7;254
492;3.7;251
494;4.9;253
496;5.8;250
498;4.7;249
500;3.7;250
502;3.9;249
504;4.9;250
506;2.6;249
508;3.5;250
510;5.6;251
512;3.2;248
514;3.7;251
516;4.8;249
518;3.6;249
520;3.3;251
522;3.6;247
524;5.4;250
526;3.1;249
528;3.4;251
530;4.9;251
532;2.7;249
534;4.5;252
536;5.6;250
538;3.9;249
540;3.3;252
542;3.6;250
544;4.8;252
546;2.3;252
548;3.3;253
550;5.5;254
552;3.1;253
554;4;256
556;5.5;254
558;4.7;254
560;4.5;256
562;4.8;254
564;6.1;255
566;4;253
568;4.7;253
570;6;254
572;3.3;252
574;4;256
576;6;253
578;4.5;252
580;4.3;254
582;4.5;251
584;5.4;252
586;3.2;251
588;3.5;252
590;5.8;253
592;3.5;252
594;3.5;256
596;5.3;255
598;4.5;255
600;4;257
602;4.9;255
604;6.2;257
606;4.4;255
608;5;256
610;6.8;256
612;4.2;251
614;4.2;256
616;5.2;254
618;5.2;254
620;5.1;255
622;4.7;252
624;5.9;253
626;3.4;252
628;3.9;253
630;5.6;254
632;3.3;252
634;4;256
636;5.4;254
638;4.6;254
640;4.2;256
642;5.1;254
644;5.6;255
646;4.1;253
648;4.8;255
650;6.8;254
652;4.2;250
654;4.6;254
656;5.4;252
658;4.2;251
660;4.4;253
662;4.6;250
664;5.6;250
666;3.2;249
668;3.6;250
670;5.1;251
672;2.7;249
674;3.2;253
676;4.8;251
678;4.1;251
680;3.9;253
682;4;248
684;5.5;252
686;3.4;250
688;3.9;252
690;5.7;251
692;4.1;250
694;4.5;251
696;5.2;249
698;3.4;249
700;2.7;252
702;3.9;250
704;5.5;251
706;3;251
708;3.6;252
710;5.2;252
712;2.8;251
714;3.5;255
716;4.5;254
718;4;254
720;3.7;257
722;4.5;255
724;5.9;255
726;4.5;256
728;4.9;256
730;6.8;256
732;4.9;252
734;5.6;254
736;6.3;252
738;4.5;251
740;3.2;254
742;4.8;252
744;5.8;251
746;3.4;252
748;3.9;252
750;5.7;252
752;2.8;250
754;3.7;254
756;4.9;253
758;4.1;253
760;3.8;255
762;4.3;253
764;5.6;255
766;3.6;255
768;4.4;254
770;6.2;254
772;3.7;253
774;4.5;256
776;6.1;253
778;4.5;252
780;3.8;254
782;3.8;253
784;5.4;254
786;4.1;253
788;4.4;253
790;6;253
792;3.2;250
794;3.8;255
796;5.1;253
798;4.3;252
800;4;254
802;4.5;252
804;5.5;254
806;3.7;252
808;4.4;254
810;6.1;254
812;3.8;251
814;4.1;254
816;6;251
818;4.5;251
820;4.1;252
822;4.4;251
824;4.6;253
826;3.5;252
828;4.2;251
830;6.2;252
832;2.9;248
834;3.6;253
836;4.5;251
838;3.5;250
840;3.3;254
842;4.1;252
844;5.4;253
846;3.9;252
848;4.4;253
850;6;252
852;3.3;250
854;4.2;253
856;5.9;250
858;5.7;248
860;4.5;249
862;3.8;246
864;3.9;248
866;2;247
868;4;248
870;5.4;248
872;2.7;246
874;3;249
876;4.3;247
878;2.7;247
880;2.2;250
882;3.2;248
884;4.7;250
886;2.8;248
888;3.4;249
890;5.5;250
892;2.7;249
894;3.4;252
896;4.6;249
898;3.9;250
900;3.7;252
902;3.7;250
904;4.7;252
906;2.5;251
908;4.1;252
910;6.2;252
912;3.3;250
914;3.8;253
916;4.9;252
918;4;252
920;3.6;254
922;4.1;252
924;5.7;253
926;3.5;253
928;4.2;253
930;5.9;253
932;3.8;251
934;4.1;254
936;5.3;252
938;3.9;252
940;4.1;252
942;4.6;251
944;5.4;253
946;2.9;252
948;2.9;253
950;6.5;254
952;4;251
954;4.1;253
956;5.2;251
958;4.2;251
960;3.2;252
962;3.5;252
964;4.9;254
966;3.3;254
968;4.1;254
970;6.2;254
972;4;252
974;4.4;255
976;5.7;251
978;4.3;251
980;4.1;254
982;5.1;251
984;5.7;252
986;3.7;250
988;3.7;251
990;5.3;252
992;3.6;250
994;4.1;252
996;4.8;250
998;3.8;250
1000;3.5;251
1002;3.6;250
1004;4.9;251
1006;3;251
1008;3.4;252
1010;5.6;252
1012;3.2;250
1014;3.4;254
1016;4.9;252
1018;3.9;252
1020;3.6;254
1022;4.2;253
1024;6.1;253
1026;4.2;251
1028;4.3;251
1030;5.6;252
1032;3;250
1034;4.7;251
1036;5.7;248
1038;4.4;248
1040;3.7;250
1042;3.8;247
1044;5;248
1046;2.1;248
1048;3.1;249
1050;4.9;250
1052;2.9;248
1054;3.6;251
1056;4.7;250
1058;3.6;249
1060;3.4;252
1062;3.8;250
1064;5.1;251
1066;3.3;250
1068;4.4;251
1070;5.9;251
1072;3;248
1074;2.9;252
1076;5.2;251
1078;4.1;250
1080;3.4;251
1082;3.5;251
1084;4.8;253
1086;3.3;252
1088;3.5;254
1090;5.5;255
1092;3.6;253
1094;3.7;256
1096;5.9;255
1098;4.5;253
1100;4.5;256
1102;5.2;254
1104;6.1;255
1106;4.2;254
1108;4.9;254
1110;6.5;254
1112;4.2;251
1114;4.2;254
1116;4.8;253
1118;4.1;252
1120;4;254
1122;4.6;251
1124;5.2;251
1126;3;251
1128;3.6;253
1130;5.4;254
1132;2.9;252
1134;3.9;256
1136;5.1;254
1138;4.4;254
1140;4.2;256
1142;5;254
1144;5.6;256
1146;4.1;255
1148;5.1;256
1150;6.7;255
1152;4.8;252
1154;4.9;255
1156;5.5;253
1158;4.6;252
1160;4.6;254
1162;4.9;251
1164;5.5;252
1166;3.2;252
1168;3.9;252
1170;5.4;253
1172;3.1;251
1174;3.8;255
1176;5.1;253
1178;4.4;253
1180;4;255
1182;4.6;253
1184;5.9;253
1186;3.6;254
1188;4.4;254
1190;6.5;254
1192;4.5;251
1194;5.2;253
1196;5.7;250
1198;4.1;248
1200;3.6;251
1202;4.6;249
1204;5.8;250
1206;3.7;248
1208;3.9;248
1210;5.2;249
1212;2.6;247
1214;3.1;247
1216;4.3;249
1218;3.6;247
1220;3.5;252
1222;3.7;250
1224;5;250
1226;2.9;251
1228;3.7;252
1230;5.7;252
1232;4.4;250
1234;5.1;251
1236;5.8;248
1238;3.9;247
1240;2.4;250
1242;3.7;249
1244;4.7;250
1246;2.7;250
1248;3.2;251
1250;5.3;252
1252;2.6;250
1254;3.5;255
1256;4.5;254
1258;4;254
1260;3.9;257
1262;4.7;256
1264;6;257
1266;4.5;257
1268;5.3;258
1270;7.1;258
1272;5;256
1274;5.7;259
1276;6.8;255
1278;5.9;254
1280;4.8;256
1282;4.4;254
1284;6.2;255
1286;4.4;254
1288;4.5;254
1290;6.1;254
1292;3.8;250
1294;4.1;256
1296;5.1;253
1298;4.1;255
1300;4.7;258
1302;5.5;256
1304;6.4;257
1306;4.3;256
1308;5;256
1310;6.7;256
1312;4.1;255
1314;4.9;257
1316;6;256
1318;5.4;254
1320;4.6;257
1322;4.9;255
1324;5.9;256
1326;4.4;254
1328;5.3;255
1330;6.6;255
1332;3.6;252
1334;4.4;256
1336;5.5;255
1338;4.6;254
1340;4.9;257
1342;5.4;254
1344;5.9;255
1346;3.9;255
1348;4.9;255
1350;6.4;255
1352;3.9;253
1354;4.8;256
1356;5.9;254
1358;5;252
1360;4.4;253
1362;4.2;251
1364;4.8;254
1366;3.8;253
1368;4.8;254
1370;6.6;253
1372;4;250
1374;4.1;254
1376;5.3;252
1378;4;251
1380;3.4;254
1382;4.3;252
1384;5.7;254
1386;4;253
1388;4.3;253
1390;6.1;253
1392;3.8;251
1394;4.3;254
1396;5.5;252
1398;4.7;251
1400;4.8;251
1402;4.9;247
1404;5.2;249
1406;2.8;249
1408;4.4;250
1410;6.2;250
1412;3.6;247
1414;3.6;249
1416;4.8;248
1418;3.3;250
1420;2.9;251
1422;3.5;250
1424;4.9;252
1426;2.7;252
1428;3.5;253
1430;5.8;253
1432;3.1;251
1434;3.8;255
1436;5.3;254
1438;4.5;253
1440;4.1;255
1442;4.8;253
1444;6.1;255
1446;3.8;254
1448;4.3;255
1450;6.9;255
1452;4.6;252
1454;4.8;255
1456;5.9;252
1458;4.5;252
1460;4.2;254
1462;4.6;252
1464;5.4;254
1466;3.4;254
1468;4.5;254
1470;6.1;253
1472;3.8;251
1474;4.3;256
1476;5.6;254
1478;4.4;253
1480;4.2;255
1482;5;253
1484;6.1;254
1486;4.2;253
1488;3.8;253
1490;5.7;254
1492;4.1;252
1494;4.5;254
1496;5.7;252
1498;4.2;251
1500;3.7;254
1502;3.6;252
1504;5.1;253
1506;3.3;253
1508;4.1;254
1510;6;255
1512;3.9;252
1514;4.4;257
1516;5.9;255
1518;4.8;254
1520;4.6;257
1522;5.5;255
1524;6.4;255
1526;4.6;254
1528;4.8;255
1530;6.2;255
1532;3.8;253
1534;5.5;255
1536;6.4;252
1538;4.8;251
1540;4.4;252
1542;4.3;249
1544;5.5;249
1546;3;250
1548;3.6;252
1550;5.3;252
1552;3.5;251
1554;4;254
1556;5.4;251
1558;4.4;252
1560;3.8;254
1562;4.3;251
1564;5.6;254
1566;4;253
1568;5.1;252
1570;6.6;253
1572;3.7;251
1574;4.1;253
1576;5.7;252
1578;4.9;251
1580;4.4;253
1582;4.4;250
1584;5.5;252
1586;3.1;251
1588;3.9;253
1590;5.5;253
1592;3.9;252
1594;3.7;254
1596;5;254
1598;4.1;254
1600;4.1;257
1602;4.9;255
1604;5.9;256
1606;4.4;256
1608;5.2;256
1610;7.2;256
1612;5;254
1614;4.7;256
1616;5.6;255
1618;4.8;254
1620;4.5;256
1622;5.2;254
1624;6.3;255
1626;4.2;256
1628;4.8;257
1630;6.6;259
1632;4.7;256
1634;5.1;261
1636;6.5;258
1638;6.1;258
1640;5.7;260
1642;6.1;256
1644;7;259
1646;5.1;258
1648;5.8;258
1650;7.7;258
1652;5.5;255
1654;5.8;258
1656;6.2;256
1658;5;256
1660;5.4;257
1662;5.9;256
1664;6.5;255
1666;4.3;257
1668;5;258
1670;7;257
1672;4.4;257
1674;5.1;261
1676;6.6;259
1678;5.8;258
1680;5.2;261
1682;5.7;259
1684;7.1;260
1686;5.6;260
1688;6.1;260
1690;7.9;261
1692;5.8;258
1694;6.4;260
1696;7.3;258
1698;6;257
1700;5.3;259
1702;6.1;257
1704;7.5;256
1706;5.1;256
1708;5.6;256
1710;6.6;255
1712;4.2;254
1714;4.7;258
1716;5.9;256
1718;4.8;256
1720;4.5;258
1722;5.7;257
1724;6.7;258
1726;5;257
1728;5.1;257
1730;7.2;258
1732;5.3;256
1734;6.4;258
1736;7.1;254
1738;5.4;253
1740;4;256
1742;5.3;254
1744;6.3;253
1746;4;254
1748;5;254
1750;6.1;254
1752;3.7;253
1754;4.3;255
1756;5.6;254
1758;4.7;254
1760;4.5;257
1762;5.5;254
1764;6;255
1766;4.2;255
1768;5;256
1770;6.5;256
1772;4.2;252
1774;4.9;256
1776;6.4;253
1778;4.9;254
1780;3.5;255
1782;4.2;254
1784;5.6;256
1786;4.2;255
1788;4.9;256
1790;6.6;256
1792;4;254
1794;4.3;257
1796;5.7;257
1798;5;257
1800;4.5;261
1802;5.7;259
1804;7.2;260
1806;5.3;260
1808;6;260
1810;7.5;260
1812;5.3;258
1814;6;261
1816;7.2;258
1818;6.4;257
1820;5.7;260
1822;5.6;257
1824;6.9;258
1826;5;257
1828;5.8;257
1830;7;258
1832;4.6;255
1834;5;259
1836;6.1;257
1838;4.9;257
1840;4.7;260
1842;5.7;258
1844;6.6;259
1846;5.1;259
1848;5.4;260
1850;7.4;260
1852;5;258
1854;5.7;261
1856;7.1;259
1858;6.5;258
1860;5.5;260
1862;5.8;256
1864;6.2;260
1866;5.3;258
1868;5.9;259
1870;7.4;258
1872;5.3;256
1874;5.6;259
1876;6.7;257
1878;5.3;256
1880;5.1;259
1882;5.7;257
1884;6.8;258
1886;5.4;257
1888;5.6;257
1890;7.2;257
1892;4.9;254
1894;5.1;258
1896;6;255
1898;5.6;256
1900;5.4;258
1902;5.7;255
1904;6.4;257
1906;4.7;252
1908;5.5;256
1910;7;253
1912;4.5;254
1914;4.9;257
1916;6;255
1918;5.3;254
1920;4.6;258
1922;5.3;257
1924;6.4;257
1926;5;257
1928;5.6;257
1930;7.4;257
1932;4.8;254
1934;5.4;258
1936;6.6;255
1938;5.7;255
1940;5.3;256
1942;5.7;253
1944;6.3;253
1946;3.6;253
1948;4.4;252
1950;6.7;252
1952;4.5;251
1954;4.4;253
1956;5.5;251
1958;4.1;251
1960;3.6;254
1962;3.8;251
1964;4.6;255
1966;3.2;254
1968;4.4;255
1970;6.4;257
1972;4.3;254
1974;4.7;258
1976;6.5;256
1978;5.4;255
1980;4.7;258
1982;5.7;256
1984;6.7;256
1986;4.6;256
1988;4.8;257
1990;6.6;258
1992;4.9;255
1994;5.7;258
1996;6.6;255
1998;5.4;255
2000;4.9;257
2002;5.5;254
2004;6.3;255
2006;4.1;255
2008;4.9;256
2010;6.5;256
2012;4.1;254
2014;4.8;258
2016;6;256
2018;4.9;256
2020;5.1;258
2022;5.3;256
2024;6.7;256
2026;4.9;257
2028;5.3;256
2030;6.8;258
2032;4.4;255
2034;6.1;257
2036;7.2;256
2038;5.6;255
2040;4.8;258
2042;5.3;256
2044;6.4;258
2046;4.2;258
2048;5.1;259
2050;6.8;260
2052;5.1;257
2054;5.6;261
2056;7;259
2058;6.1;257
2060;5.6;260
2062;6;257
2064;7.4;258
2066;5.4;256
2068;6;257
2070;7.3;257
2072;4.8;255
2074;4.9;258
2076;6.6;256
2078;5.7;254
2080;5.1;257
2082;5.5;255
2084;6.3;256
2086;4.4;256
2088;4.8;255
2090;6.8;257
2092;4.7;254
2094;4.7;259
2096;6.3;257
2098;5.2;256
2100;5;258
2102;5.3;257
2104;6.6;258
2106;5;257
2108;5.8;257
2110;7.5;257
2112;5;254
2114;5;257
2116;6.1;255
2118;5.3;254
2120;5.2;255
2122;5.4;253
2124;5.8;254
2126;3.7;253
2128;3.8;254
2130;5.6;255
2132;3.6;254
2134;4.7;257
2136;6.2;256
2138;4.8;256
2140;4.8;259
2142;5.7;257
2144;6.2;259
2146;4.8;257
2148;5.4;259
2150;7.4;259
2152;5.3;256
2154;5.6;259
2156;6.4;258
2158;5.1;257
2160;5.1;260
2162;6;257
2164;6.7;259
2166;5.1;258
2168;5.1;259
2170;7.1;260
2172;4.6;258
2174;5.6;262
2176;7.1;260
2178;6.3;260
2180;6.1;262
2182;6.5;259
2184;7.4;262
2186;5.4;260
2188;6.3;261
2190;7.8;262
2192;5.8;259
2194;6.3;262
2196;7.3;259
2198;5.7;259
2200;5.2;262
2202;6.2;259
2204;7.7;260
2206;5.7;258
2208;5.6;260
2210;7.2;260
2212;5.1;258
2214;5.6;262
2216;6.4;260
2218;5.9;260
2220;5.5;262
2222;6.1;261
2224;7.7;262
2226;6;260
2228;6.3;262
2230;8;262
2232;6;260
2234;6.6;260
2236;7.8;260
2238;6.6;259
2240;5.9;261
2242;6.8;258
2244;7.7;258
2246;5.3;257
2248;5.4;258
2250;7.1;258
2252;4.8;256
2254;5.2;260
2256;6.3;258
2258;5.2;258
2260;5.2;260
2262;6;258
2264;7.2;258
2266;5.6;258
2268;5.7;259
2270;7.6;259
2272;5.1;256
2274;5.5;259
2276;7;256
2278;5.6;255
2280;4.7;258
2282;4.9;256
2284;6.7;258
2286;5.6;256
2288;5.6;256
2290;7.1;257
2292;4.7;254
2294;4.9;258
2296;5.9;256
2298;5.1;256
2300;5.2;258
2302;5.5;256
2304;6.8;257
2306;4.7;256
2308;5.4;257
2310;6.8;257
2312;4.4;254
2314;5.2;258
2316;6.5;257
2318;5.5;257
2320;5.4;259
2322;5.6;257
2324;6.3;258
2326;4.9;258
2328;5.7;259
2330;7.4;259
2332;4.8;256
2334;5.2;258
2336;6.2;258
2338;5.2;258
2340;5.3;261
2342;5.8;259
2344;7;261
2346;5.2;260
2348;6.1;261
2350;7.9;261
2352;5.3;259
2354;6.3;263
2356;7.6;260
2358;6.5;259
2360;6.1;258
2362;6.1;259
2364;6.8;259
2366;5.9;259
2368;6.2;259
2370;7.8;259
2372;5.5;256
2374;5.9;259
2376;6.6;255
2378;5.1;256
2380;4.8;259
2382;5.3;257
2384;6.4;259
2386;5.2;258
2388;5.6;258
2390;7.4;258
2392;4.7;256
2394;5.5;259
2396;6.2;258
2398;6;257
2400;5.3;260
2402;5.6;258
2404;6.4;259
2406;5;259
2408;6.4;258
2410;6;258
2412;5.5;255
2414;5.6;257
2416;6.5;254
2418;5.2;254
2420;4.6;256
2422;5.2;254
2424;6.3;255
2426;4.4;255
2428;5.1;255
2430;6.4;255
2432;4.3;253
2434;4.4;256
2436;5.9;254
2438;4.7;253
2440;4.8;255
2442;5.1;253
2444;6.2;252
2446;3.6;253
2448;4.6;253
2450;7.2;251
2452;4.5;250
2454;4.3;252
2456;5.5;250
2458;4.7;249
2460;3.4;251
2462;3.7;250
2464;4.8;252
2466;3.1;252
2468;4.1;253
2470;6;254
2472;3.8;251
2474;4.1;255
2476;5.6;253
2478;4.6;252
2480;4.1;255
2482;4.7;252
2484;5.8;254
2486;4;253
2488;4.2;254
2490;5.5;255
2492;4.3;252
2494;4.8;254
2496;5.4;253
2498;4.3;254
2500;3.8;255
2502;4.6;254
2504;5.4;255
2506;3.8;256
2508;4.9;257
2510;6.7;258
2512;4.8;256
2514;5.2;260
2516;6.5;258
2518;5.5;258
2520;5;259
2522;5.6;258
2524;7;260
2526;5.1;259
2528;5.9;259
2530;7.2;260
2532;5.1;258
2534;6.7;260
2536;7.6;256
2538;6.2;256
2540;5.8;258
2542;5.7;255
2544;6.2;256
2546;3.9;255
2548;4.9;257
2550;6.4;257
2552;4.5;256
2554;5.4;259
2556;6.2;258
2558;5.4;258
2560;5.3;260
2562;6;258
2564;6.9;260
2566;5.3;259
2568;6;259
2570;7.3;259
2572;4.8;257
2574;5.3;261
2576;7.3;258
2578;6.1;257
2580;5.2;260
2582;5.7;257
2584;6.9;258
2586;4.9;258
2588;5.2;259
2590;6.9;259
2592;5.3;257
2594;5.3;261
2596;7.1;259
2598;6.3;258
2600;5.9;260
2602;6.4;258
2604;7.3;258
2606;5.3;257
2608;5.9;257
2610;7.4;257
2612;5.2;254
2614;5.4;257
2616;5.9;255
2618;5.6;254
2620;5.2;255
2622;5.2;252
2624;6;253
2626;4;252
2628;4.2;253
2630;5.9;254
2632;3.9;252
2634;4.2;255
2636;5.4;252
2638;4.7;254
2640;4.3;256
2642;5.3;254
2644;5.9;256
2646;4.4;255
2648;4.9;256
2650;6.8;256
2652;4.4;253
2654;5.3;257
2656;6.2;254
2658;4.9;254
2660;4.8;256
2662;5.1;253
2664;5.8;255
2666;3.8;255
2668;4.5;255
2670;6.1;257
2672;3.9;258
2674;4.6;259
2676;5.9;258
2678;5.1;257
2680;5;261
2682;5.7;259
2684;7.2;259
2686;5.4;260
2688;5.9;261
2690;7.8;261
2692;5.6;258
2694;6;262
2696;7.3;259
2698;6;259
2700;5.3;261
2702;6.5;259
2704;7.7;260
2706;5.5;259
2708;5.8;260
2710;7.5;260
2712;4.7;258
2714;5.4;262
2716;7;261
2718;6.2;261
2720;6;263
2722;6.5;261
2724;7.8;261
2726;5.8;261
2728;6.4;260
2730;8;261
2732;5.7;259
2734;6.4;262
2736;7.6;259
2738;6.4;258
2740;5.2;261
2742;6.3;258
2744;7.4;259
2746;5;258
2748;5.6;259
2750;7.3;260
2752;4.8;258
2754;5.5;262
2756;6.7;260
2758;5.8;260
2760;5.7;263
2762;6.4;261
2764;7.4;262
2766;6;262
2768;6.6;262
2770;8.1;262
2772;6.4;260
2774;6.5;263
2776;7.7;260
2778;6.7;259
2780;6.1;260
2782;6;259
2784;7.4;258
2786;5.9;258
2788;5.9;258
2790;7.6;257
2792;5;256
2794;4.6;259
2796;6.3;257
2798;5.2;258
2800;5.1;260
2802;5.8;259
2804;6.9;260
2806;5.4;259
2808;5.9;260
2810;7.4;260
2812;5.2;257
2814;5.6;261
2816;7;259
2818;5.9;258
2820;5.3;260
2822;5.8;258
2824;6.7;260
2826;5.5;258
2828;6.1;258
2830;7.4;258
2832;4.8;256
2834;5.4;259
2836;6.5;258
2838;5.6;258
2840;5.4;261
2842;6.1;259
2844;7;260
2846;5.4;260
2848;5.9;261
2850;7.6;261
2852;5.4;260
2854;6;263
2856;7.5;261
2858;6.5;261
2860;6.3;263
2862;6.7;261
2864;7;263
2866;6.2;262
2868;6.8;263
2870;8.5;262
2872;5.9;260
2874;6.3;263
2876;7.3;261
2878;6.2;261
2880;5.7;263
2882;6.3;261
2884;7.5;263
2886;6.3;262
2888;6.7;262
2890;8;263
2892;5.9;261
2894;6.6;263
2896;7.5;260
2898;6.7;261
2900;6.4;263
2902;6.8;260
2904;7.4;262
2906;5.8;261
2908;7.4;260
2910;8.4;259
2912;5.6;257
2914;5.7;259
2916;6.9;257
2918;5.3;256
2920;4.6;259
2922;5.3;258
2924;6.7;260
2926;5.1;259
2928;5.8;260
2930;7.7;260
2932;5.4;258
2934;5.6;262
2936;7;260
2938;6.1;259
2940;5.8;262
2942;6.3;260
2944;7.4;260
2946;5.1;260
2948;6.3;260
2950;8.4;259
2952;5.9;256
2954;6.1;258
2956;7.2;257
2958;5.9;256
2960;5.2;258
2962;5.4;256
2964;6.4;257
2966;4.7;257
2968;5.3;257
2970;7.1;258
2972;5;255
2974;5.3;258
2976;6.7;256
2978;5.7;256
2980;5.1;258
2982;6.2;256
2984;6.9;256
2986;4.8;256
2988;5.2;256
2990;7;256
2992;5.5;253
2994;5.4;256
2996;6.2;253
2998;5;253
3000;3.9;255
3002;4.6;254
3004;5.6;255
3006;3.9;255
3008;4.9;257
3010;6.9;257
3012;4.6;255
3014;5.3;259
3016;6.3;257
3018;5.8;257
3020;5.2;260
3022;5.8;256
3024;6.9;259
3026;4.9;258
3028;6.2;259
3030;6.8;260
3032;5.3;258
3034;6.8;260
3036;7.4;258
3038;6.2;258
3040;5.7;260
3042;5.7;257
3044;6.6;259
3046;4.7;259
3048;5.4;260
3050;7.3;261
3052;5.2;259
3054;6;262
3056;7.1;261
3058;6.3;260
3060;5.7;263
3062;6.4;261
3064;7.5;262
3066;6.3;261
3068;6.3;262
3070;7.7;262
3072;5.4;260
3074;6.3;264
3076;8.2;260
3078;7;260
3080;6.2;261
3082;6.4;259
3084;7.2;260
3086;5.2;258
3088;5.7;261
3090;7.6;261
3092;5.7;259
3094;5.6;263
3096;7;261
3098;6.4;261
3100;5.9;263
3102;6.7;261
3104;7.7;262
3106;6.4;260
3108;6.8;261
3110;8.3;261
3112;6.1;258
3114;5.9;262
3116;7.1;260
3118;6.8;258
3120;6.2;260
3122;6.1;257
3124;7.2;258
3126;5.3;257
3128;5.5;258
3130;7;258
3132;4.8;256
3134;5.5;260
3136;6.4;258
3138;6.1;257
3140;5.6;260
3142;6.1;257
3144;6.7;259
3146;4.9;258
3148;5.8;259
3150;7.6;259
3152;5.1;260
3154;5.5;261
3156;6.2;260
3158;5.6;260
3160;6.2;262
3162;6.7;259
3164;7.3;261
3166;5.6;260
3168;6;261
3170;7.6;261
3172;5.2;259
3174;5.9;263
3176;6.9;261
3178;6.7;261
3180;6;264
3182;6.7;262
3184;7.8;263
3186;5.9;262
3188;6.8;262
3190;8.2;263
3192;6.3;260
3194;6.6;263
3196;7.3;261
3198;6.2;261
3200;6.2;263
3202;6.9;260
3204;8;261
3206;5.6;260
3208;6.4;261
3210;7.6;261
3212;5.1;259
3214;5.6;263
3216;6.9;262
3218;6.2;261
3220;6.1;264
3222;6.5;261
3224;7.9;263
3226;6;262
3228;6.6;263
3230;8.3;263
3232;6.1;261
3234;7.1;263
3236;7.5;261
3238;6.4;261
3240;5.4;264
3242;6.8;261
3244;8.2;262
3246;5.9;261
3248;6.2;261
3250;7.9;262
3252;5.4;260
3254;5.9;264
3256;7.1;262
3258;6.6;262
3260;6.6;264
3262;7.2;261
3264;7.9;262
3266;5.9;261
3268;6.5;262
3270;8.1;262
3272;5.9;259
3274;6.6;262
3276;7.7;259
3278;5.9;258
3280;5.2;261
3282;6.1;260
3284;7.4;261
3286;6.1;260
3288;6.7;260
3290;7.9;260
3292;5.6;257
3294;5.5;261
3296;6.5;259
3298;5.8;259
3300;5.6;262
3302;6.2;260
3304;7.5;262
3306;5.9;261
3308;6.7;262
3310;8.3;261
3312;5.9;259
3314;6.6;261
3316;7.7;259
3318;6.8;257
3320;6.2;259
3322;6.2;256
3324;6.8;257
3326;5.4;255
3328;6.1;255
3330;7.1;254
3332;4.4;252
3334;4.7;255
3336;5.6;253
3338;4.6;253
3340;4.2;256
3342;5;254
3344;5.8;255
3346;4.3;255
3348;4.8;256
3350;6.9;257
3352;4.5;255
3354;5;258
3356;6.3;256
3358;5.8;254
3360;4.8;258
3362;5.1;256
3364;5.4;259
3366;5.3;259
3368;6;258
3370;7.4;258
3372;5.1;256
3374;5.6;260
3376;6.6;257
3378;5.3;257
3380;5.1;260
3382;5.9;258
3384;7;260
3386;5.4;258
3388;5.7;259
3390;7.4;259
3392;5.2;257
3394;5.6;259
3396;6.9;257
3398;5.7;256
3400;5.3;258
3402;5.9;256
3404;6.5;257
3406;4.8;258
3408;6.1;256
3410;8.1;257
3412;5.3;254
3414;5.2;257
3416;6;255
3418;4.8;254
3420;4.4;258
3422;4.9;256
3424;6.2;258
3426;4.7;258
3428;5.3;258
3430;7.2;259
3432;4.9;257
3434;5.6;260
3436;6.7;258
3438;6.5;258
3440;6;260
3442;6.1;257
3444;7;258
3446;4.5;258
3448;5.6;259
3450;8.2;258
3452;5.7;255
3454;5.8;258
3456;6.9;256
3458;5.3;255
3460;4.9;258
3462;5.3;256
3464;6.3;258
3466;4.6;258
3468;5.7;259
3470;7.4;259
3472;5.3;257
3474;5.7;260
3476;7;259
3478;6.2;258
3480;5.4;260
3482;6.2;257
3484;7.3;259
3486;4.7;259
3488;5.3;260
3490;7.3;260
3492;6;258
3494;6.5;260
3496;7.3;257
3498;6.5;256
3500;5.8;258
3502;6.2;255
3504;6.8;256
3506;4.7;255
3508;5.5;256
3510;6.9;256
3512;4.8;254
3514;5.3;257
3516;6.2;255
3518;5.3;255
3520;5;258
3522;5.6;255
3524;6.9;256
3526;4.7;255
3528;5.1;256
3530;6.7;257
3532;4.4;256
3534;6.1;258
3536;7.2;255
3538;5.5;255
3540;4.9;257
3542;5.2;256
3544;6.3;257
3546;4.1;257
3548;4.9;259
3550;7;260
3552;5.1;259
3554;5.9;262
3556;7.1;260
3558;6.4;260
3560;6.2;262
3562;6.6;260
3564;7.6;261
3566;6.1;260
3568;6.5;260
3570;7.6;261
3572;5.3;259
3574;5.9;262
3576;7.6;260
3578;6.2;259
3580;6.1;261
3582;6.4;259
3584;7.2;261
3586;5.4;260
3588;5.8;261
3590;7.7;262
3592;5.8;260
3594;6;264
3596;7.4;262
3598;6.6;262
3600;6.2;265
3602;6.8;263
3604;8.1;264
3606;6.6;264
3608;7.2;262
3610;8.7;264
3612;6.3;261
3614;6.4;264
3616;7.5;262
3618;7.3;261
3620;6.9;263
3622;6.9;260
3624;7.8;261
3626;5.4;260
3628;6.2;261
3630;7.4;261
3632;5.5;260
3634;6.1;263
3636;7.3;261
3638;6.7;261
3640;6.2;263
3642;6.8;261
3644;7.3;262
3646;5.9;262
3648;6.8;262
3650;8.7;262
3652;6.2;260
3654;6.5;263
3656;7.1;260
3658;6.3;260
3660;6.5;262
3662;6.9;260
3664;7.7;261
3666;5.7;260
3668;6.3;260
3670;7.9;261
3672;5.4;259
3674;6.1;262
3676;7.3;260
3678;6.8;260
3680;6.4;262
3682;6.8;259
3684;7.8;261
3686;5.7;260
3688;6.5;260
3690;8.3;260
3692;6.1;258
3694;6.7;260
3696;7;257
3698;5.7;257
3700;4.6;260
3702;6.2;258
3704;7.2;259
3706;5.2;258
3708;5.6;259
3710;7.4;260
3712;4.8;258
3714;5.3;262
3716;6.6;261
3718;6.2;261
3720;6;264
3722;6.4;262
3724;7.9;264
3726;6.3;264
3728;7;264
3730;8.4;265
3732;7.3;261
3734;7.6;263
3736;8.5;259
3738;6.5;258
3740;5.3;262
3742;6.7;259
3744;7.6;260
3746;5.7;259
3748;6.1;260
3750;7.7;261
3752;5;259
3754;5.7;263
3756;6.7;261
3758;6.1;261
3760;5.9;264
3762;6.7;262
3764;7.6;264
3766;6;263
3768;6.7;263
3770;8.6;264
3772;6.5;262
3774;6.9;265
3776;8.5;261
3778;7.2;260
3780;5.9;262
3782;6;261
3784;7.5;262
3786;6.1;261
3788;6.7;262
3790;8.1;262
3792;5.7;258
3794;6;263
3796;7.1;261
3798;6.1;262
3800;6.3;264
3802;6.9;262
3804;7.9;263
3806;6;262
3808;6.8;262
3810;8.1;263
3812;6;260
3814;6.5;263
3816;8.1;260
3818;6.7;259
3820;6.3;261
3822;6.3;259
3824;6.8;259
3826;5.9;260
3828;6.2;260
3830;7.8;260
3832;5;258
3834;5.7;261
3836;6.8;260
3838;5.6;260
3840;5.5;263
3842;6.4;261
3844;7.4;262
3846;6;262
3848;6.7;262
3850;8.5;262
3852;6.1;260
3854;6.8;262
3856;8.4;259
3858;7.9;257
3860;6.9;257
3862;6.1;254
3864;5.9;256
3866;4.2;255
3868;5.9;256
3870;7.1;255
3872;4.7;253
3874;5.1;256
3876;5.9;254
3878;4.6;254
3880;4.4;257
3882;5.3;256
3884;6.4;257
3886;5;257
3888;5.3;258
3890;7.4;258
3892;5.2;256
3894;5.4;260
3896;6.4;258
3898;6;257
3900;5.7;259
3902;5.7;257
3904;6.4;259
3906;4.8;259
3908;6.2;260
3910;8.1;258
3912;5.5;257
3914;5.8;260
3916;6.7;259
3918;5.9;259
3920;5.5;261
3922;6.3;259
3924;7.1;260
3926;5.4;260
3928;6.2;260
3930;7.7;261
3932;5.4;259
3934;6.1;262
3936;7.4;260
3938;6.2;260
3940;6.2;262
3942;7;259
3944;7.6;260
3946;5.2;260
3948;5.6;261
3950;8.4;261
3952;6.2;257
3954;6;261
3956;7.1;259
3958;6.1;258
3960;5.3;261
3962;5.7;259
3964;6.9;261
3966;5.5;261
3968;6;261
3970;7.8;261
3972;5.6;259
3974;6.4;263
3976;7.5;260
3978;6.4;259
3980;6.2;262
3982;7;258
3984;7.9;259
3986;5.6;258
3988;5.9;258
3990;7.1;259
3992;5.6;257
3994;6.4;259
3996;7;257
3998;5.9;256
4000;5.2;258
4002;5.5;257
4004;6.5;259
4006;4.5;259
4008;5.4;260
4010;7.4;260
4012;5.5;258
4014;5.7;262
4016;7;260
4018;6.4;259
4020;6;261
4022;6.3;259
4024;7.7;260
4026;5.8;258
4028;6.1;258
4030;7.2;258
4032;4.5;256
4034;6.5;259
4036;7.5;255
4038;6;254
4040;5.1;256
4042;5.6;253
4044;6;255
4046;3.8;254
4048;4.8;255
4050;6.3;257
4052;4.4;255
4054;5.4;258
4056;6.4;256
4058;5.4;256
4060;5.4;258
4062;5.3;257
4064;6.9;258
4066;5;257
4068;5.8;257
4070;7.3;257
4072;4.9;255
4074;4.6;258
4076;6.8;257
4078;5.8;256
4080;5.1;259
4082;5.3;257
4084;6.6;259
4086;4.6;260
4088;5.7;261
4090;7.3;261
4092;5.4;259
4094;5.6;264
4096;7.6;262
4098;6.7;262
4100;6.5;264
4102;7;262
4104;8.1;263
4106;6.2;262
4108;6.8;262
4110;8.6;262
4112;6.2;258
4114;6.1;262
4116;6.9;257
4118;6.2;260
4120;6.3;262
4122;6.6;260
4124;7.5;261
4126;5.6;261
4128;5.8;262
4130;7.6;263
4132;5.7;262
4134;6.3;265
4136;7.4;264
4138;6.6;264
4140;6.3;266
4142;7.3;264
4144;7.9;265
4146;6.4;265
4148;7.3;265
4150;8.9;265
4152;7.1;261
4154;7.3;264
4156;7.9;262
4158;7.1;261
4160;6.9;262
4162;7.1;259
4164;7.8;260
4166;5.5;259
4168;5.9;259
4170;7.5;260
4172;5.2;258
4174;5.8;262
4176;7;260
4178;5.8;260
4180;5.6;261
4182;6.1;260
4184;7.4;262
4186;5.8;261
4188;6.5;262
4190;8.3;262
4192;6.6;259
4194;7;261
4196;7.6;258
4198;5.9;258
4200;5.2;260
4202;6.4;258
4204;7.6;258
4206;5.5;257
4208;5.8;257
4210;7.4;258
4212;4.7;256
4214;5.2;260
4216;6.5;258
4218;5.9;258
4220;5.4;260
4222;6.1;258
4224;7.2;258
4226;5.3;258
4228;5.7;258
4230;7.4;258
4232;6;254
4234;6.7;257
4236;7.1;253
4238;5.3;253
4240;3.6;255
4242;5;254
4244;6.2;256
4246;4.3;255
4248;4.7;256
4250;6.5;257
4252;4.1;256
4254;4.7;260
4256;6.1;258
4258;5.5;259
4260;5.1;262
4262;5.9;260
4264;7.2;262
4266;5.7;262
4268;6.5;263
4270;8.2;263
4272;6;260
4274;6.8;263
4276;8.3;260
4278;6.8;259
4280;5.9;261
4282;6.4;259
4284;7.5;260
4286;6.1;259
4288;6.5;259
4290;7.6;259
4292;5.3;257
4294;5.5;260
4296;6.7;259
4298;5.7;259
4300;5.7;262
4302;6.3;260
4304;7.7;261
4306;5.8;261
4308;6.3;261
4310;7.9;262
4312;5.7;259
4314;6.3;262
4316;7.5;260
4318;6.8;259
4320;5.7;261
4322;5.9;259
4324;7.2;261
4326;5.8;260
4328;6.4;260
4330;8;260
4332;5.5;258
4334;5.9;261
4336;6.8;260
4338;5.9;259
4340;6;262
4342;6.6;260
4344;7.4;262
4346;5.6;261
4348;6.3;262
4350;8.2;262
4352;6;260
4354;6.6;263
4356;7.8;260
4358;6.7;259
4360;6.1;260
4362;6.3;259
4364;6.8;261
4366;5.7;260
4368;6.8;260
4370;8.3;259
4372;5.7;257
4374;5.7;260
4376;6.6;258
4378;5.6;258
4380;4.8;260
4382;5.5;259
4384;6.9;261
4386;5.7;260
4388;6.3;261
4390;7.7;261
4392;5.8;259
4394;6.1;262
4396;7.2;260
4398;6.6;259
4400;6.6;261
4402;6.8;257
4404;7.2;259
4406;5.2;258
4408;6.6;258
4410;8;257
4412;5.5;258
4414;5.4;258
4416;6.6;256
4418;5.2;257
4420;4.5;258
4422;5.4;257
4424;6.4;259
4426;4.7;258
4428;5.4;259
4430;7.5;260
4432;5.1;258
4434;5.6;261
4436;6.9;260
4438;5.9;259
4440;5.8;262
4442;6.5;260
4444;7.4;261
4446;5.2;261
4448;5.9;262
4450;8.6;262
4452;6.3;259
4454;6.8;262
4456;7.7;260
4458;6.3;259
4460;6;261
4462;6.3;259
4464;7;261
4466;5.4;260
4468;6.1;262
4470;7.9;262
4472;5.9;260
4474;6.1;263
4476;7.5;261
4478;6.4;260
4480;6.2;263
4482;6.9;261
4484;8;262
4486;6.1;260
4488;6.1;261
4490;7.8;262
4492;6.1;259
4494;6.7;261
4496;7.6;259
4498;6.3;258
4500;5.5;260
4502;5.9;258
4504;6.7;260
4506;5.1;259
4508;5.7;261
4510;7.6;261
4512;5.5;259
4514;6.1;263
4516;7.4;260
4518;6.4;260
4520;6.1;262
4522;6.6;260
4524;7.7;261
4526;6.1;259
4528;6.6;260
4530;7.3;260
4532;5.2;258
4534;6.8;261
4536;7.8;257
4538;6.5;256
4540;5.7;258
4542;5.9;255
4544;6.5;256
4546;4.5;256
4548;5.3;257
4550;7.2;258
4552;4.9;255
4554;5.6;259
4556;6.7;257
4558;5.8;256
4560;5.5;259
4562;5.6;256
4564;7;258
4566;5.3;256
4568;6.1;256
4570;7.5;256
4572;4.7;254
4574;5;257
4576;6.5;255
4578;5.5;254
4580;5.3;256
4582;5.4;254
4584;6.1;255
4586;3.9;255
4588;4.8;256
4590;6.5;257
4592;4.9;258
4594;4.8;259
4596;6.1;258
4598;5.4;258
4600;5.4;261
4602;5.7;259
4604;7.1;260
4606;5.3;260
4608;6.3;261
4610;8.1;260
4612;5.9;258
4614;5.7;261
4616;6.7;260
4618;5.9;259
4620;5.9;262
4622;6.5;260
4624;7.5;260
4626;5.7;261
4628;5.9;262
4630;7.5;263
4632;5.7;261
4634;6.3;265
4636;7.4;263
4638;6.9;262
4640;6.7;265
4642;7.4;262
4644;7.8;264
4646;6.1;262
4648;6.7;262
4650;8.7;263
4652;6.9;260
4654;6.7;262
4656;7.4;261
4658;6.1;261
4660;6.3;262
4662;6.8;260
4664;7.3;261
4666;5.5;261
4668;5.8;262
4670;7.8;263
4672;5.6;261
4674;6;265
4676;7.5;263
4678;6.7;262
4680;6.3;265
4682;6.8;264
4684;8;265
4686;6.4;264
4688;7.2;265
4690;8.7;264
4692;7;261
4694;7.4;264
4696;8.1;261
4698;6.6;260
4700;6.2;262
4702;7;260
4704;8.1;260
4706;5.8;259
4708;6.2;259
4710;7.3;260
4712;4.9;258
4714;5.5;262
4716;6.7;260
4718;5.9;260
4720;5.9;263
4722;6.5;261
4724;7.5;262
4726;5.8;262
4728;6.4;262
4730;8.4;262
4732;6.3;260
4734;7.5;261
4736;8.1;258
4738;6.4;257
4740;5.5;259
4742;6.1;256
4744;7.4;257
4746;5.2;256
4748;5.6;256
4750;7.1;256
4752;4.5;254
4754;5.2;258
4756;6.3;256
4758;5.4;256
4760;5.2;259
4762;5.6;256
4764;6.9;258
4766;5.1;257
4768;5.6;258
4770;7.2;258
4772;5.1;257
4774;6;259
4776;7.3;257
4778;5.6;256
4780;5;259
4782;5.2;257
4784;6.6;259
4786;5.3;258
4788;5.7;259
4790;7.5;259
4792;4.9;256
4794;5;261
4796;6.6;260
4798;5.8;261
4800;5.6;263
4802;6.3;261
4804;8;264
4806;6.1;263
4808;6.6;263
4810;8.5;263
4812;6;261
4814;6.7;264
4816;8.2;262
4818;7.3;261
4820;6.4;263
4822;6.5;260
4824;7.6;261
4826;6;260
4828;6.7;260
4830;7.9;260
4832;5.2;258
4834;5.9;262
4836;7;260
4838;5.8;260
4840;5.8;263
4842;6.4;261
4844;7.6;263
4846;5.8;263
4848;6.3;263
4850;8.3;264
4852;6;262
4854;6.8;265
4856;8.1;262
4858;7.1;261
4860;6.4;263
4862;6.3;260
4864;7.1;263
4866;6.3;263
4868;7.3;262
4870;8.4;262
4872;6.1;259
4874;6.5;262
4876;7.4;260
4878;6.3;259
4880;6;262
4882;6.4;258
4884;7.6;261
4886;5.8;259
4888;6.2;259
4890;7.9;259
4892;5.6;257
4894;5.8;260
4896;7;258
4898;6.3;257
4900;5.8;258
4902;6.1;255
4904;6.8;256
4906;5.1;255
4908;5.6;256
4910;7.3;256
4912;4.5;253
4914;5;257
4916;5.7;255
4918;5;255
4920;4.5;258
4922;4.9;257
4924;6.5;259
4926;5.2;259
4928;6;260
4930;7.7;260
4932;5.3;258
4934;5.7;261
4936;7.1;259
4938;6.2;259
4940;6.1;260
4942;6.8;257
4944;7.4;258
4946;5;257
4948;5.3;258
4950;8;258
4952;5.8;255
4954;5.6;258
4956;6.8;256
4958;5.3;255
4960;4.8;258
4962;5.4;256
4964;6.1;259
4966;4.6;259
4968;5.5;260
4970;7.5;260
4972;5.6;258
4974;5.8;262
4976;7.2;260
4978;6.3;260
4980;5.8;263
4982;6.4;260
4984;7.9;261
4986;5.8;260
4988;6.2;261
4990;7.7;262
4992;6;259
4994;6.9;262
4996;7.6;259
4998;6.6;259
5000;5.8;261
5002;6.2;258
5004;7;260
5006;4.9;260
5008;6;261
5010;8;262
5012;5.6;259
5014;5.9;263
5016;7.4;262
5018;6.4;261
5020;6;264
5022;6.6;262
5024;8.1;263
5026;6.4;262
5028;6.5;262
5030;8.1;263
5032;5.8;261
5034;7.3;263
5036;8.2;260
5038;6.4;259
5040;5.7;261
5042;6;259
5044;7;261
5046;5.1;260
5048;5.9;262
5050;7.7;262
5052;5.8;259
5054;6.5;264
5056;7.7;261
5058;7;260
5060;6.8;262
5062;7;259
5064;7.9;260
5066;5.9;259
5068;6.5;258
5070;7.5;259
5072;5.4;257
5074;5.5;259
5076;7.3;258
5078;6.2;257
5080;5.9;258
5082;6.2;256
5084;7.1;256
5086;5;256
5088;5.4;257
5090;6.8;257
5092;5;255
5094;4.8;260
5096;6.7;258
5098;5.5;258
5100;5.3;261
5102;5.9;258
5104;7.3;260
5106;5.8;259
5108;6;258
5110;8;258
5112;5.6;255
5114;5.6;258
5116;6.5;256
5118;6.2;256
5120;5.9;257
5122;6.1;254
5124;6.6;256
5126;4.4;255
5128;4.9;255
5130;6.5;257
5132;4.5;256
5134;5.2;260
5136;6.6;258
5138;5.5;258
5140;5.6;261
5142;6.5;259
5144;6.8;261
5146;5.6;260
5148;6.2;261
5150;8.1;261
5152;5.8;258
5154;6.1;261
5156;7;260
5158;5.9;259
5160;5.9;261
5162;6.4;258
5164;7.1;260
5166;5.5;260
5168;5.8;261
5170;7.5;261
5172;5.6;260
5174;6;264
5176;7.3;262
5178;6.8;261
5180;6.6;263
5182;6.8;261
5184;7.7;262
5186;6;260
5188;6.9;262
5190;8.4;262
5192;6.7;260
5194;7;262
5196;7.7;260
5198;6.2;258
5200;5.8;262
5202;6.6;259
5204;7.7;260
5206;5.9;259
5208;6;260
5210;7.6;260
5212;4.9;259
5214;5.6;262
5216;6.7;261
5218;6.2;261
5220;6.1;264
5222;6.6;262
5224;7.9;263
5226;6.1;262
5228;6.6;263
5230;8.1;263
5232;6.3;260
5234;7;264
5236;7.8;261
5238;7;261
5240;6.2;263
5242;7;260
5244;8.3;261
5246;5.8;260
5248;6.4;259
5250;7.8;260
5252;5.8;258
5254;6.1;261
5256;7.1;259
5258;5.9;259
5260;5.9;261
5262;6.4;259
5264;7.4;259
5266;5.5;259
5268;5.9;259
5270;7.7;259
5272;5.2;257
5274;6;260
5276;7;258
5278;5.9;257
5280;5.2;260
5282;5.6;259
5284;7.1;260
5286;5.7;259
5288;6.3;259
5290;7.7;259
5292;5.3;257
5294;5.6;261
5296;6.7;259
5298;5.8;259
5300;6;262
5302;6.4;260
5304;7.7;260
5306;6;261
5308;6.5;261
5310;8;262
5312;5.8;260
5314;6.4;263
5316;7.3;261
5318;6.2;261
5320;6.3;263
5322;6.6;261
5324;7.3;262
5326;6.1;261
5328;6.7;261
5330;7.9;261
5332;5.6;259
5334;6.1;263
5336;7.2;262
5338;6.1;261
5340;5.8;264
5342;6.5;262
5344;7.6;263
5346;5.9;263
5348;6.7;264
5350;8.4;264
5352;6.3;262
5354;6.9;266
5356;8.1;263
5358;7.1;263
5360;7;265
5362;7;262
5364;7.5;264
5366;6.7;263
5368;7.1;263
5370;8.6;263
5372;6.6;260
5374;6.9;263
5376;7.7;260
5378;6;259
5380;5.8;261
5382;6.2;258
5384;6.9;260
5386;5.5;259
5388;5.9;259
5390;7.6;258
5392;5.2;256
5394;5.5;259
5396;6.4;257
5398;5.6;256
5400;5.2;259
5402;5.4;257
5404;6.7;258
5406;4.9;258
5408;6.4;256
5410;7.8;256
5412;5.2;252
5414;5.5;256
5416;6.3;252
5418;4.9;251
5420;4.6;254
5422;4.5;252
5424;5.7;253
5426;3.7;252
5428;4.6;252
5430;5.8;253
5432;3.9;250
5434;4.1;254
5436;5.7;252
5438;4.7;251
5440;4.1;254
5442;4.9;251
5444;5.9;251
5446;3.5;252
5448;4.2;253
5450;7;252
5452;4.6;249
5454;4.3;252
5456;5.3;250
5458;4.2;249
5460;3.2;252
5462;3.7;253
5464;4.6;253
5466;3.1;253
5468;4.3;254
5470;6.1;255
5472;3.9;253
5474;4.5;256
5476;5.9;254
5478;4.9;254
5480;4.7;257
5482;5.6;254
5484;6.4;256
5486;4.4;255
5488;5;256
5490;6.4;257
5492;5.2;255
5494;5.6;258
5496;6.3;256
5498;5.5;255
5500;4.9;258
5502;5.3;256
5504;6.2;258
5506;4.7;258
5508;5.2;259
5510;7.2;260
5512;5.2;257
5514;5.5;261
5516;6.7;259
5518;6.1;259
5520;5.5;261
5522;6;259
5524;7.3;260
5526;5.7;259
5528;6.2;260
5530;7.3;261
5532;5.4;258
5534;6.9;260
5536;7.6;257
5538;6.1;256
5540;5.6;258
5542;6;255
5544;6.6;257
5546;4.2;257
5548;5.5;257
5550;6.8;259
5552;4.8;257
5554;5.6;261
5556;6.8;259
5558;5.9;258
5560;5.7;260
5562;6.1;258
5564;7.4;259
5566;5.4;258
5568;5.9;259
5570;7.4;259
5572;4.9;257
5574;5.2;261
5576;7.4;259
5578;6.1;258
5580;5.3;260
5582;5.9;258
5584;7;259
5586;5.1;258
5588;5.5;258
5590;7.5;260
5592;5.4;258
5594;5.6;261
5596;7.3;260
5598;6.3;260
5600;6.2;262
5602;6.7;260
5604;7.8;261
5606;6;258
5608;6.6;259
5610;7.9;259
5612;5.8;256
5614;5.8;259
5616;6.7;257
5618;6.3;256
5620;6.1;257
5622;6;254
5624;6.5;255
5626;4.2;254
5628;4.7;254
5630;6.2;255
5632;3.9;253
5634;4.9;257
5636;6.3;255
5638;5.2;255
5640;5;257
5642;5.5;255
5644;6.1;256
5646;4.5;256
5648;5.4;257
5650;7.2;257
5652;5;255
5654;5.7;256
5656;6.6;255
5658;5.3;255
5660;5.4;256
5662;5.9;254
5664;6.3;255
5666;4.1;254
5668;4.6;255
5670;6;255
5672;3.9;254
5674;4.8;258
5676;6.1;257
5678;5.3;257
5680;4.9;259
5682;5.8;258
5684;6.9;259
5686;5.1;258
5688;6;259
5690;7.7;258
5692;5.3;256
5694;5.8;260
5696;6.7;257
5698;5.8;256
5700;5;260
5702;6.1;257
5704;7.4;258
5706;5.4;257
5708;5.8;256
5710;7.2;257
5712;4.4;256
5714;4.9;258
5716;6.3;258
5718;5.8;258
5720;5.8;260
5722;6.1;258
5724;7.3;259
5726;5.1;258
5728;6;259
5730;7.5;259
5732;5.4;256
5734;5.9;259
5736;7.1;256
5738;5.9;256
5740;4.9;258
5742;6.3;256
5744;6.9;255
5746;4.9;256
5748;5.3;256
5750;6.9;257
5752;4.3;255
5754;4.9;258
5756;6.1;257
5758;5.3;257
5760;5.1;260
5762;5.9;258
5764;7;259
5766;5.1;258
5768;5.7;258
5770;7.4;259
5772;5.2;256
5774;5.9;259
5776;6.9;256
5778;5.7;256
5780;5.2;258
5782;5.7;257
5784;7.3;258
5786;5.7;254
5788;6;254
5790;7.5;255
5792;4.6;252
5794;4.9;255
5796;5.5;253
5798;4.4;253
5800;4.6;256
5802;5.1;254
5804;6.2;255
5806;4.2;254
5808;4.6;254
5810;6.8;254
5812;4.1;253
5814;4.8;255
5816;5.8;254
5818;4.8;254
5820;4.2;256
5822;5;254
5824;5.7;256
5826;4.4;255
5828;5.4;255
5830;6.8;255
5832;4.2;256
5834;4.6;257
5836;5.9;256
5838;5.2;256
5840;5;258
5842;5.6;256
5844;6.4;258
5846;4.6;258
5848;5.7;258
5850;7.1;259
5852;5.1;257
5854;5.4;261
5856;7.2;259
5858;5.9;256
5860;5.5;261
5862;5.7;259
5864;6.6;261
5866;5.7;259
5868;6.4;261
5870;8.2;260
5872;5.6;258
5874;6;261
5876;7;259
5878;5.6;258
5880;5.4;261
5882;6;259
5884;7.3;261
5886;5.8;261
5888;6.4;261
5890;8;261
5892;5.4;259
5894;6.3;262
5896;7.3;260
5898;6.5;260
5900;6.3;262
5902;6.6;259
5904;7.2;261
5906;5.7;261
5908;7.5;259
5910;8.4;258
5912;6.1;256
5914;6.1;259
5916;6.8;256
5918;5.7;257
5920;5;259
5922;5.5;258
5924;6.6;259
5926;5.1;259
5928;6;259
5930;7.6;260
5932;5.5;258
5934;6.3;261
5936;7.2;259
5938;6.3;259
5940;5.9;261
5942;6.3;258
5944;7.5;259
5946;5.2;259
5948;6.6;258
5950;8.8;257
5952;5.7;254
5954;5.8;256
5956;6.6;252
5958;5.1;252
5960;4.5;254
5962;4.8;252
5964;5.9;254
5966;3.9;254
5968;4.8;255
5970;6.6;255
5972;4.3;253
5974;4.8;257
5976;6.2;255
5978;4.9;255
5980;5.1;257
5982;5.7;255
5984;6.4;256
5986;4.9;255
5988;5;256
5990;7.1;256
5992;5.3;253
5994;5.6;256
5996;6.4;253
5998;4.9;255
6000;4.5;256
6002;4.7;254
6004;5.9;256
6006;3.9;256
6008;5;257
6010;7.2;258
6012;4.9;256
6014;5.4;260
6016;6.8;259
6018;6;258
6020;5.6;261
6022;6.3;258
6024;7.3;259
6026;5.3;259
6028;5.9;260
6030;7.2;261
6032;5.5;259
6034;7;261
6036;7.8;258
6038;6.1;257
6040;5.8;260
6042;6.2;257
6044;6.8;257
6046;4.5;258
6048;5.4;259
6050;7.3;261
6052;5.5;258
6054;6.2;262
6056;7.2;260
6058;6.4;260
6060;6.1;262
6062;6.3;259
6064;7.8;262
6066;6.1;260
6068;6.5;261
6070;7.9;261
6072;5.2;259
6074;6.4;263
6076;8.4;260
6078;7;259
6080;6.2;260
6082;6.5;256
6084;7.3;257
6086;5.1;258
6088;5.8;259
6090;7.1;260
6092;5.2;258
6094;5.6;262
6096;7.3;260
6098;5.8;260
6100;5.9;262
6102;6.6;261
6104;7.4;261
6106;6;261
6108;6.3;261
6110;8.3;261
6112;5.8;259
6114;6.2;262
6116;7.4;261
6118;6.9;260
6120;6.7;261
6122;6.8;259
6124;7.8;259
6126;5.5;259
6128;5.8;259
6130;7.4;260
6132;5.2;258
6134;5.8;261
6136;7;259
6138;6.5;259
6140;6.2;261
6142;6.9;259
6144;7.5;260
6146;5.6;259
6148;6.2;259
6150;7.9;260
6152;5.7;257
6154;6.1;259
6156;6.5;259
6158;5.9;258
6160;6.2;260
6162;6.8;258
6164;7.1;259
6166;5.2;258
6168;5.6;259
6170;7.2;259
6172;4.6;258
6174;5.5;261
6176;7;260
6178;6;259
6180;5.7;262
6182;6.3;259
6184;7.7;262
6186;5.7;261
6188;6.5;262
6190;8.1;262
6192;6.2;258
6194;6.8;263
6196;7.5;260
6198;6.2;260
6200;6.2;263
6202;7;260
6204;8;261
6206;6;260
6208;6.5;261
6210;7.6;262
6212;5.5;260
6214;6;264
6216;7.5;262
6218;6.5;262
6220;6.4;264
6222;6.9;262
6224;8;263
6226;6.2;262
6228;6.9;263
6230;8.5;263
6232;6.3;260
6234;6.8;263
6236;7.4;260
6238;6.1;260
6240;5.3;263
6242;6.8;259
6244;7.9;262
6246;6;261
6248;6.2;261
6250;8.2;262
6252;5.6;260
6254;6;264
6256;7.3;262
6258;6.3;262
6260;6.6;264
6262;7;262
6264;8.2;263
6266;6.4;262
6268;7;263
6270;8.5;262
6272;6;260
6274;6.8;263
6276;8;260
6278;6.3;259
6280;5.7;262
6282;6.1;260
6284;7.8;261
6286;6.1;259
6288;6.5;260
6290;8.1;260
6292;5.9;258
6294;5.8;261
6296;6.6;259
6298;5.9;259
6300;5.7;262
6302;6.3;259
6304;7.6;261
6306;5.6;260
6308;6.6;260
6310;8.1;259
6312;6;257
6314;6.2;260
6316;7.4;257
6318;6.3;256
6320;5.5;258
6322;5.5;255
6324;6.7;257
6326;5.4;256
6328;6.2;256
6330;7.3;255
6332;4.6;253
6334;4.9;255
6336;6;254
6338;4.7;254
6340;4.4;256
6342;5.4;255
6344;6.4;256
6346;4.6;256
6348;5.3;257
6350;7.2;257
6352;4.8;256
6354;5.4;259
6356;6.9;257
6358;6;256
6360;5.2;259
6362;5.1;257
6364;5.8;260
6366;5.5;259
6368;6.5;259
6370;7.7;259
6372;5.3;257
6374;5.9;260
6376;6.9;258
6378;5.5;258
6380;5.4;261
6382;6;259
6384;7.3;261
6386;5.8;260
6388;6.3;260
6390;7.9;260
6392;5.6;257
6394;6;260
6396;7.2;259
6398;6.1;258
6400;5.7;260
6402;6;258
6404;6.5;260
6406;4.9;260
6408;6.8;260
6410;8.4;259
6412;5.5;256
6414;5.9;259
6416;6.5;257
6418;5.8;256
6420;4.9;260
6422;5.4;259
6424;7;260
6426;5.4;259
6428;6.3;261
6430;8;261
6432;5.5;258
6434;6.5;259
6436;7.4;259
6438;6.8;259
6440;6.8;260
6442;6.5;257
6444;7.2;258
6446;5;258
6448;5.8;258
6450;5.7;257
6452;5.5;254
6454;6;257
6456;6.9;255
6458;5.3;254
6460;4.6;256
6462;4.7;254
6464;5.5;255
6466;4;255
6468;5;256
6470;7;256
6472;4.6;254
6474;5;257
6476;6.4;254
6478;5.2;255
6480;4.7;257
6482;5.7;255
6484;6.7;256
6486;4.3;255
6488;4.6;256
6490;6.9;257
6492;5;254
6494;5.7;256
6496;6.4;253
6498;5.3;252
6500;4.4;254
6502;4.7;252
6504;5.6;253
6506;3.4;253
6508;4.4;254
6510;6.3;255
6512;4;253
6514;4.9;257
6516;6.3;255
6518;5.3;255
6520;4.8;257
6522;5.4;255
6524;6.9;256
6526;4.6;254
6528;5.1;255
6530;6;256
6532;4.3;254
6534;5.7;257
6536;6.6;254
6538;4.8;253
6540;4.2;256
6542;4.9;254
6544;5.6;255
6546;3.9;256
6548;4.9;258
6550;6.8;259
6552;4.9;255
6554;5.3;261
6556;7;259
6558;6.2;259
6560;5.9;261
6562;6.5;258
6564;7.4;259
6566;5.4;258
6568;6.2;257
6570;7.5;258
6572;4.8;256
6574;5.5;260
6576;7.1;256
6578;6.1;256
6580;5.5;258
6582;5.8;256
6584;6.8;257
6586;4.7;257
6588;5.2;256
6590;6.8;258
6592;4.8;255
6594;4.6;260
6596;6.5;259
6598;5.5;259
6600;5.4;262
6602;6.1;260
6604;7.5;261
6606;5.6;260
6608;6.3;260
6610;8;260
6612;5.5;256
6614;5.6;260
6616;6.9;258
6618;6.4;258
6620;6.3;259
6622;6.4;255
6624;6.9;256
6626;4.5;255
6628;5.4;255
6630;6.7;257
6632;4.8;256
6634;5.3;259
6636;6.8;257
6638;5.6;257
6640;5.2;258
6642;6;257
6644;6.7;258
6646;5;257
6648;5.8;258
6650;8;257
6652;5.3;255
6654;5.6;258
6656;6.5;256
6658;5.3;255
6660;5.5;257
6662;5.8;254
6664;6.5;254
6666;4.5;254
6668;4.6;254
6670;6.3;255
6672;3.8;253
6674;4.5;256
6676;5.6;254
6678;4.8;253
6680;4.8;256
6682;5.3;253
6684;6.4;255
6686;4.5;253
6688;4.9;254
6690;6.7;254
6692;4.6;250
6694;5;253
6696;5.8;250
6698;3.9;250
6700;3.1;253
6702;4.3;251
6704;5.8;252
6706;3.8;251
6708;3.9;251
6710;5.6;252
6712;2.7;251
6714;3.4;255
6716;4.8;254
6718;4.3;254
6720;3.8;258
6722;5;256
6724;6.2;258
6726;4.6;258
6728;5.5;258
6730;7.4;259
6732;6;256
6734;6.5;258
6736;7.2;254
6738;5.2;253
6740;3.9;255
6742;5.4;253
6744;6.5;255
6746;4.4;254
6748;5.1;255
6750;6.3;255
6752;4;254
6754;4.7;258
6756;6.3;257
6758;4.9;256
6760;5.1;259
6762;5.4;257
6764;6.7;259
6766;5;259
6768;5.8;259
6770;7.7;259
6772;5.3;257
6774;5.6;259
6776;7.4;257
6778;5.9;256
6780;4.7;259
6782;5.1;257
6784;6.3;259
6786;5.5;258
6788;5.9;258
6790;7.3;259
6792;4.8;257
6794;5.2;260
6796;6.6;259
6798;5.7;259
6800;5.6;261
6802;6.3;258
6804;7;259
6806;5.2;259
6808;6;259
6810;7.6;259
6812;5.4;257
6814;5.7;260
6816;7.5;257
6818;6;256
6820;5.4;258
6822;5.4;256
6824;6.1;257
6826;5.2;256
6828;5.9;256
6830;7.2;256
6832;4.3;253
6834;4.7;257
6836;5.8;255
6838;4.7;256
6840;4.7;259
6842;5.5;257
6844;6.6;259
6846;5;258
6848;5.6;258
6850;7.7;259
6852;5.4;257
6854;5.9;260
6856;7.4;257
6858;7.3;255
6860;5.9;255
6862;5.4;252
6864;5.5;254
6866;3.7;254
6868;5.5;254
6870;7;254
6872;4.4;251
6874;5;254
6876;5.5;252
6878;4.2;253
6880;3.6;254
6882;4.5;253
6884;5.6;254
6886;3.9;254
6888;4.5;255
6890;6.5;255
6892;4.2;253
6894;4.7;257
6896;5.7;256
6898;5.3;255
6900;5.3;257
6902;5.4;255
6904;6.1;257
6906;4.2;256
6908;5.9;257
6910;7.8;257
6912;5;255
6914;5.2;258
6916;6.5;256
6918;5.6;256
6920;5.1;258
6922;5.7;257
6924;7;258
6926;4.9;256
6928;6;258
6930;7.5;258
6932;5.1;256
6934;5.7;259
6936;6.5;257
6938;5.7;256
6940;5.8;258
6942;6.4;256
6944;6.8;257
6946;4.4;256
6948;4.8;258
6950;8.1;257
6952;5.8;254
6954;5.7;257
6956;6.6;255
6958;5.2;254
6960;4.6;257
6962;5.1;255
6964;6;257
6966;4.6;257
6968;5.5;258
6970;7.4;258
6972;5.4;256
6974;5.6;259
6976;6.8;257
6978;6.1;256
6980;5.8;258
6982;6.4;255
6984;7.4;256
6986;5;255
6988;5.1;255
6990;6.6;257
6992;5.1;254
6994;5.8;256
6996;6.5;254
6998;4.9;254
7000;4.5;256
7002;5.2;253
7004;5.9;255
7006;4.1;255
7008;5;257
7010;6.9;257
7012;4.8;255
7014;5.3;259
7016;6.6;257
7018;5.8;257
7020;5.1;260
7022;5.9;258
7024;7.5;259
7026;5.8;258
7028;5.8;258
7030;7.2;259
7032;4.6;258
7034;6.8;261
7036;7.8;256
7038;6.3;257
7040;5.8;259
7042;5.9;257
7044;6.8;258
7046;4.6;257
7048;5.6;259
7050;7.3;260
7052;5.5;257
7054;6.2;262
7056;7.2;260
7058;6.1;259
7060;6.1;262
7062;6.5;259
7064;7.5;261
7066;5.8;260
7068;6.7;260
7070;7.9;260
7072;5.5;257
7074;5.5;261
7076;7.4;259
7078;6.2;258
7080;5.7;261
7082;6.1;259
7084;7;261
7086;5.4;260
7088;5.9;261
7090;7.9;262
7092;6;260
7094;5.9;264
7096;7.7;262
7098;6.8;262
7100;6.7;264
7102;7.2;261
7104;8.1;262
7106;6.1;261
7108;7;261
7110;8.6;261
7112;6.1;258
7114;6.1;261
7116;6.6;260
7118;6.3;259
7120;6.2;261
7122;6.6;258
7124;7.2;260
7126;5.2;258
7128;5.8;260
7130;7.3;261
7132;5.2;260
7134;5.9;264
7136;7.3;262
7138;6.5;262
7140;6.5;264
7142;7.1;262
7144;7.7;263
7146;6.2;262
7148;6.8;263
7150;8.6;262
7152;6.8;259
7154;6.8;262
7156;7.5;259
7158;6.4;259
7160;6.6;260
7162;6.9;258
7164;7.3;259
7166;5.3;258
7168;5.7;259
7170;7.4;259
7172;4.8;257
7174;5.8;261
7176;7.1;260
7178;6;259
7180;5.9;262
7182;6.6;258
7184;7.5;261
7186;5.7;260
7188;6.7;260
7190;8;260
7192;6.1;257
7194;6.6;259
7196;7.4;257
7198;5.7;256
7200;5.2;259
7202;6.1;256
7204;7.5;257
7206;5.4;255
7208;5.7;256
7210;7;257
7212;4.5;255
7214;5.3;258
7216;6.2;257
7218;5.6;256
7220;5.7;259
7222;6.1;257
7224;7.2;258
7226;5.4;257
7228;5.7;257
7230;7.5;258
7232;6.2;255
7234;6.7;256
7236;7.1;253
7238;5.1;254
7240;3.6;254
7242;4.5;253
7244;5.8;254
7246;3.8;254
7248;4.6;255
7250;6.4;256
7252;3.7;255
7254;4.6;259
7256;6.1;258
7258;5.1;258
7260;5;262
7262;5.8;260
7264;7.4;262
7266;5.6;262
7268;6.5;262
7270;8;262
7272;6;260
7274;6.6;263
7276;8.2;260
7278;7.1;259
7280;6;261
7282;5.9;259
7284;7.4;260
7286;6.1;259
7288;6.4;260
7290;7.4;259
7292;5.6;257
7294;5.9;260
7296;6.8;258
7298;5.3;258
7300;5.2;260
7302;6;258
7304;7;259
7306;5.1;259
7308;5.8;259
7310;7.7;260
7312;5.1;257
7314;5.9;261
7316;7.2;259
7318;6.1;258
7320;5.6;261
7322;5.5;259
7324;7;260
7326;5.8;260
7328;6.7;259
7330;7.9;259
7332;5.2;257
7334;5.5;260
7336;6.7;257
7338;5.8;258
7340;5.7;260
7342;6.3;258
7344;7.1;259
7346;5.4;258
7348;5.6;258
7350;7.5;259
7352;5.3;256
7354;5.8;259
7356;7.1;257
7358;6.1;255
7360;5.6;257
7362;5.5;254
7364;5.7;257
7366;4.9;256
7368;6.1;256
7370;7.5;255
7372;4.6;252
7374;4.8;255
7376;5.8;252
7378;4.3;252
7380;3.7;255
7382;4.4;252
7384;5.5;255
7386;4.2;254
7388;4.8;253
7390;6.6;255
7392;4.4;253
7394;4.9;256
7396;5.8;254
7398;5.3;253
7400;5.2;255
7402;5.3;252
7404;5.8;253
7406;3.4;252
7408;5.1;253
7410;6.7;251
7412;4.1;250
7414;4;253
7416;5.1;251
7418;3.9;252
7420;3.4;253
7422;3.7;252
7424;5.4;254
7426;3.4;253
7428;4.3;255
7430;6.2;256
7432;3.8;253
7434;4.8;257
7436;5.9;256
7438;5.2;256
7440;5.3;258
7442;6;256
7444;6.8;257
7446;4.6;257
7448;5.1;258
7450;7.8;258
7452;5.5;256
7454;5.8;258
7456;6.9;256
7458;5.5;255
7460;5.2;258
7462;5.4;256
7464;6.5;258
7466;4.3;258
7468;5.7;259
7470;7;260
7472;5.2;258
7474;5.8;262
7476;7.1;259
7478;5.9;259
7480;6;261
7482;6.4;259
7484;7.6;260
7486;5.7;259
7488;5.8;260
7490;7.5;260
7492;5.6;258
7494;6.2;260
7496;7.4;257
7498;6.1;256
7500;5.2;258
7502;5.3;257
7504;6.9;259
7506;4.7;258
7508;5.6;259
7510;7.7;260
7512;5.4;257
7514;5.7;261
7516;7.1;259
7518;5.9;257
7520;5.9;261
7522;6.4;258
7524;7.6;259
7526;5.7;258
7528;6.1;258
7530;7.1;259
7532;4.7;257
7534;6.4;259
7536;7.4;255
7538;5.8;256
7540;5.4;258
7542;5.7;255
7544;6.5;257
7546;4.4;256
7548;5.5;256
7550;7.2;258
7552;5.2;255
7554;5.6;260
7556;6.8;258
7558;6.3;257
7560;5.4;259
7562;5.9;256
7564;7.1;258
7566;5.4;257
7568;6.4;257
7570;7.6;257
7572;5.1;255
7574;5.1;258
7576;6.9;256
7578;5.9;255
7580;5.3;257
7582;5.8;254
7584;6.3;255
7586;4.3;255
7588;4.9;257
7590;6.9;257
7592;4.9;255
7594;4.9;259
7596;6.3;258
7598;5.6;258
7600;5.4;260
7602;6.1;258
7604;7.3;259
7606;5.5;260
7608;6.4;260
7610;8.5;260
7612;6.1;257
7614;5.7;260
7616;6.5;259
7618;5.8;259
7620;5.8;262
7622;6.6;260
7624;7.4;261
7626;5.6;261
7628;6.1;262
7630;7.7;262
7632;5.8;261
7634;6.5;263
7636;7.5;263
7638;7;262
7640;6.8;264
7642;7.4;262
7644;7.8;263
7646;6.2;262
7648;6.8;263
7650;8.5;262
7652;6.8;260
7654;7;262
7656;7.1;259
7658;6.1;260
7660;6;262
7662;6.9;259
7664;7.2;261
7666;5.2;260
7668;6.2;262
7670;7.7;262
7672;5.4;261
7674;6.1;264
7676;7.3;262
7678;6.6;262
7680;6.1;265
7682;6.7;263
7684;8.1;264
7686;6.1;264
7688;7;264
7690;8.6;264
7692;6.7;261
7694;7.4;264
7696;8.1;261
7698;6.6;261
7700;6.4;263
7702;7.1;260
7704;8.2;262
7706;6.1;260
7708;6.5;261
7710;7.9;260
7712;5.5;259
7714;6;263
7716;7.1;261
7718;6.3;261
7720;6.1;263
7722;6.9;261
7724;8;262
7726;5.9;262
7728;6.6;262
7730;8.3;262
7732;6.4;260
7734;7.7;260
7736;8.2;258
7738;6.4;257
7740;5.5;260
7742;6.4;257
7744;7.6;257
7746;5.3;256
7748;5.8;257
7750;7.3;257
7752;4.7;255
7754;5.4;258
7756;6.5;257
7758;5.7;257
7760;5.6;259
7762;6;257
7764;7.1;259
7766;5.3;258
7768;5.9;258
7770;7.5;259
7772;5.2;257
7774;6;260
7776;7.5;257
7778;5.9;256
7780;5.1;259
7782;5.4;257
7784;6.8;258
7786;5.4;258
7788;5.8;257
7790;7.6;259
7792;5.2;257
7794;5.4;261
7796;6.5;260
7798;5.8;260
7800;5.7;263
7802;6.4;261
7804;7.8;262
7806;5.9;262
7808;6.7;262
7810;8.5;262
7812;6.1;260
7814;6.4;263
7816;7.7;261
7818;6.9;260
7820;6.3;262
7822;6.7;260
7824;7.6;261
7826;6.1;259
7828;6.6;259
7830;8;259
7832;5.4;257
7834;5.9;261
7836;7;258
7838;5.8;258
7840;5.6;261
7842;6.2;257
7844;7.4;261
7846;5.3;260
7848;6.2;262
7850;8.2;261
7852;5.8;259
7854;6.5;263
7856;7.5;261
7858;6.8;259
7860;6.1;262
7862;6.5;259
7864;7;262
7866;6.2;260
7868;7.1;261
7870;8.5;260
7872;5.7;258
7874;6.4;261
7876;7.4;258
7878;5.8;258
7880;5.7;261
7882;6.3;259
7884;7.4;260
7886;6;259
7888;6.5;259
7890;8.1;259
7892;5.8;253
7894;5.7;260
7896;6.6;258
7898;6.2;257
7900;5.8;259
7902;6.2;256
7904;7.2;258
7906;5.3;257
7908;5.7;257
7910;7.7;257
7912;5.2;255
7914;5.2;258
7916;6.5;257
7918;5.4;256
7920;5;260
7922;5.6;259
7924;6.9;260
7926;5.5;260
7928;6.6;261
7930;8;261
7932;5.7;259
7934;6.5;262
7936;7.6;260
7938;6.8;259
7940;6.7;261
7942;7.3;258
7944;7.6;258
7946;5.3;258
7948;5.7;259
7950;8.3;258
7952;5.4;255
7954;6.2;258
7956;6.8;255
7958;5.5;256
7960;5;257
7962;5.5;257
7964;6.3;259
7966;4.7;259
7968;5.7;261
7970;7.8;261
7972;5.6;259
7974;6;263
7976;7.5;261
7978;6.7;261
7980;6.2;263
7982;7.1;261
7984;8.1;262
7986;6.1;261
7988;6.3;262
7990;8;262
7992;6.4;260
7994;7;263
7996;8;260
7998;6.9;259
8000;6.1;261
8002;6.6;259
8004;7.5;260
8006;5.1;260
8008;6.4;261
8010;8;261
8012;5.8;259
8014;6.1;263
8016;7.3;261
8018;6.5;261
8020;6.2;263
8022;6.8;261
8024;8;263
8026;6.3;261
8028;6.4;262
8030;7.9;262
8032;5.5;260
8034;7.2;263
8036;8.1;260
8038;6.7;259
8040;5.9;262
8042;6.3;260
8044;7.1;261
8046;5.3;261
8048;6.2;262
8050;8;263
8052;5.9;261
8054;6.7;265
8056;8;260
8058;7;262
8060;7.1;263
8062;7.2;261
8064;8.2;263
8066;6.4;261
8068;7;261
8070;8.2;261
8072;5.8;257
8074;6.2;262
8076;7.9;260
8078;6.6;259
8080;6.2;260
8082;6.6;258
8084;7.2;259
8086;5.5;259
8088;5.7;259
8090;7.7;259
8092;5.4;257
8094;5.7;261
8096;7.3;259
8098;6.3;258
8100;5.8;261
8102;6.1;258
8104;7.3;259
8106;5.6;258
8108;6.5;259
8110;8.2;259
8112;5.9;255
8114;5.6;259
8116;6.8;257
8118;6.1;256
8120;6.2;258
8122;6.4;255
8124;6.9;257
8126;4.7;258
8128;5.2;258
8130;6.7;259
8132;4.7;257
8134;5.4;261
8136;6.8;259
8138;5.8;260
8140;5.8;262
8142;6.6;260
8144;7.4;262
8146;5.9;262
8148;6.5;262
8150;8.6;262
8152;6.2;260
8154;6.8;263
8156;7.5;261
8158;6.4;261
8160;6.5;263
8162;6.5;260
8164;7.7;262
8166;5.9;261
8168;6.2;262
8170;8.1;263
8172;5.6;261
8174;6.5;265
8176;7.7;263
8178;7;262
8180;6.9;265
8182;7.2;262
8184;8.1;263
8186;6.3;263
8188;6.7;263
8190;8.6;264
8192;6.4;261
8194;7.2;264
8196;7.7;261
8198;6.6;261
8200;6.1;264
8202;7.1;260
8204;8.5;262
8206;6.3;261
8208;6.4;262
8210;8.1;262
8212;5.7;259
8214;6.1;264
8216;7.1;263
8218;6.8;263
8220;6.3;265
8222;7;263
8224;8.1;265
8226;6.4;264
8228;7.1;264
8230;8.6;264
8232;6.6;262
8234;7.3;264
8236;8.5;261
8238;7.4;261
8240;6.6;262
8242;7.5;259
8244;8.2;259
8246;5.8;257
8248;6;258
8250;7.7;258
8252;5.2;255
8254;5.4;259
8256;6.6;257
8258;5.8;257
8260;5.6;259
8262;6;257
8264;7.1;258
8266;5.1;257
8268;5.8;258
8270;7.4;258
8272;4.8;256
8274;5.5;260
8276;7.2;257
8278;5.8;256
8280;5.2;259
8282;5.3;257
8284;6.9;258
8286;5.8;258
8288;6.1;258
8290;7.8;258
8292;5;256
8294;5.5;259
8296;6.6;258
8298;5.5;258
8300;5.8;261
8302;6.1;258
8304;7.2;260
8306;5.4;259
8308;6.2;259
8310;7.5;260
8312;5.3;258
8314;5.9;261
8316;7;260
8318;5.9;260
8320;6.1;262
8322;6.4;260
8324;7.2;261
8326;6.2;260
8328;6.5;260
8330;8.1;260
8332;5.6;258
8334;6;262
8336;7;260
8338;5.8;260
8340;6;263
8342;6.5;261
8344;7.4;263
8346;6;262
8348;6.4;262
8350;8.3;264
8352;6;262
8354;6.6;265
8356;8.1;263
8358;7.2;262
8360;7;264
8362;7.1;261
8364;7.6;263
8366;6.7;262
8368;7.2;262
8370;8.5;262
8372;6.2;258
8374;6.6;262
8376;7.4;259
8378;6;259
8380;5.7;262
8382;6.2;260
8384;7.5;262
8386;6;261
8388;6.4;261
8390;8.4;261
8392;5.8;259
8394;6.3;262
8396;7.2;259
8398;6.4;260
8400;6.2;262
8402;6.5;260
8404;7.4;262
8406;5.9;261
8408;7.2;261
8410;8.7;261
8412;6.2;258
8414;6.4;260
8416;7.4;258
8418;6.2;257
8420;5.7;260
8422;6.2;258
8424;7.2;259
8426;5.4;258
8428;6.1;258
8430;7.6;258
8432;5.5;256
8434;5.9;260
8436;6.9;257
8438;6;257
8440;5.7;258
8442;6.2;257
8444;7.3;258
8446;5;256
8448;5.5;258
8450;8.1;257
8452;5.6;255
8454;5.6;257
8456;6.7;255
8458;5.3;255
8460;4.3;258
8462;5.4;256
8464;6.1;258
8466;4.9;258
8468;5.8;259
8470;7.7;259
8472;5.2;257
8474;5.8;261
8476;7.2;259
8478;6.2;256
8480;5.8;260
8482;6.5;258
8484;7.3;259
8486;5.5;259
8488;5.7;260
8490;7.2;260
8492;6;258
8494;6.5;260
8496;7.2;258
8498;6;258
8500;5.5;261
8502;6;259
8504;7.1;261
8506;5.4;260
8508;6.3;261
8510;8;261
8512;5.8;259
8514;6.2;263
8516;7.4;261
8518;6.5;261
8520;5.9;263
8522;6.5;261
8524;7.8;261
8526;6;262
8528;6.8;262
8530;8;262
8532;5.9;261
8534;7.4;262
8536;8;260
8538;6.8;259
8540;6.3;261
8542;6.4;258
8544;7.3;259
8546;4.9;259
8548;5.7;261
8550;7.5;262
8552;5.8;260
8554;6.5;263
8556;7.4;262
8558;6.6;261
8560;6.6;263
8562;6.7;261
8564;7.8;262
8566;6.2;260
8568;6.5;261
8570;8.2;262
8572;5.3;260
8574;6;264
8576;8.3;261
8578;7;260
8580;6.2;262
8582;6.5;260
8584;7.6;262
8586;5.8;261
8588;6.5;262
8590;8.1;262
8592;6.1;260
8594;6;264
8596;7.8;262
8598;7;261
8600;6.6;263
8602;7.2;259
8604;8.2;262
8606;6.3;260
8608;7.2;260
8610;8.4;260
8612;6.3;257
8614;6.2;259
8616;6.8;258
8618;6.7;257
8620;6.3;258
8622;6.5;255
8624;6.9;256
8626;5;254
8628;5.2;256
8630;6.9;257
8632;4.8;256
8634;5.4;259
8636;6.5;257
8638;5.9;257
8640;5.5;260
8642;6.4;258
8644;6.9;259
8646;5.4;259
8648;6;259
8650;7.8;260
8652;5.3;257
8654;6.4;260
8656;7.3;258
8658;6.2;258
8660;6.2;260
8662;6.6;257
8664;7.2;259
8666;5.3;258
8668;5.7;259
8670;7.2;260
8672;5.1;258
8674;6;262
8676;7.4;261
8678;6.1;260
8680;6.2;263
8682;6.8;261
8684;7.7;262
8686;6;261
8688;6.8;262
8690;8.4;262
8692;6.2;260
8694;6.5;263
8696;7.6;261
8698;6.6;260
8700;5.9;263
8702;7.1;260
8704;8.1;261
8706;6.3;259
8708;6.3;260
8710;7.9;260
8712;5.2;259
8714;5.8;263
8716;6.9;261
8718;6.8;261
8720;6.4;263
8722;7;261
8724;8;262
8726;6;261
8728;6.9;262
8730;8.5;262
8732;6.1;259
8734;6.6;262
8736;7.9;260
8738;6.5;259
8740;5.7;262
8742;6.9;259
8744;8.2;260
8746;5.9;258
8748;6.1;257
8750;7.6;259
8752;5;257
8754;5.7;261
8756;6.8;259
8758;6;259
8760;6.1;261
8762;6.5;259
8764;7.3;260
8766;5.7;260
8768;6.3;260
8770;8.2;260
8772;5.8;258
8774;6.6;261
8776;7.7;258
8778;6.7;257
8780;6.4;259
8782;6.2;256
8784;7.7;257
8786;5.7;255
8788;5.8;255
8790;6.9;255
8792;4.5;256
8794;4.6;256
8796;5.8;255
8798;4.7;255
8800;4.9;257
8802;5.7;256
8804;6.9;258
8806;5.1;257
8808;5.6;258
8810;7.5;258
8812;5.3;257
8814;5.8;260
8816;6.9;258
8818;5.8;258
8820;5.4;261
8822;5.8;259
8824;6.8;261
8826;5.9;260
8828;6.7;259
8830;7.9;260
8832;5.5;258
8834;5.9;261
8836;6.7;259
8838;5.9;260
8840;6.2;262
8842;6.5;260
8844;7.5;262
8846;5.8;261
8848;6.2;261
8850;7.9;262
8852;5.9;260
8854;6.5;263
8856;7.8;262
8858;6.5;261
8860;6.2;264
8862;6.8;261
8864;7.3;264
8866;6.4;263
8868;7.1;263
8870;8.6;263
8872;6.1;261
8874;6.6;263
8876;7.5;262
8878;6.6;261
8880;5.8;264
8882;6.7;262
8884;7.9;264
8886;6.3;263
8888;7;263
8890;8.6;263
8892;6.4;261
8894;6.8;264
8896;7.8;261
8898;7;261
8900;6.4;263
8902;6.7;260
8904;7.7;262
8906;6;262
8908;7.4;261
8910;8.6;260
8912;5.9;257
8914;6.1;260
8916;7.1;258
8918;6.1;257
8920;5.1;259
8922;5.9;257
8924;6.9;259
8926;5.1;258
8928;5.5;259
8930;7.2;259
8932;5.1;256
8934;5.9;261
8936;6.6;259
8938;5.9;257
8940;5.5;261
8942;6.3;258
8944;7.5;259
8946;5.3;258
8948;6.4;258
8950;5.9;256
8952;5.3;251
8954;5;255
8956;5.8;253
8958;4.8;253
8960;4.6;254
8962;4.7;252
8964;5.5;253
8966;3.4;253
8968;4.6;254
8970;6.2;253
8972;4.3;251
8974;4.4;254
8976;5.8;252
8978;4.5;251
8980;4;254
8982;4.8;249
8984;5.9;252
8986;3.7;252
8988;4.1;253
8990;6.3;253
8992;4.4;250
8994;4.8;253
8996;5.7;250
8998;4.5;251
9000;3.6;252
9002;3.8;250
9004;5;252
9006;3.1;252
9008;3.6;253
9010;5.8;254
9012;3.8;252
9014;4.4;257
9016;6.1;255
9018;5.3;255
9020;5;258
9022;5.8;255
9024;6.7;257
9026;4.4;256
9028;5.3;257
9030;6.6;258
9032;4.8;257
9034;6.3;259
9036;7;257
9038;5.6;255
9040;5.6;258
9042;5.6;256
9044;6.4;257
9046;4.4;257
9048;5.2;258
9050;7.1;258
9052;4.7;257
9054;5.3;260
9056;6.6;258
9058;5.9;257
9060;5.3;260
9062;5.4;258
9064;7.1;259
9066;5.4;258
9068;5.8;259
9070;7.3;259
9072;4.9;258
9074;5.8;261
9076;7.5;258
9078;6.4;258
9080;5.6;260
9082;5.9;257
9084;7.2;259
9086;5.2;259
9088;5.8;260
9090;7.3;260
9092;5.7;258
9094;5.6;262
9096;7;260
9098;6.2;261
9100;6.1;263
9102;6.6;262
9104;7.7;263
9106;6;262
9108;6.8;263
9110;8.2;263
9112;6.5;261
9114;6.5;264
9116;7.7;261
9118;7.5;262
9120;6.7;263
9122;7;260
9124;8.1;261
9126;5.9;260
9128;6.5;261
9130;8.1;262
9132;5.5;259
9134;6.4;263
9136;7.6;261
9138;6.9;260
9140;6.6;261
9142;7.2;259
9144;7.7;260
9146;5.8;258
9148;6.2;258
9150;8.1;258
9152;5.7;255
9154;6;258
9156;6.6;257
9158;5.8;256
9160;5.7;258
9162;6.3;255
9164;6.8;257
9166;4.9;256
9168;5.6;257
9170;7.1;258
9172;4.4;259
9174;5.3;260
9176;6.6;258
9178;5.8;258
9180;5.4;261
9182;5.9;259
9184;7.2;261
9186;5.7;260
9188;6.2;260
9190;8.1;261
9192;6.1;258
9194;6.4;262
9196;7.6;260
9198;6;260
9200;6.2;263
9202;7.1;260
9204;8.1;262
9206;6;261
9208;6.5;262
9210;7.7;262
9212;5.4;260
9214;6;264
9216;7.1;262
9218;6.7;262
9220;6.5;265
9222;6.9;262
9224;8.1;264
9226;6.3;263
9228;7;264
9230;8.9;264
9232;6.7;262
9234;7.4;263
9236;8;262
9238;6.6;262
9240;5.8;265
9242;7.2;262
9244;8.3;263
9246;6.1;262
9248;7;263
9250;8.1;263
9252;5.9;261
9254;6.2;264
9256;7.4;262
9258;6.7;262
9260;6.8;265
9262;7.1;262
9264;8.2;263
9266;6.3;262
9268;7;262
9270;8.7;261
9272;5.9;259
9274;6.7;262
9276;7.6;258
9278;6;257
9280;5.1;261
9282;6;260
9284;7.6;261
9286;6;259
9288;6.3;260
9290;7.9;260
9292;5.4;258
9294;5.8;261
9296;6.8;259
9298;5.9;259
9300;5.6;262
9302;6.4;260
9304;7.7;261
9306;5.9;261
9308;6.9;260
9310;8;260
9312;5.8;258
9314;6.3;261
9316;7.5;258
9318;6.4;256
9320;6.1;259
9322;6;257
9324;7;258
9326;5.7;256
9328;6.2;256
9330;7.2;255
9332;4.5;253
9334;5;255
9336;6.1;254
9338;4.7;255
9340;4.7;257
9342;5.5;256
9344;6.3;257
9346;4.8;257
9348;5.4;257
9350;7.4;258
9352;5;257
9354;5.6;260
9356;7;257
9358;6.1;257
9360;5.2;260
9362;5.7;258
9364;6;261
9366;5.7;260
9368;6.4;260
9370;8;260
9372;5.6;257
9374;6;260
9376;6.9;258
9378;5.6;258
9380;5.4;261
9382;5.9;259
9384;7.2;260
9386;5.6;260
9388;6.3;260
9390;7.7;260
9392;5.5;258
9394;6.2;261
9396;7.3;259
9398;6.6;259
9400;5.6;261
9402;6.3;259
9404;6.7;261
9406;5.3;260
9408;6.7;259
9410;8.6;259
9412;5.7;255
9414;5.7;258
9416;6.5;256
9418;5.3;256
9420;4.5;259
9422;5.1;257
9424;6.4;257
9426;4.9;258
9428;5.7;259
9430;7.7;259
9432;5.2;257
9434;5.9;260
9436;6.9;258
9438;5.9;258
9440;6.2;259
9442;6.3;257
9444;6.9;258
9446;4.5;258
9448;5.6;258
9450;8.1;258
9452;5.5;255
9454;6;258
9456;7;255
9458;5.2;255
9460;4.7;257
9462;5.3;255
9464;6;256
9466;4.2;257
9468;5;257
9470;7.6;258
9472;5.1;256
9474;5.3;260
9476;6.9;258
9478;5.9;257
9480;5.2;259
9482;6.3;257
9484;7.1;258
9486;4.9;258
9488;5.5;259
9490;7.4;259
9492;5.9;256
9494;6.5;258
9496;7.5;255
9498;5.7;253
9500;5.1;256
9502;5.6;254
9504;6.2;254
9506;4.3;253
9508;4.9;255
9510;6.6;255
9512;4.3;253
9514;4.5;256
9516;6;254
9518;4.7;254
9520;4.6;256
9522;5.2;254
9524;6.8;255
9526;4.4;255
9528;5;256
9530;6.1;257
9532;4.5;255
9534;6;258
9536;7;256
9538;5.2;255
9540;4.9;257
9542;5.3;255
9544;6.3;256
9546;4.2;257
9548;4.8;258
9550;6.9;259
9552;4.9;257
9554;5.7;261
9556;7.2;258
9558;6.2;258
9560;5.9;260
9562;6.3;257
9564;7.1;259
9566;5.7;258
9568;6.1;258
9570;7.1;258
9572;4.6;256
9574;5.3;260
9576;7.2;258
9578;6;257
9580;5.4;259
9582;6;256
9584;6.9;258
9586;4.7;257
9588;5.1;259
9590;6.7;260
9592;5.1;258
9594;5.3;262
9596;7.1;261
9598;6.1;261
9600;5.8;264
9602;6.4;262
9604;7.8;263
9606;6.4;262
9608;7.2;262
9610;8.6;262
9612;6.2;259
9614;6.1;262
9616;7.5;260
9618;7;259
9620;6.5;260
9622;6.7;255
9624;7.3;258
9626;4.9;256
9628;5.4;257
9630;7;258
9632;5;256
9634;5.4;259
9636;6.5;257
9638;5.7;257
9640;5.2;259
9642;6.1;257
9644;6.6;258
9646;5.1;258
9648;6.2;258
9650;7.9;258
9652;5.1;255
9654;5.6;258
9656;6.2;254
9658;5.3;255
9660;5.1;257
9662;5.7;254
9664;6.3;255
9666;4.4;255
9668;5.1;255
9670;6.6;255
9672;3.9;254
9674;4.9;257
9676;6.1;255
9678;5.3;254
9680;5.3;257
9682;5.7;253
9684;6.6;255
9686;4.6;254
9688;5.4;255
9690;6.6;254
9692;4.9;252
9694;5.3;254
9696;5.7;252
9698;4.1;251
9700;3.7;254
9702;4.9;253
9704;6;253
9706;4.1;253
9708;4.2;253
9710;6.1;254
9712;3.3;253
9714;4.1;257
9716;5.5;256
9718;4.9;256
9720;4.7;258
9722;5.4;257
9724;6.7;258
9726;5;258
9728;5.7;258
9730;7.4;259
9732;6.1;255
9734;6.7;257
9736;7.3;254
9738;4.9;253
9740;4;256
9742;5.3;254
9744;6.3;253
9746;4.2;253
9748;4.7;254
9750;6.1;255
9752;3.6;253
9754;4.5;257
9756;5.9;256
9758;4.8;257
9760;5.1;259
9762;5.7;258
9764;6.9;259
9766;5;259
9768;6;259
9770;7.8;260
9772;5.4;257
9774;6.2;260
9776;7.6;257
9778;6;256
9780;5.2;259
9782;5.3;257
9784;6.8;259
9786;5.8;257
9788;6.1;257
9790;7.4;258
9792;5;255
9794;5.3;259
9796;6.3;256
9798;5.6;257
9800;5.5;259
9802;6;256
9804;7.1;258
9806;5.2;257
9808;5.7;257
9810;7.3;257
9812;4.8;255
9814;5.4;258
9816;7;256
9818;5.5;254
9820;4.8;257
9822;5.4;255
9824;6;256
9826;5;255
9828;5.9;255
9830;7.2;255
9832;3.9;252
9834;4.5;255
9836;5.5;254
9838;4.3;255
9840;4.5;258
9842;5.3;256
9844;6.7;257
9846;5.1;257
9848;5.9;257
9850;7.4;256
9852;4.8;255
9854;5.7;257
9856;7.2;254
9858;6.4;252
9860;5.5;252
9862;4.9;250
9864;5.2;251
9866;3.3;251
9868;5.1;251
9870;6.3;251
9872;3.7;248
9874;3.9;251
9876;5.2;249
9878;3.7;249
9880;3.3;252
9882;3.9;250
9884;5;253
9886;3.7;252
9888;4.3;253
9890;6.4;253
9892;4;251
9894;4.1;255
9896;5.1;253
9898;4.6;253
9900;4.4;254
9902;4.6;253
9904;5.3;254
9906;3.5;255
9908;5.5;255
9910;7.3;255
9912;4.3;253
9914;4.7;256
9916;6;254
9918;4.8;254
9920;4.8;256
9922;5.3;255
9924;6.4;257
9926;5;255
9928;5.4;256
9930;7.2;256
9932;4.5;254
9934;5.3;258
9936;6.8;256
9938;5.2;255
9940;5.6;258
9942;6;255
9944;6.6;256
9946;4.2;256
9948;4.8;258
9950;7.8;257
9952;5.3;255
9954;5.6;257
9956;6.4;255
9958;5.1;255
9960;4.5;258
9962;5.4;256
9964;6.4;258
9966;4.9;258
9968;5.4;258
9970;7.6;258
9972;5.6;256
9974;5.7;259
9976;6.9;256
9978;6;255
9980;5.4;257
9982;6;253
9984;6.9;255
9986;4.3;254
9988;4.8;255
9990;6.2;255
9992;4.5;253
9994;5.3;255
9996;5.8;253
9998;4.8;252
10000;4.3;253
10002;4.9;252
10004;5.6;251
10006;3.6;252
10008;3.9;253
10010;5.9;254
10012;3.8;252
10014;4.3;256
10016;5.6;254
10018;4.8;252
10020;4.5;256
10022;4.9;254
10024;6.3;255
10026;4.6;253
10028;5;254
10030;6.2;253
10032;3.3;253
10034;5.7;255
10036;6.4;252
10038;5.1;251
10040;4.3;253
10042;4.3;250
10044;5.4;252
10046;2.9;252
10048;4;253
10050;5.6;253
10052;3.5;253
10054;4.7;256
10056;6.1;255
10058;4.9;254
10060;4.9;257
10062;5.5;255
10064;6.7;255
10066;4.6;254
10068;5.8;255
10070;6.7;253
10072;4.1;253
10074;4.5;255
10076;6.3;254
10078;5;253
10080;4.4;256
10082;4.9;254
10084;5.9;256
10086;4.1;256
10088;5;257
10090;6.9;257
10092;5;256
10094;4.9;260
10096;6.8;258
10098;6.1;258
10100;5.8;259
10102;6.2;257
10104;7.2;258
10106;5.4;257
10108;6.3;256
10110;7.8;256
10112;5.3;253
10114;5.1;257
10116;5.8;255
10118;5.3;255
10120;5.2;256
10122;5.4;253
10124;6.2;255
10126;4.1;255
10128;4.7;256
10130;6.5;257
10132;4.2;255
10134;5;259
10136;6.5;258
10138;5.8;257
10140;5.2;260
10142;6.1;258
10144;6.8;260
10146;5.3;258
10148;6.2;259
10150;8.1;259
10152;6.2;256
10154;6.4;258
10156;7.1;256
10158;5.8;255
10160;5.9;256
10162;5.6;253
10164;6.3;254
10166;3.9;253
10168;4.5;254
10170;5.9;253
10172;3.7;254
10174;4.5;258
10176;6.2;256
10178;5.2;256
10180;5.2;259
10182;6;256
10184;7.1;257
10186;5;257
10188;5.7;256
10190;7.8;257
10192;5.7;255
10194;6.1;257
10196;6.5;255
10198;5.2;254
10200;4.7;255
10202;5.7;253
10204;6.9;254
10206;4.6;252
10208;5;252
10210;6.4;252
10212;3.6;250
10214;3.9;254
10216;5.2;252
10218;4.6;252
10220;4.5;254
10222;4.9;252
10224;5.8;252
10226;3.8;252
10228;4.7;253
10230;6.4;253
10232;5;250
10234;6;251
10236;6.2;248
10238;4.5;245
10240;2.5;249
10242;3.6;248
10244;4.9;249
10246;2.7;249
10248;3.5;250
10250;5.4;251
10252;2.7;253
10254;3.5;254
10256;4.6;253
10258;4.1;254
10260;4;257
10262;4.9;256
10264;6.4;258
10266;4.8;257
10268;5.6;258
10270;7.4;258
10272;5.1;255
10274;6;259
10276;7.5;256
10278;6.2;255
10280;5.4;257
10282;5.9;255
10284;6.8;256
10286;5;255
10288;5.6;255
10290;6.9;256
10292;4.2;254
10294;4.9;258
10296;5.8;255
10298;5.2;257
10300;5;260
10302;5.9;258
10304;6.9;259
10306;5.2;259
10308;5.7;259
10310;7.6;260
10312;5.1;258
10314;6;261
10316;7.3;259
10318;6.4;258
10320;5.3;260
10322;5.8;258
10324;6.7;259
10326;5.6;258
10328;6.2;258
10330;7.6;258
10332;5.4;256
10334;5.7;259
10336;6.7;258
10338;5.8;258
10340;5.5;260
10342;6.2;257
10344;7.2;259
10346;5.2;258
10348;6;258
10350;7.4;258
10352;5.3;256
10354;6;259
10356;7.4;257
10358;6.4;255
10360;5.6;257
10362;5.8;254
10364;5.7;256
10366;4.7;255
10368;5.8;255
10370;7.4;255
10372;4.8;251
10374;4.8;255
10376;5.8;252
10378;4.6;252
10380;3.9;255
10382;4.5;253
10384;5.9;254
10386;4.4;254
10388;4.9;254
10390;6.6;254
10392;4.1;252
10394;5;254
10396;6;252
10398;5;253
10400;5.2;254
10402;5.1;249
10404;5.8;253
10406;3.6;253
10408;5.1;253
10410;7.1;253
10412;4.2;250
10414;4.3;253
10416;5.3;251
10418;4;253
10420;3.6;254
10422;4.3;253
10424;5.5;255
10426;4;255
10428;4.8;256
10430;6.9;256
10432;4.2;255
10434;5.1;258
10436;6.7;257
10438;5.4;256
10440;5.4;259
10442;6;257
10444;7.3;257
10446;4.9;257
10448;5.2;258
10450;8.2;258
10452;5.7;255
10454;5.9;258
10456;6.4;255
10458;5.3;255
10460;5.2;257
10462;5.6;255
10464;6;255
10466;4.6;256
10468;5.3;257
10470;7.4;258
10472;4.9;255
10474;5.4;259
10476;6.7;257
10478;5.6;257
10480;5.3;259
10482;5.9;256
10484;7.5;257
10486;5.2;256
10488;5.5;257
10490;7.3;258
10492;5.4;256
10494;6.1;258
10496;6.9;256
10498;5.9;255
10500;4.9;257
10502;5.3;256
10504;6.5;257
10506;5;257
10508;5.8;258
10510;7.2;257
10512;5.1;256
10514;5.6;260
10516;6.8;257
10518;5.9;257
10520;5.7;258
10522;6.3;257
10524;7.4;258
10526;5.6;256
10528;6.2;256
10530;7.1;257
10532;4.5;255
10534;6.6;257
10536;7.4;253
10538;5.6;252
10540;5;253
10542;4.9;250
10544;5.4;252
10546;3.2;252
10548;4.3;253
10550;6.1;253
10552;3.9;251
10554;4.2;255
10556;5.7;253
10558;4.7;252
10560;4;254
10562;4.7;253
10564;5.9;254
10566;4.1;252
10568;5.3;253
10570;6.7;253
10572;4.2;250
10574;4;253
10576;5.7;251
10578;4.9;250
10580;4.3;251
10582;4.6;248
10584;5.4;250
10586;3.3;250
10588;3.9;251
10590;5.8;251
10592;3.6;249
10594;3.6;254
10596;4.9;252
10598;4;252
10600;4;255
10602;4.7;253
10604;5.7;254
10606;3.8;254
10608;4.7;254
10610;6.4;254
10612;4.4;252
10614;4.3;255
10616;5.3;255
10618;4.3;254
10620;4.4;256
10622;5.2;254
10624;6.3;255
10626;4.1;255
10628;4.8;256
10630;6.8;257
10632;4.4;254
10634;5.2;259
10636;6.5;257
10638;5.8;257
10640;5.8;259
10642;6.7;257
10644;6.9;259
10646;5.2;257
10648;5.8;258
10650;7.7;258
10652;5.9;254
10654;6.3;257
10656;6.5;256
10658;5.3;255
10660;5.2;257
10662;6.1;255
10664;6.3;256
10666;4.4;256
10668;4.9;257
10670;6.8;257
10672;4.3;256
10674;5.3;259
10676;6.7;258
10678;5.7;257
10680;5.1;260
10682;5.8;258
10684;7.3;260
10686;5.6;259
10688;6.1;259
10690;7.8;259
10692;5.8;257
10694;6.6;259
10696;7.4;257
10698;5.7;256
10700;5.4;259
10702;5.9;256
10704;7.2;257
10706;5.2;255
10708;5.6;256
10710;6.8;256
10712;4.2;254
10714;5.3;257
10716;6.5;255
10718;5.4;255
10720;4.9;257
10722;5.7;255
10724;6.5;257
10726;4.7;256
10728;5.6;257
10730;7.3;257
10732;4.9;254
10734;6.5;256
10736;6.8;252
10738;5.3;252
10740;4.1;254
10742;5;252
10744;6.1;253
10746;4;252
10748;4.3;252
10750;6;252
10752;3.1;251
10754;4;254
10756;5.3;253
10758;4.6;252
10760;4.7;255
10762;4.9;252
10764;5.8;254
10766;4.1;253
10768;4.9;252
10770;6.3;254
10772;3.7;251
10774;5;253
10776;6.5;251
10778;4.5;250
10780;3.6;253
10782;3.8;252
10784;5.4;253
10786;4.1;253
10788;4.2;253
10790;6.1;254
10792;3.6;252
10794;4;256
10796;5.2;253
10798;4.2;255
10800;4.1;258
10802;5.3;256
10804;6.8;257
10806;4.8;257
10808;5.5;257
10810;7;257
10812;4.9;255
10814;5.7;259
10816;7.1;256
10818;5.9;255
10820;5.4;257
10822;5.5;255
10824;6.4;256
10826;4.7;256
10828;5.9;255
10830;6.9;255
10832;4.3;253
10834;4.8;257
10836;6.2;256
10838;5;256
10840;4.9;257
10842;5.6;256
10844;6.9;257
10846;4.9;258
10848;5.5;259
10850;7.5;259
10852;5;258
10854;5.8;261
10856;7.4;259
10858;6.4;258
10860;5.9;260
10862;6;258
10864;6.6;259
10866;5.8;259
10868;6.4;258
10870;7.9;258
10872;5.5;256
10874;5.7;259
10876;7;257
10878;5.6;257
10880;5.2;259
10882;6.1;257
10884;7.2;259
10886;5.5;258
10888;6.1;258
10890;7.9;258
10892;5.9;255
10894;6.1;257
10896;6.9;255
10898;5.6;254
10900;4.9;255
10902;5.6;252
10904;6.3;254
10906;4.7;253
10908;5.2;252
10910;6.6;252
10912;3.9;253
10914;4.2;253
10916;5.2;251
10918;4.2;251
10920;3.4;254
10922;4.2;253
10924;5.8;255
10926;4.2;254
10928;5.1;254
10930;6.7;255
10932;4.3;253
10934;4.8;256
10936;6.3;254
10938;5.2;254
10940;5.2;256
10942;5.4;253
10944;6.3;254
10946;3.9;252
10948;5;255
10950;7.1;254
10952;4.7;252
10954;4.8;255
10956;5.9;254
10958;4.5;252
10960;3.9;255
10962;4.6;253
10964;5.4;255
10966;3.8;255
10968;5;257
10970;7.2;257
10972;5.1;255
10974;5.5;258
10976;6.5;257
10978;5.9;256
10980;5.1;258
10982;6.2;256
10984;7.3;257
10986;4.9;257
10988;5.6;258
10990;7.2;259
10992;5.7;256
10994;6.2;259
10996;7;256
10998;6.2;255
11000;5.4;256
11002;5.7;255
11004;6.4;257
11006;4.6;256
11008;5.4;257
11010;7.2;256
11012;5;255
11014;5.5;259
11016;6.9;257
11018;5.5;257
11020;5.5;258
11022;6;258
11024;7.3;258
11026;5.7;258
11028;5.9;258
11030;7.4;259
11032;5.3;257
11034;6.6;259
11036;7.7;256
11038;5.7;254
11040;5.1;257
11042;5.3;254
11044;6.2;256
11046;4.2;256
11048;5.2;257
11050;7.1;258
11052;5.2;256
11054;5.9;258
11056;6.9;256
11058;6.2;254
11060;5.7;258
11062;6.1;255
11064;6.9;256
11066;5;254
11068;5.6;253
11070;6.8;253
11072;4.2;251
11074;4.4;253
11076;6.2;251
11078;4.8;250
11080;4.4;252
11082;4.6;252
11084;5.9;252
11086;3.5;251
11088;3.7;252
11090;5.6;253
11092;3.9;251
11094;3.7;255
11096;5.4;254
11098;4.8;253
11100;4.2;256
11102;5.1;254
11104;6.3;256
11106;4.8;256
11108;5.7;256
11110;7.5;256
11112;4.9;252
11114;4.8;256
11116;6.2;254
11118;5.4;254
11120;5.6;256
11122;5.6;253
11124;6.3;254
11126;4.1;254
11128;4.8;255
11130;6.2;256
11132;4.1;254
11134;5.1;258
11136;6.7;256
11138;5.4;256
11140;5.1;256
11142;6.2;256
11144;6.6;258
11146;5.2;257
11148;5.6;258
11150;7.6;258
11152;5.5;255
11154;5.8;259
11156;6.7;256
11158;5.5;256
11160;5.7;258
11162;6.1;256
11164;6.8;257
11166;5;256
11168;5.5;257
11170;7.3;257
11172;4.8;255
11174;5.3;259
11176;6.7;257
11178;6;256
11180;5.8;259
11182;5.9;257
11184;7.2;258
11186;5.3;257
11188;5.9;258
11190;7.5;258
11192;5.4;256
11194;6.1;258
11196;6.9;255
11198;5.3;255
11200;4.9;258
11202;6;255
11204;7.3;256
11206;4.9;255
11208;5.3;255
11210;7;256
11212;3.9;254
11214;4.9;257
11216;5.9;256
11218;5.3;256
11220;4.9;259
11222;5.6;257
11224;6.7;258
11226;5.1;258
11228;5.8;258
11230;7.4;259
11232;5.4;256
11234;6.2;260
11236;7.3;257
11238;6.1;256
11240;5.6;259
11242;6.5;256
11244;7.5;257
11246;5.3;255
11248;5.8;255
11250;7.3;255
11252;4.5;252
11254;4.5;255
11256;5.7;254
11258;4.4;254
11260;4.6;256
11262;5.4;254
11264;6.4;255
11266;4.6;254
11268;5.1;255
11270;6.9;255
11272;4.5;253
11274;5.3;256
11276;6.5;254
11278;5;253
11280;4.3;255
11282;4.9;255
11284;6.4;256
11286;5.2;255
11288;5.6;255
11290;6.9;255
11292;4.5;253
11294;4.7;257
11296;6;256
11298;5;256
11300;5.3;258
11302;5.6;256
11304;7;257
11306;5.1;257
11308;5.9;257
11310;7.2;257
11312;4.8;255
11314;5.9;259
11316;6.9;257
11318;5.7;256
11320;5.4;259
11322;6.1;256
11324;6.5;258
11326;5.1;257
11328;5.9;257
11330;7.6;257
11332;5.2;255
11334;5.4;259
11336;6.5;257
11338;5.4;257
11340;4.9;260
11342;5.9;258
11344;7;260
11346;5.6;260
11348;6;260
11350;7.8;260
11352;5.6;258
11354;6.3;262
11356;7.6;259
11358;6.5;258
11360;6.2;260
11362;6.4;257
11364;7;259
11366;5.9;258
11368;6.3;257
11370;7.7;257
11372;5.1;254
11374;5.5;257
11376;6.5;255
11378;4.7;255
11380;4.8;257
11382;5.4;256
11384;6.5;257
11386;5.1;257
11388;5.7;257
11390;7.6;257
11392;5.2;255
11394;5.5;257
11396;6.3;256
11398;5.2;255
11400;4.9;258
11402;5.5;256
11404;6.1;258
11406;4.7;257
11408;6.3;257
11410;7.8;257
11412;5.1;254
11414;5.6;257
11416;6.4;254
11418;5.3;254
11420;4.8;256
11422;5.4;254
11424;6.2;255
11426;4.7;254
11428;5.4;254
11430;6.8;254
11432;4.3;252
11434;4.8;255
11436;6.2;252
11438;4.6;252
11440;4.6;253
11442;5;251
11444;5.9;252
11446;3.6;251
11448;4.2;252
11450;7.3;251
11452;4.3;248
11454;4.5;251
11456;5.5;249
11458;4.1;248
11460;3.3;251
11462;3.8;250
11464;4.9;252
11466;2.9;252
11468;4.2;253
11470;6.1;253
11472;4.1;251
11474;4.3;255
11476;5.9;253
11478;4.8;252
11480;4.7;255
11482;5;252
11484;5.9;254
11486;4.2;253
11488;4.5;254
11490;6.5;255
11492;4.7;253
11494;5.3;255
11496;5.9;253
11498;4.5;253
11500;4.3;256
11502;4.9;254
11504;5.8;256
11506;4.5;256
11508;5.3;257
11510;7.3;258
11512;4.8;255
11514;5.3;259
11516;6.7;258
11518;5.7;258
11520;5.3;260
11522;6.3;259
11524;7.2;260
11526;5.3;259
11528;6;260
11530;7.5;261
11532;5.3;258
11534;7.3;261
11536;8;258
11538;6.8;257
11540;6.1;259
11542;6.1;257
11544;6.8;257
11546;4.7;257
11548;5.4;259
11550;6.9;260
11552;5;258
11554;5.9;261
11556;7.2;260
11558;6;259
11560;6.3;262
11562;6.7;259
11564;7.6;261
11566;5.9;259
11568;6.6;260
11570;7.8;260
11572;5.4;257
11574;5.5;261
11576;7.8;259
11578;6.4;258
11580;5.8;260
11582;6;258
11584;7.3;259
11586;5.3;258
11588;5.7;259
11590;7.5;260
11592;5.7;257
11594;5.9;261
11596;7.6;258
11598;6.8;257
11600;6.5;259
11602;6.2;256
11604;7.4;258
11606;5.4;257
11608;6.2;256
11610;7.5;257
11612;5.4;254
11614;5.6;257
11616;6.4;255
11618;5.9;254
11620;5.4;256
11622;5.8;253
11624;6.1;254
11626;4.1;253
11628;4.7;255
11630;6.4;256
11632;4.4;253
11634;5;257
11636;6.4;255
11638;5.5;255
11640;5.1;258
11642;6.3;255
11644;6.6;257
11646;5.1;257
11648;5.8;257
11650;7.5;257
11652;5.3;255
11654;5.7;258
11656;6.9;256
11658;5.5;255
11660;5.8;257
11662;6.4;254
11664;6.6;256
11666;4.3;255
11668;5.1;256
11670;6.6;257
11672;4.4;256
11674;5.3;259
11676;6.8;257
11678;5.7;258
11680;5.5;260
11682;6.3;258
11684;7.4;260
11686;5.6;259
11688;6.3;259
11690;7.9;260
11692;5.9;257
11694;6;260
11696;7.2;258
11698;6.2;257
11700;5.4;260
11702;6.2;258
11704;7.6;259
11706;5.8;258
11708;6;258
11710;7.5;258
11712;5;255
11714;5.5;260
11716;6.8;259
11718;6.1;259
11720;6;261
11722;6.4;258
11724;7.7;260
11726;5.5;259
11728;6.3;259
11730;7.6;260
11732;5.5;257
11734;6.3;261
11736;7.4;258
11738;6.2;258
11740;5.3;260
11742;6.6;258
11744;7.7;259
11746;5.5;258
11748;6;258
11750;7.6;259
11752;5.1;257
11754;5.5;260
11756;6.7;259
11758;5.7;259
11760;5.6;262
11762;6.9;260
11764;7.7;261
11766;5.8;261
11768;6.6;261
11770;8.5;261
11772;6;258
11774;7;261
11776;7.9;257
11778;6.5;256
11780;5.9;259
11782;5.9;257
11784;7.5;258
11786;6;257
11788;6.1;257
11790;7.7;257
11792;5.1;255
11794;5.3;258
11796;6.4;257
11798;5.6;257
11800;5.4;258
11802;6.2;258
11804;7.3;259
11806;5.4;258
11808;5.9;259
11810;7.8;259
11812;5.4;257
11814;5.7;260
11816;6.9;259
11818;6;258
11820;5.6;261
11822;5.9;259
11824;7.2;261
11826;6.3;260
11828;7;259
11830;8;259
11832;5.8;257
11834;5.7;260
11836;6.7;258
11838;5.8;258
11840;5.8;261
11842;6.2;258
11844;7.4;260
11846;5.5;260
11848;6.1;260
11850;7.8;261
11852;5.7;259
11854;6.4;262
11856;7.8;260
11858;6.4;259
11860;6.2;261
11862;6.6;259
11864;6.8;261
11866;5.9;261
11868;6.7;261
11870;8.5;261
11872;5.9;258
11874;6.4;261
11876;7.3;259
11878;5.9;259
11880;5.7;262
11882;6.3;260
11884;7.5;262
11886;6.1;261
11888;6.7;260
11890;8.4;262
11892;5.9;260
11894;6.7;263
11896;7.6;260
11898;6.6;260
11900;6.3;262
11902;7;259
11904;7.6;261
11906;6;260
11908;7.7;260
11910;8.4;260
11912;5.9;256
11914;6;259
11916;7.2;257
11918;5.6;257
11920;5.4;259
11922;6;258
11924;6.9;257
11926;5.4;259
11928;5.9;259
11930;7.9;260
11932;5.4;258
11934;6;262
11936;7.3;260
11938;6.3;259
11940;5.8;262
11942;6.4;260
11944;7.4;261
11946;5.6;260
11948;7.1;260
11950;6.7;259
11952;6.3;255
11954;6.5;257
11956;7.3;254
11958;5.7;254
11960;5.3;255
11962;5.7;253
11964;6.1;254
11966;4.2;254
11968;5;255
11970;6.7;255
11972;4.7;252
11974;4.9;256
11976;6.3;254
11978;5.2;253
11980;4.6;256
11982;5.3;253
11984;6.3;255
11986;4.3;254
11988;4.6;255
11990;6.8;255
11992;5;253
11994;5.6;255
11996;6.5;253
11998;5;252
12000;4.2;254
12002;4.5;253
12004;5.6;255
12006;3.9;254
12008;4.9;255
12010;6.7;256
12012;4.6;254
12014;5.3;258
12016;6.5;256
12018;5.6;256
12020;5.5;258
12022;6;256
12024;7;257
12026;4.9;257
12028;5.5;257
12030;6.8;258
12032;5.1;257
12034;6.7;259
12036;7.5;256
12038;6;255
12040;5.6;257
12042;5.9;255
12044;6.5;256
12046;4.3;256
12048;5.2;257
12050;7.4;258
12052;4.9;256
12054;5.6;260
12056;7;258
12058;5.9;257
12060;5.7;260
12062;6;256
12064;7.4;259
12066;5.5;258
12068;5.8;258
12070;7.3;259
12072;4.9;257
12074;5.7;260
12076;8.1;258
12078;6.8;256
12080;6.1;258
12082;6.4;255
12084;7;257
12086;4.9;256
12088;5.5;257
12090;7;258
12092;5.4;256
12094;5;260
12096;6.6;258
12098;5.6;258
12100;5.8;261
12102;6.4;258
12104;7.3;260
12106;5.8;259
12108;6.5;260
12110;8.1;260
12112;5.3;257
12114;5.6;261
12116;6.8;259
12118;6.4;258
12120;6.1;260
12122;6.6;258
12124;7.6;259
12126;5.5;258
12128;5.8;258
12130;7.2;259
12132;5;256
12134;5.9;261
12136;7.3;259
12138;6.6;258
12140;6.2;260
12142;6.8;257
12144;7.4;259
12146;5.9;257
12148;6.3;257
12150;7.9;257
12152;5.5;254
12154;5.9;257
12156;6.5;255
12158;5.4;255
12160;5.6;257
12162;6.3;253
12164;6.3;255
12166;4.5;254
12168;5.1;255
12170;6.7;256
12172;4.1;255
12174;5.1;258
12176;6.7;257
12178;5.8;257
12180;5.3;259
12182;5.7;257
12184;6.9;259
12186;5.3;259
12188;6.1;259
12190;7.8;259
12192;5.6;257
12194;6;260
12196;7.2;257
12198;5.6;258
12200;5.8;260
12202;6.5;257
12204;7.6;258
12206;5.7;256
12208;6.1;258
12210;7.3;259
12212;5;257
12214;5.4;260
12216;6.9;259
12218;5.8;258
12220;5.8;261
12222;6.4;259
12224;7.5;260
12226;5.6;260
12228;6.2;260
12230;8;260
12232;5.8;258
12234;6.6;261
12236;7.4;259
12238;5.9;258
12240;5;262
12242;7;259
12244;8;260
12246;5.9;258
12248;5.9;260
12250;7.8;259
12252;5.2;258
12254;5.9;262
12256;7.4;260
12258;6;261
12260;6.4;263
12262;7;260
12264;8;262
12266;6.4;260
12268;6.9;261
12270;8.6;261
12272;6.1;258
12274;6.7;260
12276;7.6;257
12278;6.1;256
12280;5.3;260
12282;5.7;258
12284;7.5;259
12286;5.8;257
12288;6.2;258
12290;7.8;258
12292;5.3;255
12294;5.5;259
12296;6.6;257
12298;5.8;257
12300;5.7;259
12302;6.3;257
12304;7.4;258
12306;5.1;257
12308;5.8;258
12310;7.7;258
12312;5.5;255
12314;6.2;259
12316;7.4;256
12318;6.2;255
12320;5.7;257
12322;5.8;255
12324;7;257
12326;5.5;255
12328;6.2;255
12330;6.9;255
12332;4.3;252
12334;5.1;256
12336;6;254
12338;4.7;254
12340;4.7;257
12342;5.5;255
12344;6.6;256
12346;4.5;256
12348;5.4;257
12350;7.4;258
12352;5;256
12354;5.7;259
12356;7.2;257
12358;6;256
12360;5.4;259
12362;5.5;257
12364;6;260
12366;5.8;259
12368;6.5;259
12370;7.8;259
12372;5.2;257
12374;5.9;260
12376;7;258
12378;5.7;258
12380;5.6;261
12382;6.1;259
12384;7.4;261
12386;5.9;260
12388;6.4;260
12390;7.9;260
12392;5.6;257
12394;6.3;261
12396;7.4;259
12398;6.2;258
12400;5.7;260
12402;6.3;258
12404;6.9;259
12406;5.3;259
12408;7;259
12410;8.3;258
12412;5.6;255
12414;6.3;258
12416;6.5;255
12418;5.4;255
12420;4.7;259
12422;5.5;256
12424;6.6;259
12426;5.3;259
12428;6;259
12430;7.9;259
12432;5.5;256
12434;6;259
12436;7.2;258
12438;6.4;257
12440;6.4;258
12442;6.5;255
12444;6.9;257
12446;4.5;256
12448;5.8;257
12450;8;256
12452;5.2;253
12454;5.6;256
12456;6.4;253
12458;4.7;253
12460;4.3;255
12462;4.9;254
12464;5.6;256
12466;4;256
12468;5.4;256
12470;7.4;257
12472;4.9;254
12474;5.5;258
12476;7;255
12478;5.8;255
12480;5;257
12482;5.9;255
12484;6.6;256
12486;4.6;255
12488;5.2;256
12490;7.2;257
12492;5.3;253
12494;6.1;256
12496;6.8;254
12498;5.6;252
12500;5;254
12502;4.9;252
12504;5.9;253
12506;3.9;253
12508;4.9;254
12510;6.3;254
12512;4;252
12514;4.8;255
12516;6;253
12518;4.8;253
12520;4.6;255
12522;5.4;253
12524;6.5;254
12526;4.4;253
12528;4.8;254
12530;6.1;255
12532;4.3;254
12534;5.7;256
12536;6.8;253
12538;5;253
12540;4.4;255
12542;4.8;253
12544;5.9;255
12546;3.7;256
12548;4.7;257
12550;6.8;258
12552;5;256
12554;5.5;260
12556;6.9;257
12558;6.2;257
12560;5.7;260
12562;6.5;257
12564;7.2;258
12566;5.7;256
12568;6.2;257
12570;7.2;257
12572;4.8;255
12574;5.5;259
12576;7.1;256
12578;6;256
12580;5.5;258
12582;6.1;255
12584;6.7;256
12586;4.5;256
12588;5.4;257
12590;7.3;257
12592;5;255
12594;5.2;259
12596;6.8;257
12598;5.8;257
12600;5.3;259
12602;6.1;257
12604;7.4;259
12606;5.7;258
12608;6.5;258
12610;8;258
12612;5.7;255
12614;5.5;258
12616;6.8;256
12618;6.3;255
12620;6.1;257
12622;6.2;254
12624;6.7;255
12626;4.4;254
12628;5.1;255
12630;6.2;255
12632;4.4;253
12634;5;257
12636;6.3;255
12638;4.9;255
12640;5;257
12642;6;255
12644;6.5;255
12646;4.7;256
12648;5.6;256
12650;7.5;256
12652;4.9;253
12654;5.3;256
12656;6.1;254
12658;4.9;254
12660;5;256
12662;5.4;253
12664;6.4;255
12666;4.4;254
12668;4.9;254
12670;6.5;255
12672;4.2;253
12674;5;257
12676;6.5;255
12678;5.5;255
12680;5.3;257
12682;5.8;254
12684;6.6;256
12686;4.7;255
12688;5.4;256
12690;7;256
12692;5.1;253
12694;5.7;256
12696;6.1;253
12698;4.6;253
12700;4.5;256
12702;5.6;254
12704;6.3;255
12706;4.4;254
12708;4.9;255
12710;6.6;256
12712;4.4;254
12714;5;258
12716;6;257
12718;5.5;257
12720;5.1;260
12722;6;258
12724;7.4;260
12726;5.6;260
12728;6.2;260
12730;7.8;261
12732;6.6;257
12734;7.3;258
12736;8.1;256
12738;5.7;255
12740;4.7;258
12742;6.2;254
12744;7.4;256
12746;5;255
12748;5.5;256
12750;7;256
12752;4.4;255
12754;5.2;258
12756;6.5;257
12758;5.7;257
12760;5.4;258
12762;6.1;257
12764;7.2;259
12766;5.4;258
12768;6;259
12770;8;259
12772;5.5;256
12774;6.1;259
12776;7.4;256
12778;6;255
12780;5;258
12782;5.1;256
12784;6.7;258
12786;5.7;257
12788;5.9;257
12790;7.6;257
12792;5;255
12794;5.6;259
12796;6.6;256
12798;5.8;257
12800;5.6;259
12802;6.2;257
12804;7.3;258
12806;5.5;257
12808;6.3;258
12810;7.7;258
12812;5.2;255
12814;5.9;259
12816;7.3;256
12818;6.1;255
12820;5.6;257
12822;5.6;255
12824;6.2;256
12826;5.3;255
12828;5.9;255
12830;7.3;255
12832;4.1;253
12834;4.8;256
12836;6;254
12838;4.7;254
12840;4.8;257
12842;5.7;255
12844;6.7;257
12846;5;256
12848;5.8;257
12850;7.5;257
12852;4.8;255
12854;6;258
12856;7.6;255
12858;6.8;253
12860;5.7;254
12862;5.1;251
12864;5.2;253
12866;3.6;253
12868;5.6;253
12870;6.7;252
12872;4.2;250
12874;4.5;252
12876;5.5;251
12878;4.2;251
12880;3.6;253
12882;4.4;252
12884;5.6;254
12886;4;253
12888;4.8;254
12890;6.7;255
12892;4.2;253
12894;4.7;256
12896;5.9;254
12898;5.2;253
12900;5;256
12902;5.3;254
12904;6.2;256
12906;4.1;256
12908;6;256
12910;7.6;256
12912;5;254
12914;5.1;257
12916;6.7;255
12918;5.2;255
12920;5.1;257
12922;5.6;255
12924;6.6;257
12926;5;256
12928;5.7;256
12930;7.3;257
12932;5;254
12934;5.4;258
12936;6.9;255
12938;5.6;255
12940;5.6;257
12942;6.4;254
12944;6.7;255
12946;4.2;255
12948;4.7;256
12950;8;256
12952;5.5;253
12954;5.2;256
12956;6.6;254
12958;5;252
12960;4.4;255
12962;4.5;253
12964;5.7;255
12966;4.4;255
12968;5.4;256
12970;7.2;257
12972;4.8;254
12974;5.3;257
12976;6.7;256
12978;5.7;254
12980;5.5;257
12982;6.2;254
12984;7.2;255
12986;4.6;254
12988;5;255
12990;6.7;256
12992;4.8;254
12994;5.7;256
12996;6.5;254
12998;5.1;253
13000;4.6;256
13002;5.2;254
13004;6;256
13006;4.3;255
13008;5.1;256
13010;7.4;257
13012;5;253
13014;5.5;257
13016;6.8;255
13018;5.3;254
13020;5;257
13022;5.5;253
13024;6.9;255
13026;5;254
13028;5.3;254
13030;6.5;255
13032;3.6;253
13034;6.1;256
13036;6.8;253
13038;5.3;252
13040;4.6;254
13042;4.8;251
13044;5.7;253
13046;3.5;253
13048;4.2;254
13050;6.1;256
13052;4;254
13054;5.2;257
13056;6.5;256
13058;5.4;256
13060;5.4;259
13062;6.1;256
13064;7;258
13066;5.5;257
13068;6.2;257
13070;7.7;257
13072;4.9;254
13074;5.1;259
13076;7.1;257
13078;5.8;256
13080;5.3;258
13082;5.5;256
13084;6.7;258
13086;5;258
13088;5.5;259
13090;7.5;260
13092;5.3;258
13094;5.5;262
13096;7.7;261
13098;6.7;260
13100;6.3;262
13102;6.8;260
13104;7.8;261
13106;6.1;260
13108;6.7;259
13110;8.3;260
13112;6;257
13114;6;260
13116;6.6;258
13118;6.2;258
13120;6.1;260
13122;6.4;257
13124;7.2;258
13126;5.5;258
13128;5.8;259
13130;7.4;259
13132;5.2;257
13134;5.5;260
13136;6.8;259
13138;6;258
13140;5.8;260
13142;6.5;258
13144;7.2;260
13146;5.6;259
13148;6.1;259
13150;7.8;259
13152;6.2;257
13154;6.4;257
13156;7.3;256
13158;5.9;255
13160;6.2;256
13162;6.1;252
13164;6.3;253
13166;3.8;252
13168;4.2;252
13170;5.8;253
13172;3.2;251
13174;4;254
13176;5.5;252
13178;4.1;252
13180;4.3;254
13182;4.9;251
13184;6;252
13186;3.7;251
13188;4.3;251
13190;6.1;251
13192;4.1;248
13194;4.3;250
13196;5.4;248
13198;3.6;247
13200;2.9;250
13202;4.2;248
13204;5.9;249
13206;3.4;248
13208;3.5;249
13210;5.5;249
13212;2.7;247
13214;3.2;251
13216;4.4;250
13218;4;250
13220;4.2;253
13222;4.6;251
13224;5.3;252
13226;3.6;252
13228;4.4;252
13230;5.9;252
13232;4.7;249
13234;5.7;251
13236;6.2;247
13238;4.2;246
13240;2.7;249
13242;3.4;247
13244;5.2;249
13246;3;249
13248;3.4;250
13250;5.5;251
13252;2.9;249
13254;3.3;253
13256;4.7;252
13258;3.9;252
13260;3.7;256
13262;4.6;254
13264;6;256
13266;4.4;255
13268;5.4;256
13270;7.2;256
13272;4.4;253
13274;5.3;257
13276;7;253
13278;5.4;253
13280;4.6;255
13282;4.7;253
13284;5.9;254
13286;4.4;253
13288;4.9;253
13290;6.3;253
13292;3.8;251
13294;4;255
13296;5.4;254
13298;4.5;254
13300;4.8;257
13302;5.4;255
13304;6.5;256
13306;4.7;255
13308;5.7;256
13310;7.2;256
13312;4.6;254
13314;5.7;258
13316;6.9;255
13318;5.5;254
13320;4.9;256
13322;5.2;255
13324;6.4;256
13326;5.1;256
13328;6;256
13330;7.2;256
13332;4.5;254
13334;5.1;258
13336;6.4;256
13338;5.4;256
13340;5.5;259
13342;5.9;257
13344;6.8;258
13346;5;257
13348;5.6;258
13350;7.8;258
13352;5.2;256
13354;6;259
13356;7.3;257
13358;6.6;255
13360;6.1;257
13362;6;254
13364;5.9;256
13366;4.7;254
13368;6.1;256
13370;7.8;255
13372;4.5;252
13374;5.1;255
13376;5.9;253
13378;4.7;253
13380;4.2;256
13382;5;254
13384;6.2;256
13386;4.9;255
13388;5.5;255
13390;7.2;255
13392;4.6;253
13394;5.5;257
13396;6.5;254
13398;5.5;254
13400;5.6;255
13402;5.6;252
13404;6;254
13406;3.9;253
13408;5.7;254
13410;7;253
13412;4.4;253
13414;4.4;253
13416;5.4;251
13418;4.1;253
13420;3.5;254
13422;4.1;253
13424;5.5;255
13426;4;255
13428;4.9;256
13430;6.8;256
13432;4.6;255
13434;5.4;258
13436;6.5;257
13438;5.6;256
13440;5.5;259
13442;6.3;256
13444;7.3;258
13446;4.9;257
13448;5.3;258
13450;8;258
13452;5.9;255
13454;6;258
13456;7.1;255
13458;5.5;255
13460;5.5;257
13462;5.6;255
13464;6.4;257
13466;4.7;256
13468;5.5;257
13470;7.3;257
13472;5.1;255
13474;5.6;258
13476;7;257
13478;5.6;256
13480;5.6;258
13482;6.1;256
13484;7.4;257
13486;5.4;256
13488;5.4;256
13490;7.2;257
13492;5.1;255
13494;6;257
13496;6.9;254
13498;5.3;254
13500;4.9;256
13502;5.3;254
13504;6.5;256
13506;4.5;256
13508;5.3;257
13510;7.3;257
13512;4.8;255
13514;5.6;259
13516;6.8;257
13518;6;257
13520;5.8;259
13522;6.3;257
13524;7.4;258
13526;5.7;256
13528;6.2;257
13530;7.2;257
13532;5;255
13534;6.5;258
13536;7.3;255
13538;5.6;254
13540;5.2;256
13542;5.3;253
13544;6.2;255
13546;4;253
13548;5;256
13550;6.8;256
13552;4.7;254
13554;5.2;258
13556;6.6;256
13558;5.5;256
13560;5.3;258
13562;5.8;256
13564;7.1;257
13566;5.5;256
13568;6.4;256
13570;7.9;256
13572;4.9;254
13574;5.1;258
13576;6.7;256
13578;5.9;255
13580;5.3;257
13582;5.8;254
13584;6.4;256
13586;4.2;255
13588;5;257
13590;6.8;257
13592;5.2;255
13594;5.1;259
13596;6.3;258
13598;5.7;258
13600;5.6;260
13602;5.9;258
13604;6.9;260
13606;5.2;259
13608;6.1;260
13610;8.4;260
13612;5.8;257
13614;5.7;260
13616;6.7;258
13618;5.7;257
13620;5.6;261
13622;6.3;258
13624;7;259
13626;5.3;259
13628;5.7;260
13630;7.4;261
13632;5.2;259
13634;6.3;262
13636;7.4;260
13638;6.8;261
13640;6.6;263
13642;7;260
13644;7.6;261
13646;6;260
13648;6.5;261
13650;8.1;261
13652;6.2;258
13654;6.5;260
13656;7;259
13658;5.8;258
13660;6;260
13662;6.5;258
13664;7.1;259
13666;5;258
13668;5.3;259
13670;7.5;259
13672;5.1;258
13674;5.8;262
13676;7.2;260
13678;6.3;260
13680;5.9;262
13682;6.5;260
13684;7.6;262
13686;5.9;262
13688;6.5;262
13690;8.4;262
13692;6.4;260
13694;7;263
13696;7.9;258
13698;6.3;260
13700;6.2;262
13702;6.9;259
13704;8.2;260
13706;5.9;259
13708;6.2;260
13710;7.6;260
13712;5.1;259
13714;5.9;262
13716;7.2;260
13718;6.4;260
13720;6.2;263
13722;6.6;261
13724;7.8;262
13726;5.9;261
13728;6.7;262
13730;8.5;261
13732;6.2;259
13734;7.5;260
13736;8;257
13738;6.2;255
13740;5.3;258
13742;6.1;255
13744;7.1;256
13746;4.8;256
13748;5.6;256
13750;6.9;256
13752;4.4;254
13754;5.3;258
13756;6.3;257
13758;5.5;256
13760;5.5;260
13762;6;257
13764;7;259
13766;5.2;256
13768;6.1;259
13770;7.7;258
13772;5.3;257
13774;6.1;260
13776;7.7;257
13778;6;256
13780;5.2;259
13782;5.5;257
13784;6.9;259
13786;5.5;259
13788;5.9;259
13790;7.7;259
13792;5;257
13794;5.5;261
13796;6.7;260
13798;5.9;260
13800;5.9;262
13802;6.4;261
13804;7.7;261
13806;6.1;261
13808;6.6;261
13810;8.4;261
13812;5.7;259
13814;6.4;262
13816;7.7;260
13818;6.8;259
13820;6.2;261
13822;6.3;258
13824;7.3;260
13826;5.7;259
13828;6.5;259
13830;8;258
13832;5.3;256
13834;5.6;260
13836;6.7;258
13838;5.4;258
13840;5.1;260
13842;6;259
13844;7.1;260
13846;5.1;260
13848;6.1;260
13850;7.9;261
13852;5.6;259
13854;6.5;262
13856;7.7;260
13858;6.7;258
13860;5.8;260
13862;6.1;259
13864;6.5;261
13866;6.1;260
13868;6.7;260
13870;8.2;260
13872;5.7;257
13874;6.2;260
13876;7.2;257
13878;5.5;258
13880;5.8;260
13882;6.1;258
13884;7.3;260
13886;5.8;259
13888;6.6;260
13890;8.1;260
13892;5.8;256
13894;6.2;260
13896;7.1;258
13898;6.3;257
13900;6;259
13902;6.2;256
13904;7;257
13906;5.2;256
13908;5.8;257
13910;7.6;257
13912;4.9;255
13914;5.5;258
13916;6.4;256
13918;5.4;256
13920;4.8;259
13922;5.3;257
13924;6.8;259
13926;5.4;259
13928;6.2;259
13930;7.7;259
13932;5.4;257
13934;6;260
13936;7.1;259
13938;6.1;256
13940;6.3;260
13942;6.7;257
13944;7.5;258
13946;5.2;257
13948;5.6;258
13950;8.3;257
13952;5.5;255
13954;5.8;258
13956;6.8;255
13958;5.5;255
13960;4.9;258
13962;5.4;256
13964;6.3;258
13966;4.6;258
13968;5.6;260
13970;7.6;260
13972;5.5;258
13974;5.8;262
13976;7.1;260
13978;6.5;258
13980;6;262
13982;6.6;259
13984;8;261
13986;5.7;260
13988;6.2;261
13990;7.7;261
13992;6.3;259
13994;6.8;261
13996;7.5;259
13998;6.5;258
14000;6;260
14002;6.4;258
14004;7;259
14006;5.1;258
14008;6.1;258
14010;7.8;260
14012;5.5;258
14014;6.1;261
14016;7.3;259
14018;6.2;259
14020;5.7;262
14022;6.5;260
14024;7.8;261
14026;6.2;260
14028;6.4;260
14030;7.9;261
14032;5.4;259
14034;7.1;261
14036;8.1;258
14038;6.4;257
14040;5.6;259
14042;6;257
14044;7;258
14046;4.5;258
14048;5.7;259
14050;7.4;260
14052;5.6;258
14054;6.2;261
14056;7.6;259
14058;6.5;259
14060;6.3;261
14062;6.2;258
14064;7.5;259
14066;5.8;258
14068;6.7;257
14070;7.7;257
14072;5.1;254
14074;5.4;258
14076;7.3;256
14078;6.1;255
14080;5.6;256
14082;5.9;253
14084;6.5;254
14086;4.5;254
14088;4.8;255
14090;6.7;255
14092;4.4;252
14094;4.5;256
14096;6.2;254
14098;4.9;254
14100;4.5;257
14102;5.2;255
14104;6.6;257
14106;4.9;257
14108;5.7;257
14110;7.5;257
14112;4.9;255
14114;5.4;259
14116;6.6;257
14118;6.2;256
14120;5.9;258
14122;6.3;256
14124;6.9;257
14126;4.8;256
14128;5.4;257
14130;6.7;256
14132;4.8;257
14134;5.5;261
14136;7;259
14138;5.9;259
14140;5.8;262
14142;7;259
14144;7.2;261
14146;5.7;260
14148;6.6;261
14150;8.3;261
14152;6.1;259
14154;6.3;262
14156;7.3;260
14158;6.1;259
14160;6.1;262
14162;6.8;259
14164;7.6;261
14166;5.6;260
14168;5.9;261
14170;7.7;262
14172;5.6;260
14174;6;264
14176;7.6;262
14178;6.7;261
14180;6.5;264
14182;7.1;261
14184;7.9;263
14186;6.2;262
14188;6.9;263
14190;8.4;262
14192;6.6;260
14194;7;262
14196;7.9;260
14198;6.1;260
14200;5.9;262
14202;6.9;259
14204;8;260
14206;6;259
14208;6.1;260
14210;7.7;260
14212;5.2;258
14214;6;262
14216;7.2;261
14218;6.3;260
14220;6.1;263
14222;6.6;260
14224;7.9;262
14226;6.1;261
14228;6.5;261
14230;8.1;262
14232;6.1;259
14234;6.9;262
14236;7.8;259
14238;6.6;259
14240;6.3;261
14242;7.2;258
14244;8.2;258
14246;5.8;257
14248;6.1;257
14250;7.5;257
14252;4.9;255
14254;5.5;258
14256;6.7;256
14258;5.5;256
14260;5.5;259
14262;6.3;256
14264;7.1;257
14266;5.4;256
14268;5.7;257
14270;7.6;257
14272;5.1;254
14274;5.6;258
14276;7;255
14278;5.2;255
14280;4.8;258
14282;5.1;257
14284;6.9;259
14286;5.6;258
14288;6.1;258
14290;7.6;258
14292;5.5;256
14294;5.5;260
14296;6.7;258
14298;5.6;258
14300;5.9;260
14302;6.4;258
14304;7.5;260
14306;5.7;259
14308;6.3;260
14310;7.8;260
14312;5.3;258
14314;6.2;261
14316;7.2;259
14318;6.2;258
14320;6.1;259
14322;6.3;258
14324;6.8;259
14326;5.6;258
14328;6.1;258
14330;7.8;257
14332;4.8;255
14334;5.6;258
14336;6.3;257
14338;5.5;256
14340;5.1;259
14342;5.9;257
14344;6.8;258
14346;5.3;258
14348;5.6;259
14350;7.7;259
14352;5;257
14354;6;261
14356;7.1;258
14358;6.2;257
14360;6;259
14362;6.1;256
14364;6.7;259
14366;5.6;257
14368;6.5;257
14370;7.8;257
14372;5.3;255
14374;5.7;258
14376;6.7;255
14378;5.1;255
14380;5;258
14382;5.9;256
14384;6.6;257
14386;5;257
14388;5.6;258
14390;7.7;258
14392;5.2;256
14394;5.7;259
14396;6.6;257
14398;5.9;257
14400;5.3;259
14402;6;257
14404;6.6;259
14406;5.2;258
14408;6.8;258
14410;8.2;258
14412;5.5;254
14414;5.8;257
14416;6.8;255
14418;5.6;254
14420;5.2;255
14422;5.4;254
14424;6.3;256
14426;4.7;254
14428;5.5;255
14430;6.9;255
14432;4.4;253
14434;5.3;257
14436;6.5;254
14438;5;254
14440;5.4;256
14442;5.8;252
14444;6.4;254
14446;4.1;253
14448;4.7;254
14450;7.6;253
14452;4.7;250
14454;4.8;253
14456;5.8;251
14458;4.4;250
14460;3.7;253
14462;4.2;251
14464;5.2;253
14466;3.5;253
14468;4.3;254
14470;6.4;255
14472;4.3;253
14474;4.9;256
14476;6;254
14478;5.1;254
14480;5.2;256
14482;5.6;255
14484;6.7;255
14486;4.9;256
14488;5;257
14490;6.9;258
14492;5.3;256
14494;6.1;259
14496;6.6;256
14498;5.7;256
14500;5.1;259
14502;5.6;257
14504;6.6;259
14506;5;259
14508;5.6;260
14510;7.8;260
14512;5.5;258
14514;6;262
14516;7.2;260
14518;6.1;260
14520;5.9;262
14522;6.5;260
14524;7.8;261
14526;5.9;261
14528;6.6;261
14530;7.9;262
14532;5.7;260
14534;7.4;262
14536;8.1;259
14538;6.5;258
14540;6;260
14542;6.3;257
14544;7.1;259
14546;4.6;258
14548;5.7;259
14550;7.3;261
14552;5.3;259
14554;6.4;263
14556;7.2;261
14558;6.5;261
14560;6.3;263
14562;6.9;261
14564;7.9;261
14566;6.4;261
14568;6.9;261
14570;8;261
14572;5.5;259
14574;6.1;263
14576;8.1;260
14578;6.6;259
14580;5.9;261
14582;6.3;259
14584;7.4;260
14586;5.5;260
14588;6.3;260
14590;7.9;261
14592;5.8;258
14594;6;262
14596;7.7;259
14598;6.8;258
14600;6.3;260
14602;6.4;257
14604;7.5;259
14606;5.5;257
14608;6.4;257
14610;7.5;258
14612;5.5;256
14614;5.8;258
14616;6.5;257
14618;6.4;256
14620;6.1;257
14622;6.2;255
14624;6.8;256
14626;4.5;255
14628;5.2;256
14630;6.7;257
14632;4.5;255
14634;5.3;258
14636;6.3;257
14638;5.7;256
14640;5.3;259
14642;6.2;257
14644;6.8;259
14646;5.2;258
14648;5.9;259
14650;7.7;258
14652;5.4;257
14654;6;260
14656;7;258
14658;5.8;257
14660;6;259
14662;6.2;256
14664;7.2;258
14666;5.2;258
14668;5.6;258
14670;7.2;259
14672;4.8;258
14674;5.8;262
14676;6.9;260
14678;6.2;260
14680;6.1;263
14682;6.7;260
14684;7.9;262
14686;6.1;261
14688;6.7;262
14690;8.4;262
14692;6;260
14694;6.7;262
14696;7.6;261
14698;6.4;260
14700;6.1;263
14702;6.9;260
14704;8.2;261
14706;5.9;260
14708;6.5;260
14710;8;261
14712;5.2;259
14714;5.8;263
14716;7;262
14718;6.2;262
14720;6.7;264
14722;7.1;261
14724;8.1;263
14726;6.2;262
14728;6.9;262
14730;8.3;262
14732;6.3;260
14734;6.8;263
14736;8;260
14738;6.7;260
14740;5.8;262
14742;7.1;260
14744;8.2;260
14746;6.1;259
14748;6.1;259
14750;7.6;260
14752;5.1;258
14754;5.8;262
14756;7;260
14758;6.1;260
14760;6.1;263
14762;6.6;259
14764;7.8;262
14766;6.2;261
14768;6.8;261
14770;9;261
14772;6;258
14774;6.9;260
14776;7.7;257
14778;6.4;257
14780;5.8;259
14782;5.7;257
14784;7.6;258
14786;5.9;256
14788;6.3;256
14790;7.9;255
14792;5.1;255
14794;5;255
14796;6;254
14798;4.5;254
14800;4.6;257
14802;5.7;254
14804;6.4;256
14806;4.7;255
14808;5.4;256
14810;7.4;256
14812;4.3;254
14814;5.4;258
14816;6.4;256
14818;5.3;256
14820;5.3;259
14822;5.3;257
14824;6.6;259
14826;5.6;258
14828;6.2;258
14830;7.4;258
14832;5;256
14834;5.5;259
14836;6.5;258
14838;5.6;258
14840;5.6;261
14842;6.4;259
14844;7.4;260
14846;5.5;260
14848;6.2;261
14850;8;261
14852;5.8;259
14854;6.3;262
14856;7.8;259
14858;6.2;260
14860;6.2;262
14862;6.3;260
14864;7.3;262
14866;6.3;261
14868;6.9;262
14870;8.7;261
14872;6;259
14874;6.3;262
14876;7.5;259
14878;6.3;258
14880;5.7;260
14882;5.9;258
14884;7.3;259
14886;5.5;258
14888;6;258
14890;7.5;257
14892;5.2;255
14894;5.8;258
14896;6.5;255
14898;5.3;255
14900;5.4;257
14902;5.5;254
14904;6.1;256
14906;4.6;255
14908;6;254
14910;7.1;253
14912;4.5;251
14914;4.3;253
14916;5.8;251
14918;4.2;251
14920;3.8;253
14922;4.1;252
14924;5.4;253
14926;3.5;253
14928;4.3;254
14930;6.1;254
14932;3.9;252
14934;4.6;255
14936;5.4;254
14938;4.8;253
14940;4.6;255
14942;5;253
14944;5.9;254
14946;3.7;254
14948;4.9;254
14950;7.2;252
14952;4.8;249
14954;4.9;252
14956;5.9;249
14958;4.7;247
14960;3.9;250
14962;4.2;247
14964;5;249
14966;3;248
14968;3.8;249
14970;5.4;249
14972;3.4;247
14974;4;250
14976;4.9;248
14978;3.7;247
14980;3.6;250
14982;4.2;247
14984;5.2;248
14986;2.5;248
14988;3.3;249
14990;5.6;249
14992;3.7;247
14994;4.5;248
14996;4.9;246
14998;3.5;246
15000;2.9;248
15002;3.1;247
15004;4.2;249
15006;2.4;249
15008;3.2;250
15010;5.5;251
15012;3.2;249
15014;3.6;253
15016;5.1;251
15018;4.2;251
15020;3.9;254
15022;4.5;252
15024;5.8;254
15026;3.4;253
15028;4.4;254
15030;5.5;255
15032;3.8;253
15034;6;255
15036;6.3;252
15038;4.5;251
15040;4.4;254
15042;4.5;251
15044;5.4;253
15046;3;253
15048;4;254
15050;5.8;254
15052;3.7;252
15054;4.3;256
15056;6;255
15058;4.6;254
15060;4.7;257
15062;5.2;255
15064;6.3;256
15066;4.9;256
15068;5.5;256
15070;6.8;257
15072;4.5;255
15074;5.6;259
15076;7.7;255
15078;5.7;254
15080;5.1;256
15082;5.5;253
15084;6.4;255
15086;4;254
15088;5;255
15090;6.7;257
15092;4.6;255
15094;4.9;259
15096;6.6;257
15098;5.7;257
15100;5.3;259
15102;6;258
15104;7.1;259
15106;5.3;258
15108;6.1;259
15110;7.9;259
15112;5.1;257
15114;5.5;260
15116;6.9;259
15118;6.3;258
15120;5.9;260
15122;6.6;258
15124;7.5;258
15126;5.4;258
15128;5.6;258
15130;7.2;259
15132;5.1;257
15134;5.9;261
15136;7.1;259
15138;6.5;258
15140;6.6;260
15142;6.8;257
15144;7.4;257
15146;5.5;257
15148;6.1;258
15150;7.9;257
15152;5.4;255
15154;5.6;258
15156;6.4;257
15158;5.5;257
15160;5.6;259
15162;6.5;256
15164;6.9;257
15166;4.9;257
15168;5.3;258
15170;7.2;258
15172;4.8;260
15174;5.5;261
15176;6.9;259
15178;5.8;259
15180;5.6;262
15182;6.3;260
15184;7.7;262
15186;5.8;261
15188;6.5;262
15190;8.5;262
15192;5.9;259
15194;6.9;263
15196;7.7;260
15198;6.5;261
15200;5.9;263
15202;7.1;260
15204;8.1;261
15206;5.8;260
15208;6.4;261
15210;7.8;261
15212;5.5;259
15214;6.1;263
15216;7.4;262
15218;6.3;261
15220;6.6;264
15222;7;262
15224;7.8;263
15226;6.4;262
15228;6.9;263
15230;8.3;263
15232;6.3;261
15234;7;263
15236;7.7;261
15238;6.4;260
15240;5.7;263
15242;7.1;261
15244;8.2;261
15246;6.2;261
15248;6.5;261
15250;8.2;262
15252;5.6;260
15254;6.2;263
15256;7.4;261
15258;6.6;261
15260;6.6;263
15262;7;261
15264;8.1;262
15266;6.3;261
15268;6.9;260
15270;8.6;261
15272;6;258
15274;6.3;261
15276;7.6;258
15278;5.8;257
15280;5.2;261
15282;6.1;258
15284;7.5;260
15286;6.2;258
15288;6.2;258
15290;8.1;259
15292;5.4;255
15294;5.8;259
15296;6.7;257
15298;5.5;258
15300;5.1;260
15302;6.3;259
15304;7.4;260
15306;5.9;259
15308;6.4;259
15310;8.3;259
15312;5.5;256
15314;6.2;259
15316;7.4;256
15318;6.1;255
15320;5.6;257
15322;5.6;254
15324;6.4;256
15326;5.1;254
15328;5.9;254
15330;6.9;254
15332;4.2;252
15334;4.7;255
15336;5.6;253
15338;4.5;253
15340;4.4;256
15342;5;254
15344;6;256
15346;4.3;255
15348;5.1;256
15350;7.4;257
15352;4.7;255
15354;5.4;259
15356;6.9;256
15358;5.8;256
15360;5.2;259
15362;5.1;256
15364;6.1;260
15366;5.7;259
15368;6.5;259
15370;7.9;259
15372;5.5;257
15374;6;260
15376;7.1;257
15378;5.7;258
15380;5.8;260
15382;6.2;259
15384;7.5;260
15386;5.8;258
15388;6.3;258
15390;7.7;260
15392;5.8;257
15394;6.3;260
15396;7.2;258
15398;6.4;255
15400;5.7;260
15402;6.3;257
15404;6.7;260
15406;5.2;259
15408;6.6;259
15410;8.4;258
15412;5.9;254
15414;5.8;258
15416;6.8;255
15418;5.4;256
15420;4.8;258
15422;5.4;258
15424;6.8;259
15426;5.2;259
15428;6;259
15430;7.9;260
15432;5.3;257
15434;6.1;261
15436;7.3;258
15438;6.7;258
15440;6.3;260
15442;6.5;256
15444;7.2;257
15446;4.6;257
15448;6.1;258
15450;8.4;257
15452;5.7;254
15454;5.8;254
15456;6.8;254
15458;5;253
15460;4.6;256
15462;5.2;254
15464;6;256
15466;4.4;256
15468;5.3;257
15470;7.5;257
15472;5.2;255
15474;5.4;258
15476;6.8;256
15478;5.5;255
15480;5.2;257
15482;5.8;253
15484;6.7;256
15486;4.6;255
15488;5.1;256
15490;7.2;256
15492;5.4;253
15494;5.8;255
15496;6.3;252
15498;5;251
15500;4.5;254
15502;4.9;252
15504;5.8;253
15506;3.5;252
15508;4.5;254
15510;6.1;254
15512;4.2;252
15514;4.7;256
15516;5.9;252
15518;4.9;254
15520;4.6;255
15522;5.6;255
15524;6.6;255
15526;4.5;255
15528;5;255
15530;6.5;256
15532;4.4;255
15534;6.2;257
15536;6.9;255
15538;5.1;254
15540;4.7;255
15542;5.3;254
15544;6.1;256
15546;4;256
15548;4.8;257
15550;7;259
15552;5;256
15554;5.6;261
15556;7;258
15558;6;258
15560;6.1;260
15562;6.6;258
15564;7.2;259
15566;5.7;258
15568;6.4;258
15570;7.3;258
15572;4.9;256
15574;5.5;260
15576;7.4;256
15578;6.1;256
15580;5.5;258
15582;6;256
15584;6.8;257
15586;5.1;256
15588;5.3;257
15590;7.2;258
15592;5.3;256
15594;5.2;258
15596;6.8;257
15598;5.8;257
15600;5.4;260
15602;5.8;257
15604;7.6;259
15606;5.6;257
15608;6.3;258
15610;7.9;257
15612;5.4;255
15614;5.3;258
15616;6.2;256
15618;6.1;256
15620;5.9;257
15622;6.2;254
15624;6.6;255
15626;4.3;253
15628;5;255
15630;6.5;256
15632;4.3;254
15634;5.2;258
15636;6.6;255
15638;5.6;255
15640;5.3;257
15642;6;255
15644;6.4;256
15646;4.8;256
15648;5.5;255
15650;7.6;255
15652;5;253
15654;5.1;255
15656;5.4;254
15658;4.9;253
15660;4.9;256
15662;5.4;253
15664;6.2;254
15666;4.3;253
15668;4.5;253
15670;6.3;254
15672;3.8;252
15674;4.5;256
15676;6.2;255
15678;5;255
15680;5.3;257
15682;5.6;254
15684;6.6;256
15686;4.6;255
15688;5.4;255
15690;7.1;256
15692;5.1;252
15694;5.6;256
15696;6.1;252
15698;4.4;253
15700;4.3;256
15702;5.2;254
15704;6.4;255
15706;4.5;255
15708;4.9;255
15710;6.9;256
15712;4.4;255
15714;4.7;259
15716;5.9;257
15718;5.4;258
15720;5.1;261
15722;6;260
15724;7.1;261
15726;5.8;261
15728;6.2;261
15730;8.4;261
15732;6.7;258
15734;7.3;260
15736;8;255
15738;5.9;256
15740;4.9;259
15742;6.3;256
15744;7.5;257
15746;5.1;256
15748;5.4;257
15750;7.1;257
15752;4.7;256
15754;5.3;259
15756;6.3;258
15758;5.4;258
15760;5.4;261
15762;6;259
15764;7.2;260
15766;5.5;260
15768;6.3;261
15770;8.3;261
15772;5.6;258
15774;6.6;261
15776;7.7;258
15778;6.5;257
15780;5.2;260
15782;5.7;258
15784;7.1;260
15786;5.8;259
15788;6.4;259
15790;7.8;259
15792;5.3;257
15794;6;260
15796;6.8;259
15798;5.6;259
15800;6.1;260
15802;6.5;259
15804;7.6;260
15806;5.9;259
15808;6.3;260
15810;7.9;259
15812;5.4;257
15814;6.1;260
15816;7.6;258
15818;6.6;257
15820;5.8;258
15822;5.9;257
15824;6.4;258
15826;5.5;257
15828;6.2;257
15830;7.9;257
15832;5.1;255
15834;5.6;258
15836;6.5;256
15838;5.5;256
15840;5.2;258
15842;5.6;257
15844;6.9;258
15846;5.1;257
15848;5.7;258
15850;7.5;258
15852;5.2;256
15854;6.3;259
15856;7.6;256
15858;7.2;254
15860;6.4;255
15862;5.4;252
15864;5.4;254
15866;3.8;254
15868;5.1;254
15870;6.7;254
15872;4.5;255
15874;4.6;255
15876;5.5;253
15878;4.1;253
15880;4;256
15882;5;254
15884;6.2;256
15886;4.7;255
15888;5.4;256
15890;7.2;257
15892;4.9;254
15894;5.5;258
15896;6;256
15898;5.8;256
15900;5.7;258
15902;5.7;256
15904;6.8;258
15906;4.6;258
15908;6.2;258
15910;7.9;258
15912;5.3;255
15914;5.7;259
15916;6.8;257
15918;5.8;257
15920;5.5;259
15922;5.9;257
15924;7;259
15926;5.4;258
15928;6.3;259
15930;7.7;258
15932;5.7;256
15934;5.9;259
15936;7.1;257
15938;5.7;257
15940;5.9;259
15942;6.5;256
15944;6.9;257
15946;4.6;257
15948;4.9;259
15950;8.2;259
15952;5.7;256
15954;6.2;259
15956;6.9;256
15958;5.5;256
15960;5.2;259
15962;5.7;257
15964;6.7;259
15966;5.1;258
15968;5.6;259
15970;7.6;259
15972;5.8;257
15974;6.1;260
15976;7.5;257
15978;6.4;257
15980;5.9;258
15982;6.1;256
15984;7.3;256
15986;5;255
15988;5.4;256
15990;6.8;257
15992;5.2;254
15994;6.1;257
15996;6.7;255
15998;5.1;254
16000;4.9;256
16002;5.6;254
16004;6.2;256
16006;4.4;256
16008;4.9;257
16010;7.1;257
16012;4.9;255
16014;5.7;259
16016;7;256
16018;5.8;256
16020;5.6;258
16022;6.4;256
16024;7.4;256
16026;5.3;254
16028;5.5;255
16030;6.4;255
16032;3.6;253
16034;5.9;256
16036;6.8;253
16038;5.2;252
16040;4.6;254
16042;4.8;252
16044;5.8;253
16046;3.3;253
16048;4.5;255
16050;6.3;256
16052;4.2;255
16054;5.2;258
16056;6.5;256
16058;5.6;256
16060;5.6;259
16062;5.9;256
16064;7.1;258
16066;5.2;257
16068;6.1;258
16070;7.6;258
16072;4.9;256
16074;5.1;259
16076;7;257
16078;6;257
16080;5.3;259
16082;5.6;257
16084;6.6;259
16086;4.8;259
16088;5.4;260
16090;7.7;261
16092;5.7;259
16094;5.7;264
16096;7.4;262
16098;6.7;261
16100;6.6;264
16102;7.2;260
16104;8.2;262
16106;6.4;261
16108;7;261
16110;8.7;260
16112;6.2;257
16114;6.1;261
16116;6.8;259
16118;6.3;259
16120;5.9;261
16122;6.6;258
16124;7.3;260
16126;5.2;259
16128;5.7;260
16130;7.5;261
16132;5.1;260
16134;6.3;264
16136;7.6;262
16138;6.7;261
16140;6.4;264
16142;7.2;261
16144;7.8;263
16146;6.2;262
16148;6.9;262
16150;8.7;262
16152;6.5;259
16154;7;261
16156;7.5;259
16158;6.5;259
16160;6.7;260
16162;6.5;257
16164;7.4;258
16166;5.5;258
16168;5.8;258
16170;7.3;259
16172;4.9;256
16174;5.9;261
16176;7.2;258
16178;6.2;259
16180;6;261
16182;6.6;259
16184;7.5;260
16186;5.5;259
16188;5.9;259
16190;8.1;259
16192;6.3;257
16194;6.9;259
16196;6.7;257
16198;5.9;257
16200;5.2;260
16202;6.6;257
16204;7.8;258
16206;5.8;257
16208;6;257
16210;7.3;257
16212;4.8;255
16214;5.6;259
16216;6.6;257
16218;6;257
16220;5.9;259
16222;6.1;258
16224;7.5;257
16226;5.4;258
16228;6.3;258
16230;7.6;258
16232;6.4;255
16234;7;256
16236;7.5;253
16238;5.3;252
16240;3.6;255
16242;4.8;253
16244;6.1;255
16246;4;255
16248;5;256
16250;6.8;256
16252;4;255
16254;4.9;259
16256;6.2;258
16258;5.4;258
16260;5.3;262
16262;6.4;260
16264;7.2;262
16266;6;262
16268;6.5;262
16270;8.5;262
16272;6.1;260
16274;7;263
16276;8.3;260
16278;6.8;259
16280;6.2;261
16282;6.1;258
16284;7.4;260
16286;6.1;258
16288;6.3;259
16290;7.8;258
16292;5.5;254
16294;5.4;260
16296;6.6;257
16298;5.6;258
16300;5.5;261
16302;6.4;258
16304;7.6;260
16306;5.5;259
16308;6.1;259
16310;8.1;259
16312;5.1;257
16314;6.1;260
16316;7.4;258
16318;6.4;257
16320;5.4;259
16322;5.9;258
16324;6.8;259
16326;5.7;258
16328;6.7;258
16330;7.8;257
16332;5.2;255
16334;5.6;258
16336;6.6;256
16338;5.5;256
16340;5.6;258
16342;5.8;256
16344;7;257
16346;4.9;255
16348;5.9;257
16350;7.5;257
16352;5.2;255
16354;5.8;258
16356;7;255
16358;6;253
16360;5.3;256
16362;5.5;254
16364;6;256
16366;4.8;255
16368;5.9;255
16370;7.4;255
16372;4.4;253
16374;5;256
16376;6.2;253
16378;4.7;254
16380;4.6;257
16382;5.2;255
16384;6.6;257
16386;5.3;256
16388;5.8;256
16390;7.2;256
16392;5.1;254
16394;5.7;258
16396;6.4;256
16398;5.9;255
16400;6.1;254
16402;5.8;254
16404;6.6;256
16406;4.2;255
16408;6;256
16410;7.4;255
16412;4.8;255
16414;5;255
16416;6;253
16418;4.5;255
16420;4.3;256
16422;5.1;255
16424;6.2;257
16426;4.8;257
16428;5.3;258
16430;7.5;258
16432;5.2;257
16434;5.7;260
16436;6.7;259
16438;5.9;259
16440;5.8;261
16442;6.7;259
16444;7.4;260
16446;5.4;260
16448;5.9;261
16450;8.6;261
16452;6.3;259
16454;6.7;261
16456;7.4;259
16458;6.2;258
16460;5.8;260
16462;6.3;258
16464;6.9;260
16466;5.3;259
16468;6.1;260
16470;8;261
16472;5.8;258
16474;6.1;262
16476;7.4;259
16478;6.5;259
16480;5.8;261
16482;6.7;259
16484;7.8;260
16486;5.5;259
16488;5.9;258
16490;7.4;260
16492;5.9;257
16494;6.4;260
16496;7.3;257
16498;6.1;257
16500;5.2;259
16502;5.5;257
16504;7.1;258
16506;4.9;258
16508;5.7;259
16510;7.4;259
16512;5.3;257
16514;6;260
16516;7.2;259
16518;6.1;258
16520;6.1;261
16522;6.6;258
16524;7.7;259
16526;5.8;258
16528;6.3;257
16530;7.4;258
16532;4.8;257
16534;6.8;259
16536;7.7;256
16538;6.3;255
16540;5.6;257
16542;5.8;254
16544;6.4;256
16546;4.2;255
16548;5.1;257
16550;6.7;257
16552;4.8;255
16554;5.5;258
16556;6.7;257
16558;5.8;257
16560;5.4;259
16562;6.1;257
16564;7.3;258
16566;5.4;257
16568;6.3;257
16570;7.9;257
16572;5.2;253
16574;5.3;258
16576;7;256
16578;6.2;256
16580;5.7;257
16582;5.9;255
16584;6.8;256
16586;4.8;255
16588;5.2;257
16590;6.9;258
16592;5.2;256
16594;5.2;260
16596;6.7;258
16598;5.6;259
16600;5.8;261
16602;6.4;259
16604;7.6;261
16606;5.9;260
16608;6.6;260
16610;8.6;261
16612;5.9;258
16614;6;261
16616;6.7;260
16618;6;259
16620;5.9;261
16622;6.7;260
16624;7.5;261
16626;5.5;261
16628;6.2;262
16630;7.8;262
16632;6;261
16634;6.5;265
16636;7.7;262
16638;6.9;262
16640;6.9;264
16642;7.3;262
16644;7.9;263
16646;6.3;262
16648;6.9;262
16650;8.8;262
16652;6.7;259
16654;7;262
16656;7.3;258
16658;6.3;259
16660;6.3;261
16662;6.8;259
16664;7.4;260
16666;5.4;259
16668;5.8;261
16670;7.9;261
16672;5;260
16674;5.9;263
16676;7.4;261
16678;6.6;261
16680;6.4;263
16682;7;261
16684;8;262
16686;6.5;261
16688;6.7;261
16690;8.5;261
16692;6.4;258
16694;7.1;261
16696;7.7;258
16698;6.1;258
16700;6;260
16702;6.5;257
16704;7.7;258
16706;5.6;256
16708;5.8;257
16710;7.4;257
16712;4.9;255
16714;5.1;258
16716;6.7;256
16718;5.9;255
16720;5.5;257
16722;6.2;254
16724;6.5;254
16726;4.3;253
16728;4.9;252
16730;6.9;253
16732;4.4;250
16734;5.9;251
16736;6;248
16738;4.1;246
16740;3;250
16742;4.1;247
16744;5.3;248
16746;3;246
16748;3.4;248
16750;5;249
16752;2.5;250
16754;3;251
16756;4.6;250
16758;3.6;250
16760;3.6;252
16762;4.5;249
16764;5.4;252
16766;3.4;251
16768;4.2;252
16770;5.9;252
16772;3.6;251
16774;4.3;253
16776;5.8;251
16778;4.2;250
16780;3.4;253
16782;4.1;251
16784;5.2;253
16786;4;252
16788;4.4;253
16790;6;253
16792;3.2;252
16794;4.1;254
16796;4.9;254
16798;4.3;254
16800;4.3;257
16802;5.3;255
16804;6.6;257
16806;4.9;256
16808;5.4;256
16810;7.2;255
16812;4.5;254
16814;5.2;256
16816;6.8;255
16818;5.5;254
16820;5;256
16822;5.2;254
16824;6;255
16826;4.3;254
16828;5.5;254
16830;6.9;254
16832;4;252
16834;4.4;255
16836;5.7;253
16838;4.4;254
16840;4.3;255
16842;4.9;254
16844;6.1;256
16846;4.2;255
16848;4.8;256
16850;7.2;257
16852;4.6;255
16854;5.6;258
16856;6.9;256
16858;5.9;255
16860;5.2;257
16862;5.4;255
16864;6.1;257
16866;5.3;256
16868;6.1;256
16870;7.5;256
16872;5.1;253
16874;5.2;256
16876;5.8;254
16878;4.7;253
16880;4.4;256
16882;5.2;254
16884;6.2;256
16886;4.7;255
16888;5.4;256
16890;6.8;256
16892;4.7;254
16894;5.2;257
16896;6.5;255
16898;5.5;255
16900;5.3;256
16902;5.7;253
16904;6.5;255
16906;4.7;254
16908;5.1;254
16910;6.6;253
16912;4;253
16914;4.6;256
16916;5.7;255
16918;4.8;255
16920;4.6;259
16922;4.9;257
16924;6.4;259
16926;5.1;259
16928;5.8;260
16930;7.8;260
16932;5.6;258
16934;6.3;262
16936;7.4;260
16938;6.3;260
16940;6.9;262
16942;7;258
16944;7.9;259
16946;5.3;258
16948;5.8;259
16950;8.4;258
16952;5.8;255
16954;5.9;257
16956;6.7;255
16958;5.4;255
16960;5.1;257
16962;5.3;255
16964;6.2;258
16966;4.6;258
16968;5.6;259
16970;7.3;260
16972;5.2;257
16974;5.7;261
16976;7.1;259
16978;6.2;258
16980;5.7;261
16982;6.6;258
16984;7.6;259
16986;5.5;259
16988;5.7;259
16990;7.6;260
16992;6;257
16994;6.5;260
16996;7.2;257
16998;6.2;257
17000;6.1;259
17002;6.1;256
17004;6.7;258
17006;5;257
17008;5.7;258
17010;7.4;259
17012;4.8;257
17014;5.7;260
17016;6.9;258
17018;5.7;257
17020;5.7;261
17022;6.4;259
17024;7.5;260
17026;5.8;258
17028;6.2;259
17030;7.8;260
17032;5.1;258
17034;6.7;259
17036;7.6;257
17038;6.3;254
17040;5.8;258
17042;5.7;256
17044;6.6;258
17046;4.5;257
17048;5.1;259
17050;7.5;260
17052;5.1;257
17054;6;261
17056;7;258
17058;6.3;258
17060;6.2;260
17062;6.4;257
17064;7.5;258
17066;5.7;257
17068;6.3;256
17070;7.1;257
17072;4.6;255
17074;5.2;259
17076;7.2;256
17078;6.1;255
17080;5.4;257
17082;5.6;255
17084;6.4;255
17086;4.7;255
17088;5.3;256
17090;7;257
17092;5;255
17094;4.9;259
17096;6.8;256
17098;5.6;256
17100;5.3;259
17102;5.9;256
17104;7.1;258
17106;5.5;256
17108;6.2;255
17110;7.8;256
17112;5.2;253
17114;5.1;256
17116;6.1;254
17118;5.3;254
17120;5.4;256
17122;5.6;253
17124;6.1;254
17126;3.9;254
17128;4.7;255
17130;6.2;256
17132;4.2;257
17134;5.2;258
17136;6.3;257
17138;5.4;257
17140;5.1;258
17142;6.2;257
17144;6.9;259
17146;5.2;259
17148;6.1;260
17150;7.8;260
17152;5.7;258
17154;6.1;261
17156;7;259
17158;5.9;259
17160;5.8;261
17162;6.7;259
17164;7.3;260
17166;5.6;259
17168;5.9;260
17170;7.7;260
17172;5.3;259
17174;6.2;263
17176;7.3;260
17178;6.6;260
17180;6.5;263
17182;6.8;260
17184;7.8;262
17186;6;261
17188;6.5;260
17190;8.2;262
17192;6.2;259
17194;6.9;261
17196;7.6;259
17198;5.8;259
17200;5.9;262
17202;6.9;259
17204;8;260
17206;5.8;258
17208;6;258
17210;7.7;260
17212;4.9;258
17214;5.9;262
17216;7;260
17218;6.5;260
17220;6.1;263
17222;6.8;261
17224;7.8;262
17226;6;262
17228;6.6;262
17230;8.3;263
17232;6.4;260
17234;7.2;263
17236;8;261
17238;6.5;260
17240;6.3;263
17242;7.5;259
17244;8.5;259
17246;5.9;258
17248;6;258
17250;7.5;259
17252;5.1;257
17254;5.9;261
17256;6.8;259
17258;5.7;258
17260;5.8;261
17262;6.7;259
17264;7.5;259
17266;5.5;259
17268;6.3;260
17270;8.2;260
17272;5.5;257
17274;6.2;260
17276;7.5;258
17278;6.1;257
17280;5.4;260
17282;5.5;258
17284;7.1;260
17286;5.8;258
17288;6.5;259
17290;7.9;259
17292;5.2;256
17294;5.7;260
17296;6.7;258
17298;5.7;259
17300;6;261
17302;6.5;259
17304;7.5;260
17306;5.6;259
17308;6.3;259
17310;7.8;260
17312;5.3;258
17314;6.3;262
17316;7.6;260
17318;6;260
17320;6;262
17322;6.9;260
17324;7.2;261
17326;6;260
17328;6.7;260
17330;8.3;261
17332;5.5;258
17334;6.2;262
17336;6.8;260
17338;5.9;260
17340;5.8;263
17342;6.5;261
17344;7.7;263
17346;5.9;262
17348;6.6;262
17350;8.4;263
17352;5.9;261
17354;7;264
17356;8.3;261
17358;6.9;260
17360;6.9;262
17362;7.1;259
17364;7.4;261
17366;6.2;260
17368;6.8;260
17370;8.3;259
17372;5.9;257
17374;6.3;260
17376;7.2;257
17378;5.7;257
17380;5.5;259
17382;6;258
17384;6.9;259
17386;5.3;259
17388;6.1;260
17390;8.2;259
17392;5.7;257
17394;6;260
17396;6.8;258
17398;6.1;258
17400;5.6;260
17402;6.2;259
17404;6.8;260
17406;5.6;260
17408;7.1;259
17410;8.5;259
17412;6.1;255
17414;6.2;258
17416;7;254
17418;5.6;254
17420;5.2;257
17422;5.6;255
17424;6.8;256
17426;4.9;255
17428;5.8;255
17430;7.2;256
17432;4.5;254
17434;5.2;256
17436;6.4;255
17438;5.2;255
17440;5.3;257
17442;5.6;255
17444;6.6;254
17446;4.3;256
17448;5.5;257
17450;7.9;256
17452;5.1;253
17454;5.3;256
17456;6.5;254
17458;4.8;253
17460;4.3;256
17462;5.1;254
17464;6.1;256
17466;4.4;256
17468;5.4;256
17470;7.4;256
17472;4.7;253
17474;5.1;257
17476;6.2;254
17478;4.9;254
17480;4.9;256
17482;5.3;253
17484;6;254
17486;4.2;253
17488;4.3;254
17490;6;254
17492;4.6;252
17494;5;254
17496;5.8;252
17498;4.2;251
17500;3.7;254
17502;4.3;252
17504;5.2;254
17506;3.4;254
17508;4.3;255
17510;6.3;255
17512;4;253
17514;4.5;256
17516;5.9;254
17518;5;254
17520;4.6;256
17522;5.4;254
17524;6.6;255
17526;4.4;254
17528;5.1;254
17530;6.5;254
17532;4.2;251
17534;5.7;253
17536;6.5;249
17538;4.9;248
17540;4;249
17542;4.2;247
17544;5;248
17546;2.4;248
17548;3;249
17550;5.2;250
17552;3;248
17554;3.5;252
17556;4.5;250
17558;3.8;250
17560;3.6;253
17562;4.2;251
17564;5.4;253
17566;4;252
17568;4.4;253
17570;6;253
17572;3.2;251
17574;3.8;255
17576;6.1;252
17578;5.1;251
17580;3.9;253
17582;4.2;252
17584;5.4;253
17586;3.6;253
17588;4.3;254
17590;6.1;254
17592;4.1;252
17594;4.1;256
17596;5.9;253
17598;5.2;252
17600;4.9;254
17602;4.9;251
17604;6.1;252
17606;4;251
17608;4.9;252
17610;6;251
17612;3.9;249
17614;3.9;252
17616;4.9;251
17618;4.6;250
17620;4.2;252
17622;4.7;250
17624;5.6;251
17626;3.2;250
17628;3.8;251
17630;5.6;252
17632;3.5;250
17634;4;254
17636;5;252
17638;4.2;252
17640;4.1;255
17642;5.1;253
17644;5.6;255
17646;4.1;255
17648;5;255
17650;7;256
17652;4.8;254
17654;5.4;257
17656;6.5;255
17658;5.2;254
17660;5.6;256
17662;5.7;253
17664;6.3;254
17666;3.7;254
17668;4.7;255
17670;5.9;256
17672;3.7;257
17674;5.1;258
17676;6.3;256
17678;5.4;257
17680;5.4;259
17682;5.9;257
17684;6.9;259
17686;5.1;258
17688;6.1;259
17690;7.9;259
17692;5.3;257
17694;5.8;260
17696;6.7;257
17698;5.6;258
17700;5.4;260
17702;6.5;258
17704;7.7;259
17706;5.6;258
17708;5.7;258
17710;7.5;259
17712;4.8;257
17714;5.5;261
17716;6.7;259
17718;6;259
17720;6.3;262
17722;6.4;259
17724;7.6;261
17726;5.9;260
17728;6.4;260
17730;8.1;259
17732;5.8;258
17734;6.4;261
17736;7.6;259
17738;6.4;258
17740;5.6;261
17742;6.8;258
17744;7.8;259
17746;5.5;258
17748;5.5;259
17750;7.6;259
17752;5;256
17754;5.9;260
17756;6.7;259
17758;5.6;259
17760;5.5;262
17762;6.7;260
17764;7.5;261
17766;5.7;260
17768;6.3;260
17770;8.3;260
17772;5.5;258
17774;6.3;261
17776;7.3;258
17778;6.4;258
17780;6.3;260
17782;6.1;257
17784;7.5;258
17786;5.8;256
17788;6;256
17790;7.4;256
17792;4.6;254
17794;5.2;258
17796;6.3;257
17798;5.3;257
17800;5.3;259
17802;6.1;258
17804;7;259
17806;5.2;258
17808;5.7;259
17810;7.7;259
17812;5.2;257
17814;6;260
17816;7;258
17818;6.1;258
17820;5.6;260
17822;5.8;258
17824;7;260
17826;5.6;259
17828;6.6;258
17830;7.8;259
17832;5.2;256
17834;5.9;260
17836;6.6;258
17838;5.7;259
17840;5.8;261
17842;6.3;259
17844;7.2;261
17846;5.6;260
17848;6.3;261
17850;8;262
17852;5.7;260
17854;6.2;263
17856;7.9;261
17858;6.5;261
17860;6.2;263
17862;6.5;261
17864;7.1;263
17866;6.2;261
17868;7.1;263
17870;8.8;262
17872;6.3;260
17874;6.7;263
17876;7.4;261
17878;6.3;260
17880;5.9;263
17882;6.6;262
17884;7.9;263
17886;6.3;262
17888;6.9;262
17890;8.3;262
17892;6.1;260
17894;6.6;263
17896;7.8;260
17898;6.5;260
17900;6.6;262
17902;6.7;259
17904;7.4;261
17906;5.9;260
17908;7.4;260
17910;8.3;259
17912;6;257
17914;6.3;259
17916;7.2;257
17918;5.9;257
17920;5.1;259
17922;5.8;258
17924;6.7;260
17926;5.5;259
17928;6.1;260
17930;7.9;260
17932;5.6;258
17934;6;262
17936;7.3;260
17938;6.4;260
17940;6;262
17942;6.5;260
17944;7.4;261
17946;5.5;260
17948;6.8;261
17950;6.5;260
17952;6.1;255
17954;6.5;258
17956;7.5;256
17958;6;255
17960;5.3;257
17962;5.2;254
17964;6.2;257
17966;4.6;257
17968;5.6;258
17970;7.5;258
17972;5.4;256
17974;5.6;260
17976;6.9;257
17978;5.7;257
17980;5.3;259
17982;6.1;257
17984;6.9;259
17986;5.1;258
17988;5.6;260
17990;7.6;260
17992;5.9;257
17994;6.5;259
17996;7.5;257
17998;6;256
18000;5.5;259
18002;5.8;256
18004;7;258
18006;5;258
18008;5.2;258
18010;7.3;259
18012;5.3;257
18014;6;261
18016;6.9;259
18018;6;259
18020;6.1;261
18022;6.3;257
18024;7.6;260
18026;5.4;260
18028;6.1;260
18030;7.4;262
18032;5.5;260
18034;7.4;262
18036;7.8;259
18038;6.3;258
18040;6.1;261
18042;6.2;259
18044;7;260
18046;4.8;260
18048;5.9;261
18050;7.7;262
18052;5.7;260
18054;6.4;263
18056;7.4;261
18058;6.6;261
18060;6.2;263
18062;6.7;261
18064;8;263
18066;6.1;262
18068;6.7;262
18070;8.2;263
18072;5.7;261
18074;6.7;264
18076;8.7;261
18078;7.4;260
18080;6.6;261
18082;6.6;259
18084;7.3;259
18086;5.5;259
18088;6;260
18090;7.8;260
18092;5.9;258
18094;5.9;262
18096;7.1;260
18098;6.1;260
18100;6.1;262
18102;6.7;259
18104;7.8;261
18106;5.9;260
18108;6.5;260
18110;8.2;261
18112;5.8;258
18114;6.2;262
18116;7.2;260
18118;6.8;259
18120;6.5;260
18122;6.5;258
18124;7.3;259
18126;5.2;258
18128;5.7;259
18130;7.3;260
18132;5.4;258
18134;6;261
18136;7.1;259
18138;6.6;259
18140;6.4;261
18142;6.9;257
18144;7.4;259
18146;5.6;258
18148;6.3;259
18150;8.3;258
18152;5.6;255
18154;6.1;258
18156;6.6;256
18158;5.7;256
18160;6.1;258
18162;6.3;255
18164;7.1;256
18166;4.9;255
18168;5.4;256
18170;6.9;257
18172;4.5;255
18174;5.3;259
18176;6.7;257
18178;5.8;257
18180;5;260
18182;5.7;258
18184;7.1;260
18186;5.6;259
18188;6.2;259
18190;7.9;260
18192;5.7;257
18194;6.3;261
18196;7.1;257
18198;5.7;259
18200;5.9;261
18202;6.8;258
18204;7.7;260
18206;5.6;258
18208;6.2;259
18210;7.4;260
18212;5.3;258
18214;5.9;262
18216;7.3;259
18218;6.2;260
18220;6.1;262
18222;6.6;260
18224;7.8;261
18226;5.9;260
18228;6.6;261
18230;8.2;261
18232;6.1;258
18234;6.7;261
18236;7.3;258
18238;6;258
18240;5.2;262
18242;6.8;259
18244;7.8;260
18246;5.8;260
18248;6.2;260
18250;7.6;261
18252;5.5;259
18254;6.2;262
18256;7.2;261
18258;6.3;261
18260;6.6;263
18262;7.1;260
18264;8.1;261
18266;6.1;260
18268;7.1;260
18270;8.5;259
18272;5.7;257
18274;6.5;260
18276;7.4;257
18278;6;257
18280;5.3;260
18282;5.8;257
18284;7.6;260
18286;5.9;258
18288;6;259
18290;7.8;258
18292;5.4;256
18294;5.5;259
18296;6.3;258
18298;5.5;258
18300;5.3;261
18302;6;259
18304;7.4;260
18306;5.7;260
18308;6.5;260
18310;8.1;260
18312;5.8;257
18314;6.3;257
18316;7.8;257
18318;6.7;256
18320;5.7;257
18322;5.5;254
18324;6.5;256
18326;5;254
18328;5.6;253
18330;7.3;252
18332;4.2;250
18334;4.5;253
18336;5.4;251
18338;4.3;250
18340;3.9;252
18342;4.5;251
18344;5.7;252
18346;3.2;252
18348;4.1;253
18350;5.8;253
18352;3.8;252
18354;4.5;255
18356;5.9;252
18358;4.9;250
18360;3.9;253
18362;4;252
18364;4.5;254
18366;4.3;254
18368;4.8;253
18370;6.3;253
18372;3.8;251
18374;4.4;254
18376;5.6;252
18378;3.9;252
18380;3.9;255
18382;4.5;254
18384;6.2;255
18386;4.4;254
18388;4.8;255
18390;6.6;254
18392;4;252
18394;4.8;255
18396;6;253
18398;4.9;252
18400;4.3;254
18402;4.8;251
18404;5.3;253
18406;3.8;253
18408;5.4;252
18410;7;252
18412;3.9;249
18414;4.4;251
18416;5;249
18418;3.8;249
18420;2.9;252
18422;3.6;251
18424;5.1;253
18426;3.6;253
18428;4.2;253
18430;6.5;253
18432;3.6;251
18434;4.5;254
18436;5.3;252
18438;4.8;251
18440;4.8;253
18442;4.7;249
18444;5.6;251
18446;2.9;251
18448;4.3;251
18450;7;250
18452;3.7;248
18454;4.4;251
18456;5.3;248
18458;3.9;248
18460;3.2;250
18462;3.7;248
18464;4.5;251
18466;2.9;250
18468;3.7;251
18470;5.8;251
18472;3.7;249
18474;4;252
18476;5.1;250
18478;4.1;249
18480;3.3;251
18482;4.4;249
18484;5.3;250
18486;3.1;250
18488;3.2;251
18490;5.6;252
18492;4.3;248
18494;4.6;252
18496;6;249
18498;4.3;248
18500;3.8;250
18502;3.9;248
18504;5;249
18506;2.8;249
18508;3.8;250
18510;5.7;250
18512;3.3;248
18514;3.7;251
18516;5.1;250
18518;3.9;249
18520;3.7;251
18522;4.3;250
18524;5.7;251
18526;3.5;250
18528;3.6;251
18530;5.4;252
18532;3.1;250
18534;4.6;253
18536;6;250
18538;4.3;251
18540;3.2;252
18542;3.6;253
18544;4.9;253
18546;4.6;254
18548;4.3;256
18550;6.4;257
18552;4.2;256
18554;5.5;260
18556;6.9;258
18558;6;257
18560;5.6;260
18562;6.2;257
18564;7.2;258
18566;5.5;257
18568;6.2;258
18570;7.2;258
18572;4.7;256
18574;5.5;260
18576;7.2;257
18578;6.1;257
18580;5.7;259
18582;5.9;257
18584;7.2;258
18586;4.9;257
18588;5.2;258
18590;7;259
18592;4.9;257
18594;5.3;261
18596;6.9;259
18598;5.8;259
18600;5.7;262
18602;6.3;260
18604;7.7;262
18606;6.2;261
18608;6.8;261
18610;8.5;261
18612;5.9;258
18614;5.9;262
18616;7.2;260
18618;6.8;259
18620;6.6;260
18622;6.7;257
18624;7.8;259
18626;5.2;258
18628;5.6;258
18630;7;259
18632;5;257
18634;5.8;261
18636;7.2;259
18638;6;258
18640;5.8;261
18642;6.6;258
18644;7.1;260
18646;5.4;259
18648;6.1;259
18650;8.2;259
18652;5.7;257
18654;6.2;260
18656;7;257
18658;5.9;257
18660;6.2;259
18662;6.4;256
18664;7.1;257
18666;5.2;256
18668;5.4;256
18670;6.9;257
18672;4.7;255
18674;5.4;259
18676;6.8;256
18678;6;256
18680;5.6;258
18682;6.2;256
18684;7;257
18686;5;256
18688;5.7;257
18690;7.3;257
18692;5.3;254
18694;6;256
18696;6.2;254
18698;4.6;254
18700;4.3;257
18702;5.4;255
18704;6.9;256
18706;4.8;255
18708;4.9;256
18710;7;257
18712;4.5;256
18714;5;260
18716;6.3;259
18718;5.5;259
18720;5.4;262
18722;6.2;260
18724;7.5;262
18726;6;262
18728;6.5;262
18730;8.6;262
18732;6.8;259
18734;7.5;261
18736;8;257
18738;6.2;257
18740;5;260
18742;6.3;257
18744;7.5;258
18746;5.4;257
18748;5.8;257
18750;7.3;258
18752;4.5;256
18754;5.5;259
18756;6.6;257
18758;5.4;257
18760;5.5;260
18762;6.1;258
18764;7.2;259
18766;5.2;258
18768;6.1;259
18770;8.1;259
18772;5.3;257
18774;6;260
18776;7.7;257
18778;6;256
18780;5;258
18782;5.2;257
18784;6.7;259
18786;5.6;257
18788;5.9;258
18790;7.5;258
18792;5;256
18794;5.4;259
18796;6.7;258
18798;5.7;258
18800;5.8;260
18802;6.4;258
18804;7.4;259
18806;5.5;259
18808;6.4;259
18810;7.7;259
18812;5.4;257
18814;5.9;260
18816;7.5;257
18818;6.1;257
18820;5.8;259
18822;5.9;257
18824;6.7;259
18826;5.6;257
18828;6.3;257
18830;7.9;258
18832;4.9;255
18834;5.7;259
18836;6.7;257
18838;5.6;257
18840;5.4;260
18842;6.1;258
18844;7.3;259
18846;5.6;259
18848;6;259
18850;7.7;259
18852;5.4;257
18854;6.2;260
18856;7.8;257
18858;7.1;255
18860;6.4;256
18862;5.6;253
18864;5.5;254
18866;4;255
18868;5.5;254
18870;6.7;254
18872;4.4;252
18874;4.9;255
18876;5.5;253
18878;4.3;253
18880;3.8;256
18882;4.9;254
18884;6.2;256
18886;4.5;255
18888;5.2;256
18890;6.9;256
18892;4.5;254
18894;5.1;257
18896;6.2;256
18898;5.4;256
18900;5.6;258
18902;5.8;256
18904;6.5;258
18906;4.7;258
18908;6.2;259
18910;8.1;258
18912;5.3;256
18914;5.9;258
18916;6.6;257
18918;5.7;257
18920;5.3;260
18922;5.9;258
18924;7.1;259
18926;5.4;259
18928;6.5;259
18930;7.6;259
18932;5.6;257
18934;5.8;260
18936;7.1;257
18938;5.9;257
18940;5.9;259
18942;6.4;256
18944;7.1;258
18946;4.8;257
18948;5;259
18950;8.3;259
18952;5.9;256
18954;5.9;259
18956;7;257
18958;5.6;256
18960;5.1;259
18962;5.3;257
18964;6.5;259
18966;5.2;259
18968;6;260
18970;8.1;260
18972;5.9;258
18974;6.3;261
18976;7.5;258
18978;6.3;257
18980;6.2;259
18982;6.4;256
18984;7.5;257
18986;5;256
18988;5.5;256
18990;6.9;258
18992;5.6;255
18994;6.2;257
18996;6.8;255
18998;5.3;255
19000;5.3;257
19002;5.7;255
19004;6.5;257
19006;4.6;257
19008;5.5;258
19010;7.6;259
19012;5;257
19014;5.8;260
19016;6.9;258
19018;5.8;257
19020;5.4;257
19022;6;257
19024;7.7;257
19026;5.9;256
19028;5.8;256
19030;7;256
19032;4.2;254
19034;6.3;256
19036;7.2;252
19038;5.5;252
19040;4.7;253
19042;4.9;250
19044;6;252
19046;3.5;251
19048;4.4;252
19050;6.1;253
19052;3.9;250
19054;3.9;253
19056;5.6;251
19058;4.5;251
19060;4.2;253
19062;4.6;251
19064;5.5;252
19066;3.7;251
19068;4.4;251
19070;6.3;251
19072;3.3;249
19074;3.3;253
19076;5.6;251
19078;4.3;250
19080;3.6;252
19082;3.9;250
19084;5.1;252
19086;3.1;252
19088;3.7;253
19090;5.8;254
19092;3.7;252
19094;4;256
19096;5.8;254
19098;4.9;254
19100;4.7;256
19102;5.4;254
19104;6.2;254
19106;4.2;253
19108;5;253
19110;6.8;253
19112;4.4;250
19114;4;253
19116;5;251
19118;4;252
19120;4;254
19122;4.7;251
19124;5.6;254
19126;3.6;253
19128;4.1;255
19130;5.8;255
19132;3.9;255
19134;5;258
19136;6.2;257
19138;5.4;256
19140;5.2;259
19142;6;257
19144;6.6;258
19146;5.2;258
19148;5.6;258
19150;7.9;258
19152;5.5;255
19154;5.9;257
19156;6.6;255
19158;5.2;255
19160;5.2;256
19162;5.6;254
19164;6.1;255
19166;4.2;254
19168;4.8;255
19170;6.4;255
19172;4;254
19174;4.8;257
19176;6.5;255
19178;5;255
19180;5.1;257
19182;5.6;255
19184;6.5;256
19186;4.3;255
19188;5.1;255
19190;7.1;255
19192;5.2;252
19194;5.6;254
19196;6.1;252
19198;4.7;251
19200;4.2;253
19202;5;250
19204;6.3;250
19206;4.3;249
19208;4.1;250
19210;5.8;250
19212;2.8;248
19214;3.7;252
19216;4.7;251
19218;4.2;251
19220;4.2;254
19222;4.5;252
19224;5.7;254
19226;3.8;253
19228;4.6;254
19230;6.4;254
19232;5;251
19234;5.8;253
19236;6.6;249
19238;4.5;249
19240;3.1;252
19242;3.7;250
19244;5.3;252
19246;3.4;252
19248;3.7;253
19250;5.7;254
19252;3.2;253
19254;4;257
19256;5.4;255
19258;4.6;256
19260;4.8;259
19262;5.6;258
19264;6.9;260
19266;5.3;259
19268;6.1;260
19270;8;260
19272;5.2;257
19274;6.5;260
19276;8.1;257
19278;6.3;256
19280;5.7;258
19282;5.9;256
19284;6.8;257
19286;5.2;255
19288;5.8;256
19290;6.9;255
19292;4.2;254
19294;5;257
19296;6;255
19298;4.8;256
19300;4.9;259
19302;5.4;257
19304;7;259
19306;5.1;258
19308;5.6;259
19310;7.4;259
19312;4.7;257
19314;5.9;261
19316;7.2;258
19318;6.1;257
19320;5.6;259
19322;5.8;256
19324;6.7;259
19326;5.5;258
19328;6.3;258
19330;7.5;258
19332;4.8;256
19334;5.5;259
19336;6.5;257
19338;5.5;258
19340;5.6;260
19342;6.1;258
19344;7.2;259
19346;5.1;259
19348;6.1;260
19350;7.7;260
19352;5.4;258
19354;6;261
19356;7.1;258
19358;6.4;256
19360;5.9;259
19362;6;256
19364;6.5;258
19366;5.3;258
19368;6.3;258
19370;8.1;257
19372;5.2;253
19374;5.6;257
19376;6.5;255
19378;5;254
19380;4.8;257
19382;5.3;255
19384;6.2;256
19386;4.8;256
19388;5.3;256
19390;7.3;256
19392;4.7;254
19394;5.6;257
19396;6.6;255
19398;5.7;255
19400;5.8;256
19402;5.9;253
19404;6.3;254
19406;3.9;254
19408;5.7;253
19410;7.1;253
19412;4.6;251
19414;4.6;254
19416;5.5;252
19418;4.2;254
19420;3.9;255
19422;4.5;254
19424;5.9;256
19426;4.2;255
19428;5;257
19430;7.2;257
19432;4.7;256
19434;5.4;259
19436;6.5;257
19438;5.7;257
19440;5.6;260
19442;6.3;257
19444;7.2;259
19446;5;258
19448;5.5;259
19450;8.2;259
19452;5.9;256
19454;6.2;259
19456;7;256
19458;6;256
19460;5.6;258
19462;5.7;256
19464;6.6;258
19466;4.9;256
19468;5.5;258
19470;7.7;258
19472;5.4;256
19474;5.7;259
19476;7.1;257
19478;6;256
19480;5.6;259
19482;6.3;257
19484;7.6;257
19486;5.3;256
19488;5.3;257
19490;7.2;258
19492;5.4;256
19494;6;258
19496;6.9;256
19498;5.6;254
19500;5.1;256
19502;5.2;256
19504;6.7;258
19506;4.8;257
19508;5.4;258
19510;7.3;259
19512;5.4;257
19514;5.8;260
19516;7;258
19518;6;259
19520;6;260
19522;6.6;258
19524;7.8;259
19526;5.9;258
19528;5.9;257
19530;7.3;258
19532;5;256
19534;6.9;259
19536;7.8;256
19538;5.9;254
19540;5.4;256
19542;5.6;253
19544;6.2;254
19546;3.8;254
19548;4.7;255
19550;6.5;256
19552;4.3;254
19554;5.3;257
19556;6.3;256
19558;5.3;255
19560;5.1;258
19562;5.7;256
19564;6.9;257
19566;4.9;256
19568;6.4;256
19570;7.5;256
19572;4.5;253
19574;5;257
19576;6.7;254
19578;5.5;253
19580;5;255
19582;5.4;252
19584;5.9;254
19586;3.8;253
19588;4.5;254
19590;6.3;255
19592;4;253
19594;4.4;257
19596;6;255
19598;5.2;255
19600;5.1;258
19602;5.8;256
19604;6.8;257
19606;4.8;256
19608;5.6;257
19610;7.9;257
19612;5.3;254
19614;5.4;258
19616;6;256
19618;5.3;256
19620;4.9;259
19622;5.9;256
19624;7;257
19626;4.9;257
19628;5.3;258
19630;7.2;258
19632;4.9;255
19634;5.6;260
19636;6.8;257
19638;5.9;257
19640;5.7;259
19642;6.3;257
19644;7;257
19646;5.2;258
19648;5.9;258
19650;7.5;258
19652;5.6;255
19654;5.8;258
19656;6.2;256
19658;5.3;256
19660;5.7;258
19662;6.1;255
19664;7;256
19666;4.6;256
19668;5;257
19670;7;257
19672;4.4;257
19674;5.2;260
19676;6.7;258
19678;5.7;258
19680;5.5;261
19682;6.1;259
19684;7.1;260
19686;5.6;260
19688;6.2;260
19690;8;260
19692;5.7;257
19694;6.5;260
19696;7.4;257
19698;5.8;257
19700;5.9;259
19702;6.2;257
19704;7.4;257
19706;5.6;256
19708;6;257
19710;7.4;257
19712;4.9;256
19714;5.4;259
19716;6.4;257
19718;5.6;257
19720;5.4;260
19722;6;258
19724;7.2;259
19726;5.3;259
19728;6;258
19730;7.8;260
19732;6;258
19734;7.1;259
19736;7.8;256
19738;5.9;255
19740;4.9;258
19742;6.1;255
19744;7.2;255
19746;4.7;255
19748;5.3;256
19750;7.1;256
19752;4.5;254
19754;5.2;258
19756;6.4;255
19758;5.4;256
19760;5.7;259
19762;6.2;256
19764;7.1;258
19766;5.3;257
19768;5.8;258
19770;7.5;258
19772;5.3;256
19774;5.9;259
19776;7.5;256
19778;5.9;256
19780;5.2;258
19782;5.2;257
19784;6.7;259
19786;5.5;258
19788;5.7;258
19790;7.5;258
19792;4.9;257
19794;5.3;261
19796;6.6;260
19798;5.8;258
19800;5.5;263
19802;6.6;262
19804;7.8;263
19806;6.3;263
19808;6.5;263
19810;8.6;263
19812;6.1;261
19814;7.1;264
19816;8.2;261
19818;7.3;260
19820;6.7;262
19822;6.8;260
19824;7.8;261
19826;6;260
19828;6.7;259
19830;8;260
19832;5.5;257
19834;6;261
19836;7.1;259
19838;5.6;259
19840;5.7;262
19842;6.4;260
19844;7.3;261
19846;5.5;261
19848;6.1;262
19850;8.1;262
19852;5.8;261
19854;6.6;264
19856;8;261
19858;7.4;260
19860;6.4;262
19862;6.6;260
19864;7.3;261
19866;6.5;260
19868;6.9;260
19870;8.2;260
19872;5.8;257
19874;6.2;260
19876;7.3;258
19878;5.8;258
19880;5.6;260
19882;6;258
19884;7.3;260
19886;5.9;259
19888;6.3;259
19890;7.8;259
19892;5.5;256
19894;5.9;260
19896;7;258
19898;6.3;257
19900;6.1;259
19902;6.2;256
19904;6.8;258
19906;5.6;257
19908;5.9;257
19910;7.5;257
19912;5.2;255
19914;5.3;258
19916;6.6;256
19918;5.5;256
19920;5.1;259
19922;5.3;257
19924;6.9;259
19926;5.5;258
19928;6.1;258
19930;8.1;258
19932;5.6;255
19934;6;258
19936;7;256
19938;5.8;256
19940;5.8;257
19942;6.3;254
19944;6.9;255
19946;4.2;254
19948;5;255
19950;7.4;255
19952;4.7;252
19954;5;255
19956;6;253
19958;4.6;253
19960;4.5;255
19962;4.9;254
19964;5.5;256
19966;4.3;256
19968;5.1;258
19970;7.2;259
19972;5.2;256
19974;5.7;260
19976;6.9;258
19978;6.1;257
19980;5.6;260
19982;6.1;257
19984;7.5;258
19986;5.4;257
19988;5.5;258
19990;7.2;258
19992;5.6;256
19994;6.3;258
19996;6.9;255
19998;5.9;255
20000;5.5;256
20002;5.6;253
20004;6.2;255
20006;4;255
20008;4.9;256
20010;6.7;256
20012;4.7;254
20014;5.2;258
20016;6.4;256
20018;5.4;254
20020;5.2;258
20022;5.6;256
20024;6.8;257
20026;4.9;257
20028;5.6;257
20030;6.8;258
20032;4.6;256
20034;6.4;259
20036;7.4;256
20038;5.7;255
20040;5;257
20042;5.1;256
20044;6.4;257
20046;4.6;258
20048;5;259
20050;7.3;260
20052;4.8;258
20054;6.1;261
20056;7;259
20058;6.3;259
20060;6.1;261
20062;6.6;258
20064;7.7;259
20066;5.5;258
20068;6.2;258
20070;7.6;258
20072;5;256
20074;5.4;260
20076;7.2;258
20078;6.4;257
20080;5.9;259
20082;6.1;256
20084;6.9;258
20086;5.3;257
20088;5.5;258
20090;7.2;258
20092;5.4;256
20094;5.5;260
20096;6.9;258
20098;6;258
20100;5.6;260
20102;6;258
20104;7.5;259
20106;5.5;259
20108;6.4;259
20110;8.3;258
20112;5.9;255
20114;5.8;258
20116;6.5;256
20118;5.9;255
20120;6;256
20122;6.3;254
20124;6.7;256
20126;4.6;257
20128;4.9;257
20130;6.8;257
20132;4.7;256
20134;5.4;260
20136;6.7;258
20138;5.5;258
20140;5.5;261
20142;6.6;259
20144;7;261
20146;5.2;260
20148;6;261
20150;8.1;261
20152;5.9;259
20154;6.5;262
20156;7.3;260
20158;6;260
20160;6.1;262
20162;6.4;260
20164;7.6;261
20166;5.6;260
20168;6.2;261
20170;8.1;262
20172;5.5;260
20174;6.2;264
20176;7.6;262
20178;6.7;261
20180;6.6;264
20182;7.1;261
20184;8;263
20186;6;262
20188;6.8;262
20190;8.4;263
20192;6.5;260
20194;6.9;263
20196;7.8;260
20198;6.2;260
20200;6;263
20202;6.8;260
20204;8.1;261
20206;6;260
20208;6.2;259
20210;7.8;261
20212;5.5;260
20214;6.2;263
20216;7.1;262
20218;6.2;262
20220;6;264
20222;6.7;262
20224;8.1;264
20226;6.4;263
20228;7;264
20230;8.7;264
20232;6.2;261
20234;7.2;261
20236;8.2;261
20238;7.1;260
20240;6.6;262
20242;7.7;259
20244;8;259
20246;5.8;258
20248;5.9;258
20250;7.6;259
20252;5.2;257
20254;5.6;260
20256;6.6;259
20258;5.4;259
20260;5.8;261
20262;6.3;259
20264;7.3;259
20266;5.8;260
20268;6.5;260
20270;8.1;260
20272;5.7;257
20274;6.4;261
20276;7.5;258
20278;6.3;257
20280;5.3;260
20282;5.7;258
20284;7.3;259
20286;6;258
20288;6.2;258
20290;7.6;258
20292;5.4;256
20294;5.4;259
20296;6.6;258
20298;5.6;258
20300;5.8;261
20302;6.5;257
20304;7.5;259
20306;5.4;259
20308;6.2;259
20310;7.8;260
20312;5.2;258
20314;6;261
20316;7.2;259
20318;5.9;259
20320;6.1;262
20322;6.5;260
20324;7.2;261
20326;6.1;260
20328;6.6;260
20330;8.3;261
20332;5.4;258
20334;6.2;262
20336;7;260
20338;6.2;260
20340;5.9;263
20342;6.5;261
20344;7.5;263
20346;6;262
20348;6.6;262
20350;8.4;263
20352;6.1;261
20354;6.8;264
20356;8.1;262
20358;7.1;261
20360;6.9;263
20362;7.2;260
20364;7.4;263
20366;6.6;261
20368;6.8;261
20370;8.4;260
20372;6.2;258
20374;6.5;261
20376;7.3;259
20378;5.8;259
20380;5.8;262
20382;6.8;260
20384;7.5;260
20386;5.8;260
20388;6.3;260
20390;7.8;261
20392;5.6;259
20394;6.3;262
20396;7.1;260
20398;6.4;260
20400;6.2;262
20402;6.5;260
20404;7.2;262
20406;5.7;262
20408;7.4;261
20410;7;260
20412;6.5;257
20414;6.5;259
20416;7.1;257
20418;6;257
20420;5.4;259
20422;5.6;257
20424;7.3;259
20426;5.3;258
20428;6;258
20430;7.6;259
20432;5.5;255
20434;6;259
20436;7.1;257
20438;6;256
20440;6;258
20442;6.2;256
20444;7.1;257
20446;4.8;256
20448;5.9;256
20450;7.9;255
20452;5.3;252
20454;5.5;255
20456;6.3;252
20458;5;251
20460;4.1;254
20462;4.3;252
20464;5.5;254
20466;3.9;254
20468;4.9;255
20470;6.7;256
20472;4.5;253
20474;5.4;257
20476;6.7;255
20478;5.4;255
20480;5.3;257
20482;5.9;255
20484;6.7;257
20486;4.6;255
20488;5.2;256
20490;7;258
20492;5.6;255
20494;6.1;258
20496;6.7;256
20498;5.5;256
20500;5.4;258
20502;5.8;257
20504;6.4;259
20506;4.9;259
20508;5.5;260
20510;7.5;260
20512;5.2;258
20514;6.2;262
20516;7.1;260
20518;6.3;260
20520;6.3;262
20522;6.5;260
20524;7.9;261
20526;6.1;260
20528;6.5;260
20530;7.7;261
20532;6;259
20534;7.1;261
20536;8;258
20538;6.5;257
20540;6.2;258
20542;6.4;256
20544;6.7;257
20546;4.5;257
20548;5.3;258
20550;6.9;258
20552;5.1;257
20554;6;260
20556;6.9;258
20558;5.9;257
20560;5.7;259
20562;5.9;258
20564;7.3;259
20566;5.5;259
20568;6.2;259
20570;8;259
20572;5.1;257
20574;5.5;261
20576;7.6;259
20578;6.3;258
20580;5.7;260
20582;6.2;258
20584;7.2;259
20586;5.2;259
20588;5.5;259
20590;7.3;260
20592;5.7;258
20594;5.9;261
20596;7.3;260
20598;6.5;259
20600;6.4;261
20602;6.9;258
20604;7.7;259
20606;5.5;258
20608;6.2;258
20610;8;258
20612;5.5;255
20614;6.1;258
20616;6.6;256
20618;6;255
20620;6;257
20622;6;254
20624;6.5;255
20626;4.2;254
20628;4.8;255
20630;6.5;256
20632;4.3;255
20634;5.1;258
20636;6.3;256
20638;5.5;256
20640;5.2;259
20642;6.2;257
20644;6.9;258
20646;5.3;258
20648;5.8;259
20650;7.8;259
20652;5.2;256
20654;6.1;260
20656;7.1;257
20658;5.9;257
20660;6.2;259
20662;6.5;256
20664;7.3;257
20666;5.1;257
20668;5.2;258
20670;7;258
20672;4.6;257
20674;5.5;261
20676;6.8;259
20678;6.2;259
20680;6.1;262
20682;6.4;259
20684;7.4;261
20686;5.8;259
20688;6.4;260
20690;7.7;260
20692;5.6;258
20694;6.3;260
20696;7;258
20698;5.8;258
20700;5.2;260
20702;6.5;258
20704;7.3;259
20706;5.7;258
20708;5.9;258
20710;7.5;258
20712;4.9;257
20714;5.3;260
20716;6.6;259
20718;5.9;259
20720;5.9;261
20722;6.4;259
20724;7.6;260
20726;5.5;260
20728;6.5;260
20730;8;260
20732;5.6;258
20734;6.3;261
20736;7.4;258
20738;6.2;257
20740;5.5;261
20742;6.5;258
20744;7.7;259
20746;5.5;258
20748;5.9;259
20750;7.6;260
20752;5.1;258
20754;5.7;261
20756;6.7;260
20758;5.8;260
20760;6;263
20762;6.6;260
20764;7.7;262
20766;6.1;261
20768;6.8;261
20770;8.4;261
20772;5.8;259
20774;6.7;262
20776;7.6;259
20778;6.4;259
20780;6.1;261
20782;6.1;259
20784;7.6;260
20786;6.1;258
20788;6.6;258
20790;8;258
20792;5.3;255
20794;5.4;258
20796;6.2;257
20798;5.3;257
20800;5.3;260
20802;6.3;258
20804;7.4;259
20806;5.4;258
20808;5.5;258
20810;7.6;258
20812;5.1;257
20814;5.8;260
20816;7;257
20818;5.9;257
20820;5.5;259
20822;5.7;257
20824;7;258
20826;5.6;257
20828;6.1;257
20830;7.7;257
20832;4.7;255
20834;5.2;258
20836;6.3;256
20838;5.4;257
20840;5.4;259
20842;5.8;257
20844;6.8;258
20846;4.9;258
20848;5.6;259
20850;7.5;259
20852;5.2;257
20854;6;261
20856;7.4;259
20858;6.1;258
20860;5.5;260
20862;5.8;259
20864;6.6;261
20866;5.7;260
20868;6.4;260
20870;8.3;259
20872;5.5;257
20874;5.9;259
20876;6.8;257
20878;5.6;257
20880;5.1;260
20882;5.7;258
20884;7.1;259
20886;5.4;259
20888;6.1;259
20890;7.3;259
20892;5.2;257
20894;5.8;260
20896;6.9;258
20898;6;258
20900;6;260
20902;6;257
20904;6.7;259
20906;5.1;259
20908;6.9;258
20910;8.1;258
20912;5.6;255
20914;5.6;258
20916;6.6;256
20918;5.2;256
20920;4.8;258
20922;5.4;257
20924;6.5;259
20926;5;259
20928;5.7;260
20930;7.8;260
20932;5.2;258
20934;6;262
20936;7.4;260
20938;6.5;260
20940;5.9;262
20942;6.4;259
20944;7.6;260
20946;5.4;260
20948;6.6;260
20950;6.3;259
20952;5.9;256
20954;6.6;259
20956;7;256
20958;5.9;254
20960;5.4;258
20962;5.8;255
20964;6.5;257
20966;4.9;257
20968;5.6;258
20970;7.7;258
20972;5.6;256
20974;5.8;259
20976;6.7;257
20978;5.8;256
20980;5.8;258
20982;6.1;256
20984;7.1;257
20986;5.1;256
20988;5.4;257
20990;7.4;257
20992;5.9;254
20994;5.9;256
20996;6.5;253
20998;5.1;252
21000;4.3;254
21002;4.5;253
21004;5.7;255
21006;3.9;255
21008;4.7;256
21010;6.9;256
21012;4.6;255
21014;5.3;258
21016;6.5;256
21018;5.7;257
21020;5.4;259
21022;5.9;257
21024;7.4;258
21026;5.1;257
21028;5.6;258
21030;7.1;259
21032;5;258
21034;6.9;260
21036;7.4;257
21038;6.1;256
21040;5.8;258
21042;5.8;257
21044;6.7;258
21046;4.6;258
21048;5.4;259
21050;7.3;260
21052;5.4;258
21054;6.2;261
21056;7.2;260
21058;6.2;259
21060;5.8;261
21062;6.3;259
21064;7.5;261
21066;5.8;260
21068;6.4;260
21070;7.8;260
21072;5;258
21074;6.2;262
21076;8.4;259
21078;6.7;258
21080;6.2;260
21082;6.4;257
21084;7.4;258
21086;5;258
21088;5.6;258
21090;7.4;260
21092;5.5;257
21094;5.7;261
21096;6.9;259
21098;5.9;259
21100;6;261
21102;6.5;259
21104;7.6;260
21106;5.9;259
21108;6.5;259
21110;7.9;259
21112;5.6;257
21114;5.9;260
21116;6.9;258
21118;6.6;257
21120;5.9;259
21122;6.3;256
21124;7;257
21126;5.1;256
21128;5.5;257
21130;7.1;258
21132;4.9;256
21134;5.7;260
21136;6.6;258
21138;6.1;258
21140;6.1;260
21142;6.4;257
21144;7.3;259
21146;5.3;258
21148;6;258
21150;7.9;258
21152;5.4;256
21154;5.9;260
21156;6.4;258
21158;5.8;258
21160;6.2;261
21162;6.6;258
21164;7.3;259
21166;5.3;258
21168;5.8;259
21170;7.5;260
21172;5;258
21174;6;262
21176;7.2;259
21178;6.3;259
21180;5.9;261
21182;6.4;259
21184;7.5;261
21186;5.8;260
21188;6.5;260
21190;8.1;260
21192;5.8;258
21194;6.3;261
21196;7.3;259
21198;6;259
21200;6.2;261
21202;7;258
21204;7.7;259
21206;5.5;258
21208;5.9;258
21210;7.7;259
21212;5.2;257
21214;5.6;261
21216;7.1;260
21218;6;259
21220;6.1;261
21222;6.6;259
21224;7.4;260
21226;5.5;259
21228;6.3;260
21230;8;260
21232;5.7;257
21234;6.4;260
21236;6.9;258
21238;5.8;257
21240;5;260
21242;6.6;258
21244;7.5;258
21246;5.5;257
21248;5.7;258
21250;7.4;258
21252;4.6;256
21254;5.2;260
21256;6.4;258
21258;5.7;258
21260;5.8;260
21262;6.4;258
21264;7.4;258
21266;5.4;258
21268;6;258
21270;7.8;258
21272;5.1;255
21274;6;258
21276;7;255
21278;5;255
21280;4.7;258
21282;5;256
21284;7;257
21286;5;256
21288;5.6;256
21290;7.2;256
21292;4.8;253
21294;4.8;257
21296;6;255
21298;4.7;255
21300;4.7;258
21302;5.6;256
21304;6.6;257
21306;4.9;256
21308;5.8;257
21310;7.4;256
21312;4.8;254
21314;5.4;256
21316;6.7;255
21318;5.4;254
21320;5.3;256
21322;5.4;253
21324;6.2;254
21326;4.7;253
21328;5.6;252
21330;6.8;252
21332;3.8;249
21334;4.3;252
21336;5.2;251
21338;4.2;251
21340;4;253
21342;4.3;251
21344;5.7;253
21346;3.5;253
21348;4.2;254
21350;6.4;255
21352;3.8;253
21354;4.8;257
21356;6.5;255
21358;5.1;254
21360;4.6;256
21362;5.1;255
21364;5.6;257
21366;5.1;257
21368;6;257
21370;7.4;257
21372;4.7;255
21374;5.7;258
21376;6.7;256
21378;5.4;256
21380;5.5;259
21382;5.9;257
21384;7.2;259
21386;5.5;258
21388;5.9;259
21390;7.7;259
21392;5.7;256
21394;5.9;259
21396;6.9;257
21398;5.9;257
21400;5.5;258
21402;6;256
21404;6.5;258
21406;4.9;258
21408;6.4;258
21410;8.2;257
21412;5.3;255
21414;5.6;258
21416;6.5;256
21418;5.2;255
21420;4.8;258
21422;5.3;257
21424;6.7;259
21426;5.3;258
21428;5.9;259
21430;7.9;259
21432;5.4;257
21434;6.2;260
21436;7.1;258
21438;6.2;258
21440;6.4;259
21442;6.5;257
21444;7.2;258
21446;4.6;258
21448;6.2;259
21450;8.5;258
21452;5.6;254
21454;6.3;258
21456;7;255
21458;5.3;255
21460;5.2;257
21462;5.6;256
21464;6.4;257
21466;4.8;257
21468;5.5;257
21470;7.6;258
21472;5.5;256
21474;5.6;260
21476;6.9;258
21478;5.7;257
21480;5.6;260
21482;6.1;257
21484;7.4;258
21486;5.1;258
21488;5.4;259
21490;7.7;260
21492;6;257
21494;6.8;259
21496;7.5;257
21498;6.5;255
21500;6;257
21502;6.5;254
21504;6.6;255
21506;4.6;254
21508;5.4;255
21510;7.1;255
21512;4.4;253
21514;4.8;256
21516;6.2;254
21518;5.1;253
21520;4.8;256
21522;5.3;254
21524;6.7;255
21526;4.5;254
21528;4.8;255
21530;6.3;255
21532;4.1;254
21534;5.9;257
21536;6.9;254
21538;5;253
21540;4.5;255
21542;4.7;253
21544;5.9;256
21546;3.9;256
21548;5;258
21550;6.9;258
21552;5;257
21554;5.7;260
21556;7;259
21558;6.1;258
21560;6.3;261
21562;6.6;258
21564;7.3;260
21566;5.7;259
21568;6.5;259
21570;7.6;259
21572;5.2;258
21574;5.7;261
21576;7.6;257
21578;6.5;258
21580;6;260
21582;6.2;257
21584;7.2;259
21586;5;258
21588;5.4;260
21590;7.7;260
21592;5.5;259
21594;5.7;262
21596;7;261
21598;6.1;261
21600;6.1;263
