Temps [s];Marche [s/j];Amplitude [°]
2;3.7;265
4;5;263
6;2.9;262
8;2.7;260
10;2.7;260
12;1.8;260
14;0.6;260
16;1.1;261
18;1.4;260
20;1.1;263
22;1.1;263
24;2.2;264
26;1.4;266
28;1.5;266
30;3.3;268
32;2.1;266
34;2.8;268
36;3.1;268
38;2.6;267
40;3.3;269
42;3.1;268
44;4.4;268
46;2.7;268
48;3.4;267
50;4.4;266
52;3.6;263
54;3.2;263
56;2.5;263
58;1.6;262
60;2.3;264
62;1.8;263
64;3;264
66;1.5;265
68;2.1;265
70;2.5;266
72;1.6;265
74;2.5;267
76;2.9;267
78;2.7;265
80;2.8;266
82;2.2;266
84;3.8;266
86;2.1;266
88;1.7;267
90;3.4;268
92;2.6;267
94;3.6;268
96;2.7;268
98;3.2;267
100;3.4;268
102;3.1;267
104;4.1;267
106;1.5;268
108;2.6;268
110;3.1;269
112;2.7;268
114;3.3;269
116;2.6;271
118;2.7;269
120;4;271
122;3.9;269
124;4.8;268
126;3;268
128;3.3;266
130;3.4;266
132;2.3;265
134;2.8;266
136;2.1;267
138;2.7;265
140;2.6;266
142;2.6;266
144;4.6;264
146;2.6;264
148;2;264
150;3.3;265
152;2.3;264
154;2.8;265
156;1.5;267
158;2.5;266
160;2.2;269
162;2;270
164;3.9;271
166;3.2;271
168;3.6;270
170;4.2;271
172;3.4;268
174;3.7;270
176;3.6;270
178;3.6;267
180;3.7;268
182;3.1;267
184;4.6;266
186;2.3;266
188;3.9;265
190;4.6;263
192;3.4;260
194;3;261
196;2;261
198;2;258
200;1.1;260
202;0.6;261
204;2.6;261
206;0.7;262
208;1;263
210;2;265
212;1.4;265
214;2.6;267
216;2.9;267
218;3.4;265
220;1.5;268
222;3.4;266
224;3.5;267
226;3.6;265
228;2.1;265
230;2;267
232;2.2;266
234;3.8;266
236;4.3;264
238;4.3;261
240;2.2;262
242;2.3;260
244;4.5;258
246;1.2;259
248;2.1;257
250;2.5;258
252;1.2;257
254;1.1;259
256;0.4;261
258;1.4;259
260;1.3;262
262;3.1;260
264;2;261
266;1.3;261
268;0.2;261
270;1.9;264
272;1.3;264
274;1.5;267
276;1.2;269
278;3.2;268
280;2.5;270
282;3.1;269
284;5.8;268
286;2.9;268
288;3.2;267
290;3.9;267
292;3;264
294;3.1;266
296;1.9;266
298;3.2;265
300;1.6;267
302;1.8;268
304;4.7;267
306;2.6;267
308;3.6;266
310;3.8;266
312;3;263
314;2.9;265
316;2.1;265
318;2.4;263
320;2.4;265
322;1.7;265
324;3.7;265
326;2.7;265
328;2.6;264
330;2.8;266
332;2.9;263
334;2.7;265
336;1.6;266
338;4.7;264
340;1.2;266
342;1.5;266
344;3.7;267
346;1.3;268
348;2;268
350;2.9;270
352;3.8;267
354;3.6;268
356;3;268
358;4.7;266
360;3;267
362;2.6;266
364;4.7;265
366;1.9;265
368;3.2;264
370;4.2;264
372;2.8;261
374;2.4;262
376;1.8;262
378;3.7;259
380;2.4;261
382;1.6;260
384;3.1;260
386;1;260
388;0.8;260
390;1.3;262
392;1.6;261
394;2;263
396;1.2;265
398;3.9;263
400;1.3;265
402;1.5;265
404;4;265
406;2.1;265
408;2.2;264
410;2.8;266
412;2.5;264
414;2.8;265
416;2.2;265
418;3.7;263
420;3.1;264
422;3.1;262
424;4.9;260
426;1.4;259
428;2.1;258
430;1.7;259
432;1.7;258
434;1.4;259
436;0.7;260
438;2.3;258
440;0.7;261
442;0.7;262
444;3.3;262
446;1.5;262
448;1.5;263
450;2.3;264
452;2;263
454;2.8;265
456;1.6;266
458;3.7;264
460;2.4;265
462;2.2;264
464;4.5;264
466;1.8;264
468;2.2;263
470;2.6;265
472;2;262
474;3;263
476;2.4;264
478;3.1;262
480;2.1;264
482;1.3;263
484;4;263
486;1;263
488;2.6;263
490;3.1;264
492;1.9;263
494;1.9;264
496;2;265
498;2.2;263
500;2.3;265
502;1.6;265
504;3.3;265
506;1.6;266
508;2.3;266
510;2.7;267
512;2.6;266
514;3.3;267
516;2.5;268
518;3.6;266
520;2.2;269
522;2;269
524;4.7;269
526;2.3;270
528;2.6;269
530;3;272
532;2.8;270
534;3.5;272
536;3.1;272
538;3.6;271
540;3.3;272
542;3.7;270
544;5;269
546;3.4;269
548;3.8;267
550;4.4;266
552;3.3;264
554;3.2;265
556;3.1;264
558;3.4;261
560;2.9;262
562;1.7;261
564;2.9;261
566;1.4;262
568;1.3;261
570;2.1;263
572;1.2;263
574;1.7;265
576;1.7;267
578;2;266
580;2.2;269
582;2.8;268
584;4.7;268
586;2.3;269
588;3.4;267
590;3.6;268
592;3.4;265
594;3.2;266
596;3;266
598;3.1;264
600;3.5;264
602;3.4;262
604;4.1;260
606;2.1;259
608;2.2;258
610;2.7;258
612;1.5;256
614;1.4;258
616;0.9;259
618;0.7;258
620;0.3;261
622;0.8;261
624;1.9;262
626;0.9;264
628;1.3;264
630;2.8;265
632;1.9;265
634;3.1;266
636;2.3;266
638;2.6;265
640;3;266
642;2.7;265
644;4.2;264
646;2.1;265
648;2.6;263
650;3.8;263
652;3;260
654;2.6;261
656;2.2;261
658;1.5;259
660;1.8;261
662;1.9;260
664;2.6;259
666;1.2;260
668;1.4;259
670;2.1;260
672;0.7;259
674;1.2;260
676;1.7;261
678;1.5;259
680;1.6;261
682;1.4;261
684;2.5;261
686;1.2;262
688;1.3;261
690;2.7;263
692;1.7;261
694;2.8;262
696;2.2;263
698;2.2;262
700;2.3;263
702;2.5;262
704;3.1;262
706;0.5;263
708;1.7;263
710;1.9;266
712;1.2;265
714;2.8;267
716;2.3;267
718;2.3;267
720;3.3;268
722;3.2;266
724;3.9;265
726;2.8;266
728;3.2;265
730;3.2;265
732;1.9;264
734;2.7;265
736;2;266
738;2.2;265
740;2.8;267
742;2.6;266
744;3.9;265
746;2.3;265
748;1.9;265
750;3.2;266
752;2.1;265
754;2.6;266
756;2.1;267
758;2.2;266
760;2.5;268
762;2.2;268
764;4;269
766;2.7;269
768;3.1;268
770;4.1;268
772;3.3;265
774;3.3;266
776;2.8;266
778;3.1;264
780;2.7;265
782;2.6;264
784;3.9;263
786;2.3;263
788;2.8;262
790;3;261
792;2.3;259
794;2.3;260
796;1.4;261
798;2.3;259
800;1.2;260
802;0.6;260
804;2.4;261
806;0.7;262
808;0.8;263
810;1.9;265
812;1.3;264
814;2.6;266
816;2.6;266
818;3.5;264
820;2.1;266
822;3.4;265
824;3.4;265
826;3.3;264
828;1.7;264
830;2.3;266
832;1.8;265
834;3.8;265
836;3.9;264
838;3.8;260
840;2.2;262
842;2.2;260
844;4.3;259
846;1.4;259
848;1.4;258
850;2.2;259
852;1.1;258
854;1.4;260
856;1;261
858;2.1;259
860;2;260
862;3;258
864;3.1;257
866;1.8;257
868;0.3;257
870;1.6;259
872;0.5;259
874;1.1;261
876;0.9;263
878;1.8;262
880;1.5;265
882;2.2;264
884;4.9;264
886;1.7;263
888;2;263
890;3.2;264
892;2.5;261
894;2.3;262
896;1.6;263
898;2.5;262
900;1.6;264
902;1.7;264
904;4;264
906;1.9;264
908;2.7;263
910;3.2;263
912;1.8;261
914;2.2;263
916;1.7;264
918;2.6;262
920;2;264
922;1.8;264
924;4.3;263
926;2.1;263
928;2.1;263
930;2.6;264
932;2.6;262
934;2.8;264
936;1.7;265
938;4.2;262
940;0.9;265
942;0.9;265
944;3.8;267
946;1.1;267
948;1.7;268
950;3.2;270
952;3.5;267
954;3.6;268
956;3;268
958;4.6;266
960;2.8;267
962;2.8;266
964;4.9;265
966;2.1;265
968;2.7;264
970;4.2;264
972;2.6;261
974;2.7;263
976;1.9;263
978;3.6;260
980;2.4;262
982;1.7;261
984;3.2;261
986;1.2;262
988;0.9;262
990;1.9;264
992;1.7;263
994;2.1;266
996;1.2;267
998;4.3;265
1000;2.2;267
1002;1.9;267
1004;4.4;267
1006;2.4;267
1008;2.7;266
1010;3.2;268
1012;3.4;266
1014;3.2;266
1016;2.8;266
1018;3.8;263
1020;3;265
1022;2.9;263
1024;5.2;261
1026;2;261
1028;2.1;260
1030;2.8;260
1032;1;258
1034;1.3;260
1036;0.8;262
1038;2.5;260
1040;1.2;263
1042;0.9;263
1044;3.5;263
1046;1.9;264
1048;2;263
1050;2.5;265
1052;2.3;264
1054;3.2;265
1056;2.7;265
1058;4;262
1060;2;264
1062;1.7;264
1064;4.3;264
1066;1.3;264
1068;2;264
1070;2.4;266
1072;2.6;263
1074;4;264
1076;2.8;264
1078;3.1;262
1080;1.9;263
1082;2.4;262
1084;4.5;261
1086;1.1;262
1088;2.2;261
1090;3.5;261
1092;2.5;259
1094;1.8;260
1096;1.9;260
1098;2.4;258
1100;1.8;260
1102;1.1;259
1104;2.7;260
1106;1;261
1108;1.5;261
1110;1.8;263
1112;1.5;261
1114;2.6;263
1116;1.9;264
1118;2.9;262
1120;1.8;265
1122;1.6;264
1124;3.9;265
1126;1.6;266
1128;1.5;266
1130;2.8;268
1132;2.5;266
1134;3.3;268
1136;3;268
1138;3.1;266
1140;3.5;267
1142;3.2;266
1144;4.6;265
1146;2.3;265
1148;2.5;264
1150;3.9;264
1152;2.4;262
1154;3.1;263
1156;2.5;263
1158;2.1;261
1160;2;263
1162;1.5;262
1164;2.9;263
1166;1.3;264
1168;1.9;264
1170;2.5;265
1172;1.4;264
1174;2.3;267
1176;2;269
1178;2.5;268
1180;2.7;271
1182;2.9;271
1184;4.9;271
1186;2.9;271
1188;3.4;270
1190;4.2;271
1192;3.5;269
1194;3.8;269
1196;3.9;269
1198;3.1;267
1200;3.7;268
1202;3.9;266
1204;4.9;264
1206;2.7;264
1208;3;262
1210;3.1;262
1212;2.1;260
1214;2;262
1216;1.6;262
1218;1.2;261
1220;2.2;264
1222;1.2;264
1224;2.1;265
1226;0.7;267
1228;2.4;267
1230;3.7;268
1232;2.7;267
1234;4;268
1236;3.6;268
1238;3.1;266
1240;3.4;267
1242;2.9;266
1244;4;266
1246;2.4;266
1248;2.9;264
1250;4.2;265
1252;2.9;262
1254;3.1;262
1256;2.4;262
1258;1.8;261
1260;2;262
1262;2.1;262
1264;3;262
1266;1.2;263
1268;2.1;263
1270;2.3;264
1272;1.5;264
1274;2.7;265
1276;2.8;265
1278;3.2;263
1280;2.7;264
1282;2.8;262
1284;3.8;261
1286;2.4;261
1288;2.2;260
1290;3.1;261
1292;1.8;259
1294;2.3;260
1296;1.6;261
1298;1.6;260
1300;2.1;262
1302;1.7;261
1304;3.1;262
1306;0.9;263
1308;2;263
1310;2.3;265
1312;1.3;264
1314;2.6;266
1316;2.2;267
1318;2.1;266
1320;3.1;267
1322;2.9;266
1324;3.9;265
1326;2.5;266
1328;3.5;264
1330;3.6;264
1332;2;263
1334;2.7;264
1336;2.3;265
1338;3.3;263
1340;2.8;264
1342;2.2;263
1344;3.7;263
1346;1.9;264
1348;1.2;264
1350;3.1;265
1352;2.2;264
1354;3.1;265
1356;1.9;266
1358;1.9;266
1360;2.5;268
1362;1.9;269
1364;4.2;269
1366;2.9;270
1368;2.7;269
1370;4.2;270
1372;4;268
1374;4;268
1376;3.8;268
1378;2.8;266
1380;3.5;267
1382;3.1;266
1384;4.5;264
1386;2.5;265
1388;3.3;263
1390;4.2;263
1392;2.7;261
1394;2.6;261
1396;1.8;262
1398;2.7;260
1400;2.6;262
1402;0.9;261
1404;2.8;262
1406;0.8;263
1408;1.6;264
1410;2.2;266
1412;1.5;266
1414;3.1;268
1416;3.5;268
1418;4.3;265
1420;2.5;267
1422;3.6;266
1424;4;266
1426;3.5;264
1428;2.4;264
1430;2.5;266
1432;2.1;265
1434;3.8;265
1436;4;264
1438;3.7;261
1440;2.7;262
1442;2.4;261
1444;4.6;259
1446;1.1;260
1448;1.9;259
1450;2.9;259
1452;0.6;259
1454;1.6;261
1456;1.1;262
1458;2.5;260
1460;1.9;262
1462;3.4;261
1464;2.9;260
1466;2;260
1468;0.9;260
1470;2.5;262
1472;1.2;261
1474;2.1;263
1476;2;264
1478;2.9;263
1480;2.1;265
1482;2.6;264
1484;4.9;263
1486;2;263
1488;2.5;262
1490;3.3;263
1492;2.8;260
1494;2.7;261
1496;1.7;262
1498;2.4;261
1500;2;263
1502;1.6;263
1504;4.2;263
1506;1.7;263
1508;2.6;262
1510;3.9;261
1512;2.4;259
1514;2;261
1516;1.4;262
1518;2.9;260
1520;2;262
1522;1.5;261
1524;4.4;260
1526;1.7;260
1528;1.5;260
1530;2.3;261
1532;1.9;260
1534;2.3;261
1536;1.4;263
1538;4.1;260
1540;0.3;263
1542;0.9;264
1544;3.9;265
1546;1;266
1548;1.8;267
1550;3.1;269
1552;3.9;265
1554;3.6;266
1556;2.8;267
1558;4.4;264
1560;2.9;265
1562;2.7;264
1564;5.1;263
1566;1.9;263
1568;3.4;262
1570;4.1;262
1572;2.4;259
1574;2.1;260
1576;1.2;261
1578;3;259
1580;1.9;261
1582;1.5;260
1584;3.8;261
1586;1.4;261
1588;1;262
1590;2;264
1592;2.1;263
1594;2.5;265
1596;1.3;267
1598;4.1;265
1600;2.3;267
1602;2;268
1604;5.1;268
1606;2.7;268
1608;2.9;267
1610;3.8;268
1612;3.4;265
1614;3.6;266
1616;3.1;266
1618;3.7;264
1620;3.1;265
1622;2.7;264
1624;5.2;262
1626;1.6;262
1628;2.6;262
1630;3.1;263
1632;1.9;261
1634;2.4;263
1636;1.7;264
1638;3.2;262
1640;2;264
1642;1.8;264
1644;4.4;264
1646;2.1;264
1648;2;264
1650;3;265
1652;2.7;263
1654;3.1;265
1656;2.2;266
1658;4.4;264
1660;2.5;265
1662;2.5;264
1664;4.7;264
1666;1.9;264
1668;2.6;263
1670;3.1;265
1672;2.9;262
1674;3.8;263
1676;2.8;263
1678;3.3;261
1680;2.3;262
1682;1.8;261
1684;4.2;261
1686;1.2;262
1688;2.1;262
1690;3.3;262
1692;2.1;260
1694;2;262
1696;1.8;263
1698;2.5;261
1700;2.5;263
1702;1.8;263
1704;3.6;263
1706;1.7;264
1708;2;264
1710;3;265
1712;2.5;263
1714;3.4;264
1716;2.6;265
1718;3.4;263
1720;1.9;266
1722;1.7;266
1724;4.9;266
1726;2;266
1728;2.2;266
1730;3.2;268
1732;2.6;266
1734;3.1;268
1736;3;268
1738;3.3;267
1740;3.5;268
1742;3.4;267
1744;5.2;265
1746;2.6;265
1748;3.2;264
1750;4.6;263
1752;2.7;261
1754;3.4;261
1756;2.5;261
1758;2.9;259
1760;2.4;260
1762;1;260
1764;3;260
1766;1.4;261
1768;1.4;261
1770;2.3;263
1772;1.3;263
1774;2.4;265
1776;1.8;267
1778;2.5;267
1780;3.1;269
1782;2.9;269
1784;4.9;268
1786;2.6;269
1788;3.6;268
1790;4.4;269
1792;3.6;266
1794;4;266
1796;3.6;266
1798;3.2;263
1800;4;264
1802;3.8;262
1804;4.3;260
1806;2.1;260
1808;2.5;260
1810;2.7;260
1812;1.5;259
1814;1.6;261
1816;1.6;262
1818;1.8;261
1820;1.9;264
1822;1.4;265
1824;2.8;266
1826;1.8;267
1828;2.1;268
1830;4.2;269
1832;3.2;267
1834;4.1;267
1836;3.5;267
1838;3.4;266
1840;3.8;267
1842;2.9;266
1844;4.6;265
1846;2.7;265
1848;3.7;263
1850;4.4;263
1852;3;260
1854;3.1;261
1856;2.7;261
1858;2.4;259
1860;2.3;261
1862;2.1;260
1864;3.1;260
1866;1.4;261
1868;2;261
1870;2.1;263
1872;1.7;262
1874;2.7;264
1876;2.7;264
1878;3;262
1880;2.8;263
1882;3.1;261
1884;4;260
1886;1.9;260
1888;1.6;259
1890;2.6;260
1892;1.4;259
1894;2.4;260
1896;2.1;260
1898;1.6;259
1900;2.1;261
1902;1.7;261
1904;3.3;261
1906;0.4;262
1908;2.4;262
1910;2.8;263
1912;1.9;261
1914;3;262
1916;2.3;261
1918;2;260
1920;2.6;260
1922;2;259
1924;3.6;257
1926;0.9;258
1928;1.5;258
1930;2.3;258
1932;1.1;257
1934;2.3;258
1936;1.6;259
1938;2;257
1940;1.8;259
1942;1.5;258
1944;2.9;258
1946;1.1;259
1948;0.6;259
1950;2.4;261
1952;1.7;260
1954;2.6;261
1956;1.6;263
1958;1.6;263
1960;2;265
1962;1.5;266
1964;3.5;267
1966;2.3;268
1968;2.9;267
1970;3.9;268
1972;3.5;265
1974;3.7;266
1976;3.3;266
1978;3.2;264
1980;3.3;265
1982;2.9;264
1984;4.7;263
1986;2.4;263
1988;2.9;262
1990;3.6;262
1992;2.5;261
1994;2.6;261
1996;2;261
1998;2;259
2000;2.3;262
2002;1.1;261
2004;2.9;262
2006;1.3;264
2008;1.2;264
2010;2.2;267
2012;1.8;267
2014;3.5;269
2016;3.7;268
2018;4.3;266
2020;2.4;268
2022;4.2;266
2024;4.5;266
2026;4.1;265
2028;2.7;264
2030;2.7;266
2032;2.3;265
2034;4.4;266
2036;3.9;265
2038;3.9;262
2040;3.4;263
2042;2.5;262
2044;4.9;260
2046;1.5;260
2048;2.5;260
2050;3.2;260
2052;1;259
2054;1.7;261
2056;1.5;262
2058;2.5;260
2060;2.5;262
2062;3.4;259
2064;2.9;258
2066;1.8;259
2068;0.7;259
2070;2.7;261
2072;1.3;261
2074;2.6;263
2076;2.1;263
2078;2.9;262
2080;1.9;264
2082;2.7;263
2084;5.1;262
2086;2.1;262
2088;2.4;261
2090;3.5;262
2092;2.9;259
2094;2.4;260
2096;1.5;261
2098;2.4;259
2100;1.6;262
2102;1.4;262
2104;4;261
2106;1.4;262
2108;2.7;261
2110;3.5;261
2112;2.3;259
2114;2.4;260
2116;1.9;261
2118;3.5;258
2120;2.5;260
2122;1.4;259
2124;3.9;258
2126;1.8;259
2128;1.4;258
2130;2.2;259
2132;2;257
2134;2.1;259
2136;1.2;261
2138;4.2;259
2140;0.3;261
2142;0.6;262
2144;3.6;263
2146;0.8;264
2148;1.5;265
2150;3;268
2152;4;264
2154;3.5;265
2156;3;265
2158;4.6;262
2160;3.1;264
2162;2.7;262
2164;5.2;261
2166;1.9;261
2168;2.9;260
2170;4;260
2172;1.8;258
2174;2.2;259
2176;1.6;260
2178;3.3;258
2180;1.3;260
2182;1.1;260
2184;3.8;260
2186;1.2;261
2188;0.9;262
2190;1.9;264
2192;2.1;263
2194;2.6;266
2196;1.5;268
2198;4.8;266
2200;2.4;268
2202;2.2;268
2204;5.5;268
2206;2.8;268
2208;3.4;267
2210;3.9;268
2212;3.7;266
2214;3.9;266
2216;3.4;266
2218;4;264
2220;3.7;264
2222;2.7;263
2224;5.2;262
2226;2;262
2228;2.2;261
2230;3.2;262
2232;2.1;261
2234;2.4;262
2236;2.1;263
2238;3;261
2240;2.1;264
2242;1.9;264
2244;4.4;264
2246;1.9;264
2248;2.6;264
2250;3.2;265
2252;3.2;263
2254;3.8;264
2256;3;264
2258;4.1;262
2260;2.6;264
2262;2.5;263
2264;4.9;262
2266;1.5;262
2268;2.7;261
2270;2.5;262
2272;2.8;259
2274;3.2;260
2276;2.3;260
2278;3;257
2280;1.7;259
2282;1;259
2284;3.5;258
2286;0.6;259
2288;2.1;259
2290;3.6;259
2292;2;258
2294;2.1;259
2296;2;259
2298;2.9;257
2300;2.2;259
2302;1.4;258
2304;3.7;258
2306;1.2;258
2308;1.6;258
2310;2.4;259
2312;1.6;258
2314;2.4;259
2316;2;259
2318;2.9;258
2320;2;260
2322;1.6;259
2324;3.9;259
2326;1.2;259
2328;1.3;259
2330;2.6;261
2332;1.6;259
2334;2.4;261
2336;2.5;261
2338;2.4;259
2340;2.5;260
2342;2.3;259
2344;4.2;258
2346;1.5;258
2348;2.7;258
2350;3.5;257
2352;1.8;256
2354;2.2;257
2356;1.5;258
2358;2.3;256
2360;1.9;258
2362;0.8;258
2364;2.6;258
2366;0.9;260
2368;1;260
2370;2.1;262
2372;1.1;261
2374;2;264
2376;1.8;265
2378;2;265
2380;2.8;268
2382;3;268
2384;4.6;268
2386;2.4;269
2388;3.6;268
2390;4;269
2392;3.5;267
2394;4;268
2396;3.7;267
2398;2.8;266
2400;4.1;267
2402;3.9;265
2404;5;264
2406;2.7;264
2408;3.1;263
2410;3.5;263
2412;2.2;262
2414;2.3;263
2416;2.2;264
2418;1.6;263
2420;2.2;266
2422;1.7;266
2424;3.1;267
2426;1.8;269
2428;2.6;269
2430;4.3;271
2432;3.4;269
2434;5;269
2436;3.9;269
2438;3.2;268
2440;4.3;269
2442;3.3;268
2444;4.9;267
2446;3.2;268
2448;3.7;266
2450;4.9;266
2452;3.5;263
2454;3.7;264
2456;3;264
2458;1.9;262
2460;3.2;264
2462;2.3;264
2464;3.5;264
2466;1.7;265
2468;2.4;265
2470;3.3;265
2472;2.1;265
2474;3.4;266
2476;3.1;267
2478;3.1;265
2480;3.8;266
2482;3.4;264
2484;4;264
2486;2.7;264
2488;2.6;264
2490;3.7;264
2492;2.3;263
2494;3.4;264
2496;2.9;264
2498;2.5;263
2500;3.1;265
2502;2.7;264
2504;4.4;264
2506;1.9;265
2508;2.9;264
2510;3;266
2512;2.2;264
2514;3.2;266
2516;2.7;267
2518;2.7;266
2520;3.6;267
2522;3.2;265
2524;4.5;265
2526;2.8;265
2528;4;263
2530;4;263
2532;2.6;261
2534;3.2;262
2536;2.7;262
2538;2.5;260
2540;3;262
2542;2.1;261
2544;4.1;260
2546;2;260
2548;1.8;260
2550;2.8;261
2552;2;259
2554;2.4;261
2556;2;262
2558;2.2;261
2560;2.2;264
2562;1.7;264
2564;3.1;265
2566;2;267
2568;2.6;266
2570;4.6;267
2572;3.6;264
2574;3.8;265
2576;3.5;265
2578;2.8;262
2580;3.3;263
2582;2.9;262
2584;4.2;261
2586;1.9;262
2588;2.7;261
2590;3.8;261
2592;2;259
2594;2.7;260
2596;1.6;261
2598;2.4;260
2600;2.3;262
2602;1.1;262
2604;3.2;263
2606;0.9;265
2608;1.6;266
2610;2.8;268
2612;1.9;268
2614;3.5;270
2616;3.8;270
2618;4.5;268
2620;2.8;270
2622;4.1;269
2624;4.7;269
2626;4.2;268
2628;2.9;267
2630;2.8;269
2632;2.8;269
2634;4.6;269
2636;4.3;268
2638;4.6;265
2640;3.8;267
2642;2.8;265
2644;5.6;264
2646;1.9;265
2648;2.9;264
2650;3.8;265
2652;2.3;264
2654;2.7;265
2656;2;267
2658;3.1;265
2660;3.5;267
2662;4.1;265
2664;4;264
2666;3;264
2668;1.4;264
2670;3;266
2672;1.7;266
2674;3;268
2676;2.8;269
2678;3.8;268
2680;2.8;270
2682;3.5;269
2684;5.9;268
2686;3.1;268
2688;3.2;266
2690;4.4;267
2692;3.4;264
2694;3.6;265
2696;2.4;266
2698;3.2;264
2700;2.7;266
2702;2.3;266
2704;4.8;265
2706;2.4;265
2708;3.6;264
2710;4.5;264
2712;3.3;262
2714;3.2;262
2716;2.3;263
2718;3.1;261
2720;2.8;262
2722;2.1;261
2724;4.3;261
2726;2.5;261
2728;2.2;260
2730;2.6;262
2732;2.6;260
2734;3;261
2736;1.6;262
2738;4.6;260
2740;1.1;262
2742;1.2;262
2744;4;263
2746;1.3;264
2748;1.7;264
2750;3.4;266
2752;3.8;263
2754;4.2;263
2756;3.1;263
2758;4.4;260
2760;2.4;262
2762;2;261
2764;4.4;261
2766;1.4;261
2768;2.2;261
2770;3.7;261
2772;2;259
2774;2.3;260
2776;1.8;261
2778;3.5;258
2780;2;260
2782;1.7;260
2784;3.9;259
2786;1.1;260
2788;1.4;260
2790;2.2;263
2792;2.1;261
2794;2.5;264
2796;1.4;266
2798;4;264
2800;2.1;266
2802;2.3;266
2804;4.9;266
2806;2.4;266
2808;2.4;266
2810;3.7;267
2812;3.4;265
2814;3.3;266
2816;2.8;267
2818;3.9;264
2820;3;266
2822;2.7;265
2824;5.5;264
2826;2.3;264
2828;2.9;263
2830;3.4;264
2832;2.3;262
2834;2.1;264
2836;1.7;266
2838;3.4;264
2840;2.6;267
2842;2.1;267
2844;4.5;267
2846;2.2;268
2848;2.5;268
2850;3.5;270
2852;3.3;268
2854;4.2;270
2856;3.6;270
2858;5.3;267
2860;3.2;269
2862;3.3;267
2864;5.1;267
2866;2.6;267
2868;2.8;267
2870;3.7;268
2872;3.5;265
2874;3.8;266
2876;3.4;266
2878;3.6;264
2880;3.1;266
2882;2.4;265
2884;4.8;265
2886;1.4;266
2888;3;266
2890;4.1;266
2892;2.6;265
2894;3.2;266
2896;2.6;267
2898;3.5;265
2900;3.6;266
2902;2.6;265
2904;4.7;264
2906;2.4;265
2908;2.6;264
2910;3.3;265
2912;2.5;263
2914;3.6;264
2916;2.7;265
2918;3.7;263
2920;2.5;265
2922;2.3;264
2924;4.5;264
2926;1.9;265
2928;2.4;265
2930;3.5;267
2932;2.5;265
2934;3.2;266
2936;3.1;266
2938;2.8;264
2940;3.3;266
2942;3.2;264
2944;5.1;263
2946;2.8;263
2948;3.3;262
2950;4.3;261
2952;2.1;259
2954;3.2;259
2956;2.3;259
2958;2.6;257
2960;2.5;258
2962;1.5;257
2964;2.9;257
2966;1.2;258
2968;1.8;257
2970;1.9;259
2972;0.8;259
2974;1.8;261
2976;1.3;263
2978;1.7;263
2980;2.2;266
2982;2.2;266
2984;4.4;266
2986;2.3;267
2988;3.1;266
2990;3.8;267
2992;3.1;265
2994;3.5;266
2996;3.2;265
2998;2.6;264
3000;3.6;265
3002;3.3;264
3004;4.6;262
3006;2.3;262
3008;2.8;262
3010;3;262
3012;1.6;261
3014;2.3;263
3016;2;264
3018;1.7;263
3020;1.3;266
3022;1.8;266
3024;3.1;267
3026;1.8;269
3028;2.6;269
3030;4.2;271
3032;3.4;269
3034;4.3;270
3036;3.7;270
3038;3;268
3040;4.1;270
3042;3.3;269
3044;4.9;269
3046;2.7;270
3048;3.7;269
3050;5;269
3052;4.2;266
3054;3.9;266
3056;3.4;266
3058;2.3;265
3060;3.1;266
3062;2.9;266
3064;3.7;266
3066;2.2;267
3068;2.8;267
3070;3.4;268
3072;2.2;267
3074;3.7;269
3076;4;269
3078;3.8;266
3080;3.4;267
3082;3.7;266
3084;4.2;266
3086;2.9;266
3088;2.5;266
3090;3.8;266
3092;2.7;265
3094;3.9;266
3096;3.4;265
3098;3;264
3100;3.4;266
3102;2.9;264
3104;4.4;264
3106;1.8;265
3108;2.9;264
3110;3.1;265
3112;2.1;264
3114;3.3;265
3116;2.5;265
3118;2.1;264
3120;3.3;266
3122;3.6;264
3124;4.3;263
3126;2.7;263
3128;3.5;262
3130;3.8;261
3132;1.9;260
3134;2.7;261
3136;2.3;261
3138;2.1;259
3140;2.3;261
3142;2.2;260
3144;4;259
3146;2.1;259
3148;1.5;259
3150;2.7;260
3152;1.8;258
3154;2.1;259
3156;1.5;260
3158;1;259
3160;1.6;262
3162;1.2;262
3164;3;263
3166;1.6;264
3168;2.7;263
3170;3.9;263
3172;2.8;260
3174;3.1;261
3176;2.2;261
3178;1.6;260
3180;2.9;261
3182;2.1;260
3184;3.7;259
3186;1;260
3188;2.1;260
3190;3.6;260
3192;2.2;258
3194;2;259
3196;1.4;260
3198;1.1;259
3200;2.1;261
3202;1;261
3204;2.9;261
3206;0.7;263
3208;1;264
3210;2.3;267
3212;1.5;266
3214;3.1;269
3216;3.7;269
3218;4;266
3220;1.5;269
3222;4.1;268
3224;3.8;268
3226;3.9;268
3228;2.5;267
3230;2.6;270
3232;2.4;269
3234;4.6;270
3236;4.8;268
3238;4.5;265
3240;3.6;267
3242;3;265
3244;5.3;263
3246;1.7;264
3248;2.7;263
3250;3.6;264
3252;1.7;263
3254;2.1;265
3256;1.7;266
3258;2.9;265
3260;3.1;267
3262;4.1;265
3264;3.5;264
3266;2.9;264
3268;1.6;264
3270;2.9;266
3272;1.7;266
3274;2.7;268
3276;2.5;269
3278;3.1;269
3280;2.6;271
3282;3.9;270
3284;6;269
3286;3;268
3288;3.7;267
3290;4.3;267
3292;3.3;264
3294;3.4;265
3296;2.4;266
3298;2.8;264
3300;2.5;267
3302;2.4;266
3304;4.8;266
3306;2.4;266
3308;3.6;265
3310;4.3;264
3312;2.9;262
3314;3.1;263
3316;2.3;264
3318;3.2;262
3320;2.8;264
3322;2.1;263
3324;4.5;263
3326;2.5;262
3328;3.1;261
3330;3.1;262
3332;2.7;260
3334;2.9;261
3336;2;262
3338;4.3;260
3340;0.8;262
3342;1.9;262
3344;3.8;263
3346;0.8;264
3348;1.6;264
3350;2.9;266
3352;3.7;262
3354;3.7;263
3356;2.6;263
3358;4.1;261
3360;2.6;262
3362;2.1;261
3364;4.7;260
3366;1.5;261
3368;2.3;260
3370;3.6;260
3372;2.3;257
3374;2.6;258
3376;1.7;259
3378;3.4;256
3380;1.7;258
3382;1.4;257
3384;3.4;257
3386;1;258
3388;0.9;258
3390;1.5;260
3392;1.4;259
3394;1.9;261
3396;1.2;263
3398;3.5;262
3400;1.1;264
3402;2.1;265
3404;4.4;265
3406;2;265
3408;2.2;265
3410;3.3;266
3412;3;264
3414;3.1;265
3416;2.5;266
3418;2.9;264
3420;3.4;265
3422;2.8;264
3424;5.4;262
3426;1.9;262
3428;2.5;262
3430;3.3;262
3432;2;262
3434;1.6;262
3436;1.6;264
3438;3.1;262
3440;1.9;265
3442;2;264
3444;4.2;264
3446;2.3;265
3448;2.6;265
3450;2.7;267
3452;2.5;265
3454;3.2;267
3456;2.8;267
3458;4.3;265
3460;2.6;267
3462;2.5;266
3464;4.8;266
3466;2;266
3468;2.5;266
3470;3.1;267
3472;3;265
3474;4.2;266
3476;3;266
3478;3.1;264
3480;2.7;266
3482;2;266
3484;4.6;266
3486;1.4;267
3488;3.2;267
3490;4.4;267
3492;2.9;265
3494;2.9;266
3496;2.7;267
3498;3.1;265
3500;3.3;267
3502;2.4;266
3504;3.8;266
3506;1.9;267
3508;2.5;267
3510;3.4;269
3512;3.2;267
3514;4.2;268
3516;3.2;268
3518;4;266
3520;2.8;269
3522;2.9;268
3524;4.9;268
3526;2.5;268
3528;3.4;268
3530;3.6;269
3532;3.2;267
3534;3.7;269
3536;3.6;269
3538;3.6;266
3540;3.8;267
3542;3.2;266
3544;5;265
3546;2.3;265
3548;3.1;264
3550;4.1;264
3552;2.5;262
3554;4.8;263
3556;2.5;263
3558;3.4;261
3560;2.7;262
3562;2.1;261
3564;3.2;261
3566;1.5;262
3568;1.8;261
3570;2.8;263
3572;1.4;262
3574;2.2;264
3576;2.1;265
3578;2.2;265
3580;2.7;268
3582;2.8;268
3584;4.7;268
3586;2.2;268
3588;3.3;267
3590;3.8;268
3592;3.3;266
3594;3.4;267
3596;3.2;267
3598;2.5;266
3600;3.5;267
3602;3.2;266
3604;5.1;264
3606;3.1;264
3608;3.3;263
3610;3.7;262
3612;2.3;263
3614;2.4;263
3616;2.2;263
3618;1.7;263
3620;1.9;265
3622;2;265
3624;3.1;266
3626;1.7;268
3628;2.5;268
3630;4.2;269
3632;2.9;268
3634;3.9;269
3636;3.6;269
3638;3;268
3640;3.8;270
3642;3.1;269
3644;4.8;269
3646;2.7;269
3648;3.7;268
3650;5.1;268
3652;3.7;265
3654;3.5;266
3656;3.4;266
3658;2.1;264
3660;3;266
3662;2.7;265
3664;3.9;266
3666;1.8;267
3668;3;266
3670;3.4;267
3672;2.1;267
3674;3.6;268
3676;3.8;268
3678;3.1;266
3680;3.5;268
3682;3.5;266
3684;3.7;266
3686;2.5;267
3688;2.6;266
3690;3.8;268
3692;2.8;266
3694;4.1;267
3696;3.3;267
3698;2.9;265
3700;3.4;267
3702;3.1;266
3704;4.3;266
3706;1.9;266
3708;2.9;266
3710;3.2;267
3712;2.1;266
3714;3.5;268
3716;2.7;268
3718;2.5;267
3720;3.9;269
3722;3.6;267
3724;4.4;266
3726;2.9;267
3728;3.7;266
3730;3.8;265
3732;2.6;264
3734;3.1;265
3736;2.7;266
3738;2.6;264
3740;3.2;266
3742;3.1;264
3744;4.3;264
3746;2.2;264
3748;2.1;264
3750;3.4;265
3752;2.8;263
3754;3.2;264
3756;2.5;265
3758;1.9;264
3760;2.2;267
3762;2.2;267
3764;4.1;268
3766;2.8;268
3768;3.1;267
3770;4;268
3772;3.7;265
3774;3.7;266
3776;3.2;266
3778;2.7;264
3780;3.3;265
3782;2.6;264
3784;4;264
3786;2.4;264
3788;3.4;263
3790;4.5;262
3792;2.9;260
3794;2.8;261
3796;1.9;261
3798;2.6;259
3800;2.3;261
3802;1.6;261
3804;2.6;262
3806;1.2;263
3808;1.5;264
3810;2;266
3812;1.9;266
3814;3.1;267
3816;3.2;267
3818;3.6;265
3820;2.4;267
3822;3.5;266
3824;3.8;266
3826;3.8;266
3828;2;265
3830;2.5;268
3832;2.3;267
3834;3.8;267
3836;4.5;266
3838;4.2;263
3840;3.1;264
3842;2.5;263
3844;4.9;262
3846;1.2;263
3848;2.7;262
3850;3.4;263
3852;1.5;262
3854;2;264
3856;1.4;266
3858;2.6;265
3860;2.8;267
3862;3.9;265
3864;3.2;264
3866;3.1;264
3868;1.1;265
3870;2.8;267
3872;1.7;266
3874;2.7;269
3876;2.6;270
3878;3.1;269
3880;2.6;272
3882;3.9;270
3884;6;269
3886;3;268
3888;3.4;267
3890;4.2;268
3892;3.1;265
3894;3.7;266
3896;2.5;267
3898;3.1;265
3900;2.6;267
3902;2.1;267
3904;4.7;267
3906;2.7;268
3908;4;266
3910;4.5;266
3912;3;264
3914;2.8;266
3916;2.2;266
3918;3.3;264
3920;3;266
3922;2.5;266
3924;4.7;266
3926;3.2;265
3928;2.7;264
3930;3.2;265
3932;3;263
3934;3.2;264
3936;2.5;265
3938;4.9;263
3940;1.4;265
3942;1.4;265
3944;4.2;266
3946;1.3;266
3948;2.3;267
3950;3.3;269
3952;3.8;265
3954;3.9;266
3956;2.7;266
3958;4.5;264
3960;3.2;265
3962;2.5;264
3964;4.9;263
3966;2.2;264
3968;3.2;262
3970;4.3;262
3972;2.9;260
3974;3;260
3976;1.9;261
3978;3.7;258
3980;2.2;260
3982;1.8;259
3984;3.4;259
3986;0.9;259
3988;0.8;260
3990;1.7;262
3992;1.7;261
3994;2.6;263
3996;1.5;264
3998;3.9;262
4000;2;265
4002;1.5;265
4004;4.2;265
4006;2.1;266
4008;2.3;265
4010;3;267
4012;3;265
4014;3;266
4016;2.5;267
4018;3.5;265
4020;3.3;266
4022;3;265
4024;5.2;264
4026;2.2;263
4028;2.9;262
4030;3.4;263
4032;2.2;264
4034;2.3;264
4036;1.4;265
4038;3.1;266
4040;2.2;266
4042;2.2;266
4044;4.1;267
4046;1.7;268
4048;2.1;268
4050;3.3;270
4052;2.9;268
4054;3.6;270
4056;3.1;271
4058;4.5;269
4060;2.9;270
4062;3.1;269
4064;5.4;269
4066;2.6;269
4068;2.9;268
4070;3.6;270
4072;3.5;267
4074;3.6;269
4076;2.9;270
4078;4.3;268
4080;3.4;269
4082;2.8;268
4084;5.1;268
4086;2.1;269
4088;3.5;269
4090;4.4;269
4092;3.4;267
4094;3.4;268
4096;3.2;269
4098;3.1;267
4100;4;269
4102;3.2;268
4104;4.7;268
4106;2.9;268
4108;3.5;267
4110;3.6;269
4112;3.4;267
4114;4;268
4116;3.1;268
4118;4.2;267
4120;3.1;269
4122;2.8;267
4124;4.6;268
4126;2.2;269
4128;2.9;268
4130;3.6;270
4132;2.8;268
4134;3.7;270
4136;3.7;270
4138;3.9;267
4140;4;268
4142;3.5;267
4144;4.8;266
4146;2.9;266
4148;3.5;265
4150;4.4;264
4152;3.1;263
4154;3.1;263
4156;2.9;263
4158;3;260
4160;2.8;262
4162;1.7;261
4164;3.3;262
4166;1.4;263
4168;1.8;263
4170;2.6;265
4172;1.5;265
4174;2.6;267
4176;2.6;268
4178;2.2;268
4180;3;271
4182;3.5;270
4184;5.3;270
4186;3;270
4188;3.8;269
4190;4.3;270
4192;3.8;268
4194;4.2;269
4196;3.8;268
4198;3.3;266
4200;3.9;267
4202;3.7;265
4204;5.1;263
4206;2.9;263
4208;3.7;261
4210;3.5;261
4212;2.4;261
4214;2.3;261
4216;2.2;262
4218;1.8;263
4220;2.1;263
4222;1.5;264
4224;2.2;265
4226;1.1;267
4228;2.1;267
4230;3.8;268
4232;2.7;267
4234;4;268
4236;3.3;269
4238;3.2;267
4240;3.6;269
4242;3.2;267
4244;4.6;267
4246;2.6;267
4248;3.5;266
4250;4.2;267
4252;3.8;264
4254;3.6;265
4256;2.9;265
4258;1.9;264
4260;2.7;266
4262;2.5;265
4264;3.3;265
4266;2;267
4268;2.8;267
4270;3.1;268
4272;2.3;267
4274;3.3;269
4276;3.7;269
4278;3.5;267
4280;3.4;268
4282;3.6;267
4284;4;267
4286;2.2;267
4288;2.9;267
4290;4;268
4292;2.8;266
4294;3.7;267
4296;3.2;267
4298;2.8;266
4300;3.4;267
4302;2.9;266
4304;4.2;267
4306;2;268
4308;3.1;267
4310;3.4;269
4312;2.4;268
4314;3.8;269
4316;2.9;270
4318;2.6;269
4320;3.8;271
4322;3.7;269
4324;4.7;268
4326;3.1;269
4328;3.9;268
4330;4.2;268
4332;2.8;266
4334;3.6;267
4336;3.2;268
4338;3.4;266
4340;3.3;267
4342;3.3;266
4344;4.5;265
4346;2.6;265
4348;2.7;265
4350;3.5;266
4352;3.1;264
4354;3.3;266
4356;2.8;266
4358;2.1;266
4360;2.6;268
4362;2.8;268
4364;4.3;269
4366;2.7;270
4368;3.5;269
4370;4.1;270
4372;4;267
4374;4.2;268
4376;3.5;268
4378;3.2;266
4380;3.9;267
4382;3.1;265
4384;4.7;264
4386;2.8;264
4388;3.9;263
4390;4.7;262
4392;2.9;260
4394;3.1;260
4396;2.1;260
4398;2.2;259
4400;2.4;261
4402;1;260
4404;2.7;261
4406;1.2;262
4408;1.4;263
4410;2.3;265
4412;1.7;265
4414;3.2;267
4416;3.3;267
4418;4.4;264
4420;2.2;267
4422;4.1;265
4424;3.9;265
4426;3.8;264
4428;2.1;263
4430;2.4;265
4432;2.3;264
4434;3.8;265
4436;3.9;264
4438;3.6;261
4440;3;263
4442;2.4;261
4444;4.7;260
4446;1.4;261
4448;3.2;260
4450;3.3;261
4452;1.1;260
4454;1.8;262
4456;1.6;263
4458;2.3;262
4460;2.4;264
4462;3.7;262
4464;3.3;262
4466;2.4;262
4468;0.8;263
4470;2.7;265
4472;1.4;265
4474;2.4;268
4476;2.5;269
4478;3.6;268
4480;2.8;270
4482;3.6;268
4484;5.7;268
4486;2.8;267
4488;3.5;266
4490;4.1;267
4492;3.3;264
4494;3.3;265
4496;2.2;266
4498;3.2;264
4500;2.5;266
4502;2;266
4504;4.6;266
4506;2.5;267
4508;3.9;265
4510;4.2;265
4512;2.7;263
4514;3.7;265
4516;2.4;265
4518;3.5;263
4520;3;266
4522;2.7;265
4524;4.9;264
4526;2.8;264
4528;2.6;263
4530;2.8;265
4532;2.6;263
4534;3.6;265
4536;2.1;265
4538;4.7;263
4540;1.4;266
4542;1.9;266
4544;4.2;267
4546;1.4;268
4548;2.3;268
4550;3.4;270
4552;4.4;266
4554;3.7;268
4556;3.3;268
4558;4.5;265
4560;3.3;267
4562;2.9;266
4564;5.4;265
4566;2.6;264
4568;3.7;263
4570;4.3;263
4572;2.8;260
4574;2.5;261
4576;2;262
4578;3.7;259
4580;2.1;261
4582;1.8;261
4584;3.5;261
4586;1.6;261
4588;1.3;261
4590;2.4;264
4592;2.4;262
4594;3.2;264
4596;2.2;266
4598;4.1;264
4600;2.4;266
4602;2.3;265
4604;4.9;265
4606;2.7;265
4608;2.8;264
4610;3.5;266
4612;3.4;263
4614;3.1;264
4616;2.9;264
4618;3.7;262
4620;2.9;263
4622;2.4;262
4624;4.8;260
4626;1.2;261
4628;1.9;261
4630;2.6;262
4632;1.7;261
4634;2.3;263
4636;1.6;264
4638;2.6;263
4640;2;266
4642;2;266
4644;4.8;266
4646;2.7;265
4648;2.9;265
4650;3.4;266
4652;3;264
4654;3.8;265
4656;3;265
4658;4.4;262
4660;2.2;264
4662;2.2;263
4664;4.4;263
4666;1.8;263
4668;2.2;263
4670;2.8;265
4672;2.7;262
4674;3.5;264
4676;2.4;264
4678;3.3;262
4680;2.6;264
4682;2.1;264
4684;4.3;264
4686;1.5;265
4688;2.8;265
4690;4.3;265
4692;3;263
4694;3.3;264
4696;2.8;265
4698;2.9;263
4700;3;265
4702;2.5;264
4704;4.3;264
4706;1.7;265
4708;2.3;265
4710;3.3;266
4712;2.6;264
4714;3.7;266
4716;2.6;266
4718;3.4;265
4720;2.9;267
4722;2.7;267
4724;4.7;267
4726;2;268
4728;2.8;268
4730;3.8;269
4732;2.9;267
4734;3.5;269
4736;3.3;269
4738;2.9;268
4740;4.1;269
4742;3.6;268
4744;5.3;267
4746;2.6;267
4748;3.6;266
4750;4.3;265
4752;3;264
4754;4.2;264
4756;3.3;264
4758;2.9;262
4760;3.1;263
4762;2.1;262
4764;3.3;263
4766;1.9;264
4768;2.2;264
4770;2.9;265
4772;1.8;264
4774;2.7;267
4776;2.6;268
4778;2.4;268
4780;3.2;271
4782;3.3;270
4784;4.8;270
4786;2.7;271
4788;3.8;269
4790;4.2;270
4792;3.8;268
4794;4.5;268
4796;4.3;268
4798;3.4;266
4800;4;266
4802;4;264
4804;3.3;263
4806;2.6;263
4808;3.1;261
4810;3.3;261
4812;1.9;260
4814;2.5;262
4816;2.1;263
4818;1.9;262
4820;2.1;264
4822;2.1;264
4824;3.1;265
4826;1.9;266
4828;2.7;266
4830;3.6;267
4832;3.3;265
4834;3.9;266
4836;3.5;265
4838;2.6;264
4840;3;266
4842;2.7;265
4844;4.1;265
4846;2.4;266
4848;3.1;265
4850;4.4;265
4852;3.1;262
4854;3.9;263
4856;3.1;262
4858;2.5;261
4860;2.9;262
4862;2.4;262
4864;3.2;262
4866;2;263
4868;2.4;263
4870;3.1;264
4872;1.6;264
4874;3.1;265
4876;3.1;265
4878;3.1;263
4880;3.3;264
4882;3.1;263
4884;3.8;263
4886;2.3;264
4888;2.1;263
4890;3.5;264
4892;1.9;263
4894;3.8;264
4896;2.9;264
4898;2.3;263
4900;2.9;266
4902;2.9;265
4904;4.1;265
4906;1.5;266
4908;3;265
4910;3.1;267
4912;2.1;266
4914;3.7;268
4916;3.1;268
4918;2.4;268
4920;4;269
4922;3.5;268
4924;4.7;267
4926;3.4;268
4928;3.7;266
4930;4.4;266
4932;2.8;264
4934;3.8;265
4936;3;265
4938;2.6;263
4940;3.1;265
4942;2.9;264
4944;3.7;264
4946;2.1;264
4948;2;264
4950;3;265
4952;2.5;264
4954;3;265
4956;2.5;266
4958;2;265
4960;2.6;268
4962;2.4;268
4964;4.3;269
4966;2.5;269
4968;3.1;269
4970;4.6;269
4972;3.9;266
4974;3.9;267
4976;3.3;266
4978;3.5;264
4980;3.3;265
4982;3.1;264
4984;4.9;263
4986;2.3;263
4988;2.8;262
4990;4.1;262
4992;2.5;260
4994;3.2;260
4996;2;261
4998;2.3;259
5000;2.4;261
5002;1.1;260
5004;3.1;261
5006;0.8;263
5008;1.2;263
5010;2.7;264
5012;1.6;264
5014;3;266
5016;3.1;266
5018;3.7;264
5020;2;265
5022;3.7;264
5024;3.7;264
5026;3.7;263
5028;2;262
5030;2.1;264
5032;2.3;263
5034;3.4;264
5036;3.6;263
5038;3.5;260
5040;3;261
5042;2.3;260
5044;4.3;259
5046;1.2;260
5048;2.1;259
5050;3.4;259
5052;1.1;258
5054;1.5;261
5056;1.1;263
5058;1.9;262
5060;2.7;264
5062;4;262
5064;3.5;261
5066;2.6;261
5068;1.4;261
5070;2.8;263
5072;1.5;262
5074;2.7;265
5076;2.7;265
5078;3.1;264
5080;1.9;265
5082;2.7;264
5084;5.1;264
5086;2;264
5088;2.4;263
5090;3.5;264
5092;2.8;262
5094;3;263
5096;2.1;264
5098;2.8;263
5100;2.5;265
5102;1.5;265
5104;4.6;265
5106;2;265
5108;3.2;265
5110;4.3;264
5112;2.8;262
5114;3.2;263
5116;2.2;264
5118;3.3;262
5120;2.9;264
5122;2.1;263
5124;4.6;263
5126;2.2;262
5128;1.8;262
5130;2.4;263
5132;2.5;262
5134;3.2;263
5136;1.9;264
5138;4.3;262
5140;1.5;265
5142;1.6;265
5144;4.1;266
5146;1.5;267
5148;1.9;267
5150;3.3;269
5152;4.1;266
5154;3.6;267
5156;3;267
5158;4.6;265
5160;3.3;266
5162;2.6;265
5164;5.2;264
5166;1.9;263
5168;3.6;262
5170;4.3;262
5172;2.6;260
5174;2.6;261
5176;1.6;262
5178;3.3;259
5180;2.2;262
5182;2;261
5184;3.7;261
5186;1.3;262
5188;1.8;262
5190;2.2;264
5192;2.1;263
5194;2.6;265
5196;1.9;267
5198;4.2;265
5200;2.4;267
5202;2.4;267
5204;5.1;267
5206;2.8;266
5208;2.6;266
5210;3.7;267
5212;3.3;264
5214;3.7;265
5216;2.8;265
5218;4.3;263
5220;3.1;263
5222;2.3;263
5224;5.1;262
5226;1.7;262
5228;2.9;261
5230;3.4;261
5232;1.8;260
5234;2.1;262
5236;1.7;263
5238;2.9;261
5240;2.2;264
5242;1.9;264
5244;3.9;264
5246;1.8;265
5248;1.9;265
5250;2.5;267
5252;2.3;267
5254;3.1;269
5256;3;270
5258;4.9;268
5260;3.6;269
5262;3.7;268
5264;3.4;267
5266;3.1;266
5268;2.9;265
5270;3.5;267
5272;3.2;264
5274;3.8;265
5276;2.9;266
5278;3.9;263
5280;3.3;265
5282;2.3;264
5284;4.4;264
5286;2;265
5288;2.8;264
5290;4;265
5292;2.4;263
5294;3.4;264
5296;2.9;265
5298;3;262
5300;3.1;264
5302;2.1;263
5304;4.3;263
5306;2.5;263
5308;3.2;263
5310;3.3;264
5312;2.5;262
5314;3.2;264
5316;2.5;264
5318;3.5;263
5320;2.4;265
5322;2;265
5324;4.4;265
5326;2;266
5328;2.7;266
5330;3.5;268
5332;3;266
5334;3.2;267
5336;3.4;267
5338;3.3;266
5340;3.7;267
5342;3.3;266
5344;5.1;265
5346;2.8;264
5348;3.7;263
5350;4.5;262
5352;2.5;260
5354;2.9;261
5356;2.7;260
5358;3.2;258
5360;2.4;258
5362;1;257
5364;2.1;258
5366;0.9;259
5368;0.9;259
5370;1.4;261
5372;0.8;261
5374;1.5;263
5376;1.5;265
5378;2.1;265
5380;2.8;268
5382;2.9;267
5384;4.2;267
5386;2.5;268
5388;3.9;267
5390;4.1;267
5392;3.5;265
5394;3.8;265
5396;3.6;265
5398;3.3;263
5400;3.6;263
5402;3.4;261
5404;4.4;260
5406;2.1;260
5408;2.2;259
5410;3;259
5412;1.9;258
5414;1.8;259
5416;1.8;260
5418;1.2;259
5420;1.8;262
5422;1.6;262
5424;2.3;264
5426;1.5;266
5428;1.9;266
5430;3.7;267
5432;2.9;266
5434;3.9;266
5436;3.8;266
5438;3.1;264
5440;3.9;265
5442;3.1;264
5444;4.3;263
5446;2.6;263
5448;3.1;262
5450;4.1;262
5452;2.6;260
5454;2.9;260
5456;2.3;261
5458;1.7;260
5460;1.7;262
5462;1.9;262
5464;3.1;263
5466;1.8;264
5468;2.5;264
5470;3;265
5472;1.9;265
5474;2.8;266
5476;3.3;267
5478;3.5;265
5480;3.6;266
5482;3.6;264
5484;4.4;263
5486;2.6;264
5488;2.9;263
5490;3.8;263
5492;2.5;262
5494;3.4;262
5496;2.9;262
5498;2.3;261
5500;2.4;263
5502;1.8;263
5504;4.1;263
5506;1.5;264
5508;2.5;263
5510;2.9;265
5512;1.9;264
5514;3.1;266
5516;2.7;266
5518;3.1;266
5520;3.5;267
5522;3.3;266
5524;4.1;266
5526;2.4;266
5528;3.8;264
5530;4;265
5532;2.9;263
5534;3.8;264
5536;2.9;264
5538;2.7;262
5540;3;264
5542;2.7;263
5544;3.9;263
5546;2.2;264
5548;2;264
5550;3.3;265
5552;2.5;264
5554;3.5;265
5556;2.4;266
5558;2.1;265
5560;2.3;268
5562;2.1;268
5564;4.3;269
5566;3;269
5568;3.5;269
5570;4.5;269
5572;4.1;267
5574;4.3;267
5576;3.8;266
5578;3.7;264
5580;3.7;265
5582;3.1;263
5584;4.4;262
5586;2.4;262
5588;2.9;261
5590;4;260
5592;2.1;259
5594;2.7;259
5596;1.9;260
5598;2.1;258
5600;2.1;260
5602;1;260
5604;2.7;260
5606;0.7;262
5608;1.2;262
5610;2.3;265
5612;1.4;265
5614;3.3;266
5616;3.4;266
5618;4;264
5620;2.7;266
5622;3.5;265
5624;4.1;265
5626;3.9;264
5628;2.4;263
5630;2.9;265
5632;2.2;264
5634;4.1;265
5636;4.1;264
5638;3.6;261
5640;3;263
5642;2.4;261
5644;4.9;259
5646;1.3;260
5648;2.4;259
5650;3.1;259
5652;1.4;259
5654;1.8;261
5656;1.3;262
5658;2.1;261
5660;2.5;263
5662;3;261
5664;3.2;261
5666;2.1;261
5668;0.8;262
5670;2.7;264
5672;1.8;263
5674;3.5;265
5676;3;265
5678;3.6;263
5680;2.3;265
5682;3;264
5684;4.8;263
5686;2.1;263
5688;2.8;263
5690;3.6;263
5692;3.2;260
5694;2.8;262
5696;2.2;262
5698;2.9;260
5700;2.1;263
5702;1.7;263
5704;4.3;263
5706;2.2;263
5708;2.8;262
5710;4.3;262
5712;2.8;260
5714;3;261
5716;2.3;261
5718;3.2;259
5720;2.4;261
5722;1.7;260
5724;4.1;260
5726;1.8;260
5728;1.5;260
5730;2.4;262
5732;2.2;260
5734;2.7;262
5736;1.5;263
5738;4.3;261
5740;0.4;264
5742;1.6;265
5744;4.1;266
5746;1.2;267
5748;1.8;267
5750;3.3;270
5752;4.6;266
5754;3.9;268
5756;3.2;268
5758;4.9;265
5760;3.2;266
5762;2.9;265
5764;5.4;264
5766;2.2;264
5768;3.5;263
5770;4.6;262
5772;2.9;260
5774;2.6;261
5776;1.7;262
5778;3.6;259
5780;1.9;262
5782;1.9;261
5784;3.8;261
5786;1.7;261
5788;1.9;262
5790;2.4;264
5792;2.1;263
5794;2.7;265
5796;1.9;266
5798;4.5;264
5800;2.2;266
5802;2.3;266
5804;5.2;266
5806;3.1;265
5808;2.7;264
5810;3.8;263
5812;3.9;262
5814;3.5;263
5816;2.8;263
5818;3.9;260
5820;3.1;261
5822;2.1;260
5824;4.8;259
5826;1.7;259
5828;2.3;258
5830;2.8;259
5832;1.9;257
5834;1.5;258
5836;1;260
5838;2.7;258
5840;1.4;260
5842;1.7;260
5844;3.8;260
5846;1.3;260
5848;1.9;260
5850;2.8;261
5852;2.5;259
5854;3.1;260
5856;2.1;261
5858;3.5;259
5860;1.7;261
5862;1.8;260
5864;4.5;259
5866;1.4;259
5868;1.8;259
5870;2.2;260
5872;2;258
5874;2.8;259
5876;1.9;260
5878;2.6;258
5880;1.5;260
5882;1.1;260
5884;3.9;260
5886;0.7;262
5888;2.3;262
5890;3.7;262
5892;2.5;260
5894;2.6;261
5896;2.5;262
5898;2.7;259
5900;2.7;261
5902;1.9;260
5904;3.7;260
5906;1.5;261
5908;1.8;260
5910;2.5;261
5912;2.3;260
5914;2.8;262
5916;2;263
5918;3.3;261
5920;1.7;264
5922;2;263
5924;4.3;263
5926;1.6;264
5928;2.1;264
5930;2.8;266
5932;2.7;264
5934;3;266
5936;3.1;266
5938;3.1;265
5940;3.1;266
5942;3.4;265
5944;4.8;264
5946;2.2;265
5948;3.2;264
5950;4.2;263
5952;2.7;262
5954;3.2;262
5956;2.6;263
5958;3.2;260
5960;2.8;262
5962;1.8;261
5964;2.9;262
5966;1.1;263
5968;2.2;263
5970;2.8;265
5972;1.7;264
5974;2.5;266
5976;2.1;268
5978;2.4;268
5980;3.1;271
5982;3.4;270
5984;5.1;271
5986;2.9;271
5988;4.4;270
5990;4.6;270
5992;4.1;268
5994;4.5;268
5996;3.9;268
5998;3.6;266
6000;3.8;267
6002;3.7;265
6004;4.9;263
6006;2.9;263
6008;3.1;262
6010;3.6;262
6012;2.5;261
6014;2.7;262
6016;2.2;263
6018;2.3;262
6020;2.3;265
6022;2.4;265
6024;2.8;266
6026;2;268
6028;3;268
6030;4.2;268
6032;3.4;267
6034;4.6;267
6036;3.9;267
6038;3.3;265
6040;3.7;266
6042;3.4;264
6044;4.6;264
6046;2.8;264
6048;3.5;262
6050;4.5;262
6052;3.1;260
6054;2.9;260
6056;2.6;260
6058;1.9;259
6060;2.3;260
6062;1.8;260
6064;3.2;260
6066;1.5;261
6068;2.1;261
6070;2.4;262
6072;1.4;263
6074;2.5;264
6076;2.9;264
6078;3;262
6080;3.3;263
6082;2.9;262
6084;3.7;262
6086;2.4;262
6088;2.2;261
6090;3.3;262
6092;2.1;260
6094;3.4;261
6096;2.6;261
6098;2;260
6100;2.5;262
6102;2.2;260
6104;3.4;260
6106;0.4;262
6108;2;262
6110;2.3;265
6112;1.7;264
6114;3;266
6116;2.6;266
6118;2.3;265
6120;3.5;267
6122;3.1;266
6124;4.4;266
6126;2.8;266
6128;3.9;265
6130;4.2;264
6132;2.7;262
6134;3.2;263
6136;2.7;263
6138;2.6;261
6140;2.7;263
6142;2.3;263
6144;3.7;262
6146;1.7;263
6148;2.2;263
6150;2.8;265
6152;2.6;264
6154;3.1;265
6156;2.4;266
6158;2.2;266
6160;2.3;269
6162;2.2;269
6164;4.3;270
6166;2.8;271
6168;3.3;270
6170;4.9;271
6172;4.2;268
6174;4.7;269
6176;3.8;269
6178;3.8;267
6180;3.9;268
6182;3.4;266
6184;4.7;266
6186;2.7;266
6188;3.3;265
6190;4.5;265
6192;3.1;263
6194;3.4;264
6196;2.8;264
6198;3;262
6200;2.5;264
6202;1.6;264
6204;3.4;265
6206;1.4;266
6208;1.9;267
6210;3;269
6212;2.3;268
6214;3.5;270
6216;3.9;270
6218;5.3;268
6220;2.8;270
6222;4.2;268
6224;4.7;268
6226;4.5;267
6228;2.8;266
6230;3;268
6232;2.8;267
6234;4.5;268
6236;4.6;267
6238;4.4;263
6240;3.4;265
6242;2.8;263
6244;5.2;262
6246;1.7;263
6248;3.1;262
6250;3.6;262
6252;1.7;261
6254;2.6;263
6256;1.9;264
6258;2.7;263
6260;2.8;265
6262;3.8;263
6264;3.2;262
6266;2.7;262
6268;1.2;262
6270;2.9;264
6272;1.8;263
6274;2.6;265
6276;2.7;266
6278;3.6;265
6280;2.5;267
6282;3.2;265
6284;5.4;265
6286;2.4;265
6288;3;264
6290;3.7;265
6292;3.1;262
6294;3.3;263
6296;1.9;264
6298;2.9;263
6300;2.1;265
6302;1.5;265
6304;4.4;265
6306;2.2;266
6308;3.7;265
6310;4.5;264
6312;3;262
6314;3.3;263
6316;2.5;264
6318;3.8;261
6320;3.3;263
6322;2.5;262
6324;4.5;262
6326;2.5;261
6328;2.4;261
6330;2.7;262
6332;2.7;260
6334;2.9;262
6336;1.9;263
6338;4.5;260
6340;0.9;263
6342;1.6;264
6344;3.9;265
6346;0.8;266
6348;2.1;266
6350;3.1;268
6352;3.9;265
6354;3.7;267
6356;3;267
6358;4.6;264
6360;3.1;266
6362;2.4;265
6364;5.1;265
6366;2;265
6368;3.1;265
6370;4.7;265
6372;3;262
6374;3.2;264
6376;2.2;265
6378;4;262
6380;2.7;264
6382;2.2;264
6384;4.1;264
6386;1.8;264
6388;1.9;265
6390;2.7;267
6392;2.9;266
6394;3;268
6396;2;270
6398;4.8;268
6400;2.8;271
6402;3;271
6404;5.4;271
6406;3.4;271
6408;4;270
6410;4.3;271
6412;4.4;268
6414;4.1;269
6416;3.9;269
6418;4.4;266
6420;3.3;267
6422;3.1;267
6424;5.9;265
6426;2.1;265
6428;3.3;264
6430;3.8;265
6432;2.6;263
6434;2.7;265
6436;2;266
6438;3.4;264
6440;2.5;267
6442;2.4;266
6444;4.3;267
6446;2.1;268
6448;2.7;267
6450;3.6;269
6452;3.6;267
6454;4.3;269
6456;3.3;268
6458;5.2;266
6460;2.8;268
6462;3.2;266
6464;5.2;266
6466;2.7;265
6468;3;264
6470;3.5;265
6472;3.6;263
6474;3.9;263
6476;3.1;263
6478;3.6;261
6480;2.7;262
6482;1.9;262
6484;4.3;262
6486;1.3;263
6488;2.3;262
6490;4;262
6492;2.6;260
6494;2.8;261
6496;2.7;261
6498;2.6;259
6500;2.6;261
6502;1.9;260
6504;3.4;260
6506;1.3;261
6508;1.6;261
6510;3.1;263
6512;2.2;261
6514;3;262
6516;2.3;263
6518;3.7;261
6520;2.1;263
6522;1.9;263
6524;4.5;263
6526;1.7;263
6528;2.1;263
6530;3;265
6532;2.5;263
6534;2.8;264
6536;3;265
6538;2.7;263
6540;3.1;264
6542;3.1;263
6544;4.6;262
6546;2.2;262
6548;2.9;261
6550;4;261
6552;1.8;259
6554;2.6;260
6556;2.3;261
6558;2.5;259
6560;2.2;261
6562;1.5;261
6564;2.8;261
6566;1.3;263
6568;1.7;263
6570;2.6;265
6572;1.6;265
6574;2.1;267
6576;2;269
6578;2.7;269
6580;3.1;272
6582;3.4;272
6584;5.4;272
6586;3.1;272
6588;4.2;271
6590;4.4;272
6592;4.2;270
6594;4.2;271
6596;4.1;271
6598;3.9;269
6600;3.9;270
6602;3.7;269
6604;5.5;267
6606;3.3;267
6608;3.9;266
6610;4;266
6612;2.7;264
6614;3.2;266
6616;2.6;267
6618;2.5;265
6620;2.4;268
6622;2.6;268
6624;3.7;269
6626;2.2;271
6628;3.3;271
6630;4.9;271
6632;3.9;270
6634;4.4;270
6636;3.9;270
6638;3.7;268
6640;4.3;270
6642;3.9;269
6644;5.2;269
6646;3.1;268
6648;3.8;267
6650;4.9;267
6652;4.1;264
6654;4;264
6656;3.4;264
6658;2.5;262
6660;2.9;263
6662;2.4;263
6664;3.4;263
6666;1.9;265
6668;2.7;264
6670;3.4;265
6672;2.1;265
6674;3.1;266
6676;3.4;266
6678;3.4;263
6680;3.4;264
6682;3.1;263
6684;3.5;263
6686;2.3;263
6688;2.8;263
6690;3;264
6692;2.1;263
6694;3.4;263
6696;3.3;264
6698;2.7;262
6700;2.7;264
6702;2.5;262
6704;3.9;263
6706;1.2;263
6708;2.5;263
6710;2.6;264
6712;2;263
6714;3.3;265
6716;2.5;265
6718;1.6;264
6720;2.9;266
6722;3.6;265
6724;4.6;263
6726;2.3;264
6728;3.9;262
6730;3.8;262
6732;2;260
6734;2.9;261
6736;2.1;262
6738;2;260
6740;2.2;262
6742;2.1;262
6744;3.7;261
6746;1.9;262
6748;1.9;262
6750;2.9;263
6752;2.3;262
6754;3;263
6756;2.2;264
6758;1.9;264
6760;1.8;267
6762;2;267
6764;3.7;268
6766;2.3;269
6768;3.4;269
6770;4.3;269
6772;3.7;267
6774;3.7;268
6776;3.3;268
6778;2.9;266
6780;3.3;267
6782;2.7;267
6784;4.3;266
6786;2.2;267
6788;3.3;266
6790;4.8;266
6792;3.1;264
6794;3;265
6796;2.5;265
6798;2.9;263
6800;2.7;265
6802;1.9;265
6804;3.6;265
6806;1.5;267
6808;1.9;267
6810;3.2;270
6812;2.3;269
6814;3.9;271
6816;3.9;271
6818;4.5;268
6820;2.7;271
6822;4.3;269
6824;4.4;269
6826;4.6;268
6828;2.4;267
6830;2.8;270
6832;2.9;269
6834;4.3;269
6836;5.1;268
6838;4.7;264
6840;3.5;265
6842;3;264
6844;5;262
6846;1.6;263
6848;3.1;262
6850;3.4;262
6852;1.7;261
6854;2.2;263
6856;1.5;265
6858;3;263
6860;2.8;265
6862;4.2;263
6864;3.3;262
6866;2.4;262
6868;1;263
6870;2.8;265
6872;1.7;264
6874;2.6;266
6876;2.2;267
6878;3;267
6880;1.9;269
6882;3.5;268
6884;5.8;266
6886;2.9;266
6888;3.3;265
6890;3.9;265
6892;3.1;262
6894;3.3;263
6896;2.3;264
6898;2.9;262
6900;2.3;264
6902;1.9;264
6904;4.3;264
6906;2.4;264
6908;3.7;263
6910;4;262
6912;2.5;260
6914;2.5;262
6916;2;262
6918;2.8;260
6920;2.1;262
6922;1.7;262
6924;4.1;262
6926;2.2;262
6928;2.4;261
6930;2.8;262
6932;2.5;260
6934;2.8;262
6936;1.6;263
6938;4.1;261
6940;1;264
6942;1.5;263
6944;4.3;264
6946;0.9;265
6948;1.8;266
6950;2.8;268
6952;3.2;265
6954;3.1;268
6956;3;268
6958;4.8;265
6960;2.9;266
6962;2.6;265
6964;5.2;264
6966;1.6;265
6968;3.5;264
6970;4.4;264
6972;2.5;261
6974;3;263
6976;2;263
6978;3.7;261
6980;2.3;263
6982;2;262
6984;3.8;262
6986;1.4;263
6988;1.2;263
6990;2;266
6992;2.2;265
6994;3.3;267
6996;2;269
6998;4.8;267
7000;2.6;269
7002;2.6;269
7004;5.3;269
7006;2.8;269
7008;3.1;268
7010;3.9;269
7012;3.9;267
7014;3.4;268
7016;3;268
7018;4.1;266
7020;3.9;267
7022;3.2;266
7024;5.7;264
7026;2.3;264
7028;3;264
7030;3.5;264
7032;2.5;263
7034;2.7;264
7036;1.9;266
7038;3;264
7040;2.1;267
7042;2;266
7044;4.6;266
7046;2.2;267
7048;2.2;267
7050;2.7;269
7052;3.2;268
7054;3.6;269
7056;2.9;270
7058;4.9;268
7060;3.1;269
7062;3.3;268
7064;5.5;268
7066;2.5;268
7068;3.1;267
7070;3.5;269
7072;3.7;266
7074;4;266
7076;3.1;266
7078;3.6;264
7080;2.8;266
7082;2.3;265
7084;4.8;265
7086;1.6;266
7088;2.8;266
7090;4.5;266
7092;3.1;264
7094;3.4;264
7096;2.6;265
7098;3.6;263
7100;3;264
7102;2.2;263
7104;3.9;263
7106;2;264
7108;1.8;264
7110;2.7;266
7112;2.8;264
7114;3.4;264
7116;2.5;265
7118;3.8;263
7120;2;266
7122;2;266
7124;4.5;266
7126;2;266
7128;2.5;265
7130;2.3;268
7132;2.5;266
7134;2.9;268
7136;2.9;268
7138;3.3;266
7140;3.3;268
7142;3;267
7144;4.8;266
7146;2.8;266
7148;3.1;265
7150;4.3;265
7152;2.8;263
7154;3.3;264
7156;2.8;264
7158;3.2;262
7160;3;263
7162;2.1;262
7164;3.7;262
7166;1.9;263
7168;2.1;262
7170;2.6;264
7172;1.7;263
7174;2.6;265
7176;1.7;267
7178;2.3;267
7180;2.7;270
7182;2.9;269
7184;5;269
7186;2.2;270
7188;3.6;269
7190;4;270
7192;3.6;268
7194;4.1;269
7196;3.2;270
7198;3.5;268
7200;3.9;270
7202;3.8;268
7204;5.5;267
7206;2.8;267
7208;3.5;266
7210;4;265
7212;2.4;264
7214;2.5;266
7216;2.5;267
7218;2.4;266
7220;2.4;269
7222;2.6;269
7224;3.2;270
7226;2.4;272
7228;3.2;272
7230;4.8;272
7232;3.6;271
7234;4.3;271
7236;4.1;271
7238;3.3;270
7240;3.9;272
7242;3.7;271
7244;5.2;271
7246;2.7;271
7248;4.1;270
7250;5;269
7252;4.2;266
7254;4.1;267
7256;3.5;266
7258;3.3;265
7260;3.3;266
7262;2.7;266
7264;3.8;266
7266;2.4;267
7268;2.8;266
7270;3.2;267
7272;2.2;267
7274;3.3;268
7276;3.8;268
7278;3;266
7280;3.3;267
7282;3.4;266
7284;3.9;266
7286;2.7;266
7288;3.1;266
7290;3.7;267
7292;2.9;265
7294;3.9;266
7296;3.4;265
7298;2.8;264
7300;3.3;266
7302;2.7;264
7304;4.1;264
7306;1.6;265
7308;2.8;264
7310;3.1;266
7312;2.2;265
7314;3.6;266
7316;2.4;267
7318;2.7;266
7320;3.7;267
7322;3.2;265
7324;4.3;265
7326;2.6;265
7328;3.5;264
7330;4;264
7332;2.5;263
7334;3.2;264
7336;2.9;264
7338;2.6;263
7340;2.6;264
7342;3.1;263
7344;4.2;263
7346;2.1;263
7348;2;263
7350;3.2;264
7352;2.8;262
7354;3.1;263
7356;2.2;264
7358;2.2;263
7360;2.2;266
7362;1.8;267
7364;3.9;267
7366;2.6;268
7368;3;267
7370;4.1;268
7372;3.4;265
7374;3.9;266
7376;3;266
7378;2.7;264
7380;3.3;266
7382;2.5;265
7384;4.1;265
7386;2.1;266
7388;3.2;265
7390;4.7;264
7392;3;262
7394;3;263
7396;2.5;263
7398;2.4;261
7400;2.5;264
7402;1.3;264
7404;3.2;265
7406;1.6;266
7408;1.9;267
7410;2.8;270
7412;2.1;269
7414;3.6;272
7416;4.1;272
7418;4.5;269
7420;2.4;272
7422;4.3;270
7424;4.5;271
7426;4.2;270
7428;2.9;270
7430;2.8;272
7432;2.9;272
7434;4.7;272
7436;5.2;270
7438;4.7;266
7440;4;268
7442;3.2;266
7444;5.6;265
7446;1.9;265
7448;3.5;264
7450;3.9;265
7452;1.8;264
7454;2.6;266
7456;2.1;267
7458;3.2;265
7460;3.4;267
7462;4;265
7464;3.5;264
7466;2.7;265
7468;1.7;265
7470;3;267
7472;1.9;266
7474;3;269
7476;2.7;270
7478;3.5;269
7480;2.8;271
7482;4.3;270
7484;3.7;269
7486;3;268
7488;3.5;267
7490;4.2;267
7492;3.5;264
7494;3.4;265
7496;2.3;266
7498;3.1;264
7500;2.6;266
7502;2.2;266
7504;4.8;266
7506;2.4;266
7508;3.7;265
7510;4.2;265
7512;2.9;263
7514;3;264
7516;2.4;265
7518;3.7;263
7520;2.9;265
7522;2.3;264
7524;4.4;264
7526;3;263
7528;2.9;262
7530;3.2;263
7532;2.5;261
7534;2.7;262
7536;1.9;263
7538;4.2;260
7540;1;263
7542;1.4;263
7544;3.9;264
7546;0.9;265
7548;1.9;265
7550;2.6;268
7552;3.5;265
7554;3.7;267
7556;2.9;267
7558;4.6;265
7560;3;266
7562;2.6;265
7564;5.1;265
7566;2.1;265
7568;3.1;264
7570;4.4;264
7572;3;261
7574;2.7;263
7576;2.1;263
7578;3.9;261
7580;2.6;263
7582;2.1;262
7584;3.8;262
7586;1.6;262
7588;2.1;263
7590;1.9;265
7592;2.4;264
7594;2.6;266
7596;1.5;268
7598;4.1;267
7600;2;269
7602;2.6;270
7604;5.2;270
7606;2.8;270
7608;3;269
7610;3.9;271
7612;4;268
7614;3.7;269
7616;3;270
7618;4.2;267
7620;3.5;269
7622;3;268
7624;5.8;267
7626;2.6;266
7628;2.9;266
7630;3.5;267
7632;2.5;265
7634;1.9;267
7636;2.4;269
7638;3.6;267
7640;2.8;270
7642;2.9;269
7644;4.8;269
7646;2.4;270
7648;3.1;270
7650;3.6;271
7652;3.4;270
7654;4;271
7656;3.5;271
7658;5.5;269
7660;3.8;270
7662;3.7;268
7664;5.5;268
7666;2.7;268
7668;3.2;267
7670;3.8;268
7672;4;265
7674;3.9;265
7676;3;265
7678;3.8;264
7680;2.7;265
7682;2;265
7684;4.4;265
7686;1.6;266
7688;3;265
7690;4.5;265
7692;3.3;263
7694;3.2;264
7696;2.8;264
7698;3.4;262
7700;3.1;263
7702;2.2;263
7704;3.5;263
7706;1.8;264
7708;2.4;263
7710;3.2;264
7712;2.5;262
7714;3.2;263
7716;1.9;264
7718;3.7;263
7720;2.4;264
7722;1.6;264
7724;4.1;264
7726;1.7;265
7728;2;265
7730;2.7;267
7732;2.5;266
7734;3.1;267
7736;3;267
7738;3;265
7740;3.2;267
7742;2.7;266
7744;4.6;266
7746;2.4;266
7748;3;265
7750;4.1;264
7752;2.7;263
7754;3.2;264
7756;2.9;264
7758;3.1;261
7760;3.2;262
7762;2.1;261
7764;3;262
7766;1.7;262
7768;1.9;262
7770;2.5;263
7772;1.5;262
7774;2.2;265
7776;1.8;266
7778;1.9;266
7780;2.3;269
7782;2.3;269
7784;4.6;269
7786;2.4;270
7788;3.4;269
7790;3.9;270
7792;3.9;268
7794;4;269
7796;3.5;268
7798;3.3;267
7800;3.6;268
7802;3.5;266
7804;4.9;265
7806;2.8;264
7808;3;263
7810;3.6;263
7812;2.2;262
7814;2.1;264
7816;2.3;265
7818;1.9;264
7820;2.1;267
7822;2.1;267
7824;3.1;268
7826;1.9;270
7828;2.9;270
7830;4.5;271
7832;3.1;269
7834;4.4;271
7836;4;270
7838;3.7;269
7840;3.5;271
7842;3.6;270
7844;5;269
7846;2.8;270
7848;3.9;268
7850;4.9;268
7852;4;265
7854;4.2;266
7856;3.3;266
7858;2.3;265
7860;3.2;266
7862;2.3;266
7864;3.4;266
7866;2;268
7868;2.9;268
7870;3.7;268
7872;2.5;268
7874;3.4;269
7876;3.8;269
7878;3.9;267
7880;3.7;268
7882;3.7;267
7884;4;267
7886;3;267
7888;2.9;267
7890;4.3;267
7892;3;265
7894;4;266
7896;3.5;266
7898;2.9;264
7900;3.3;265
7902;3.1;264
7904;4.1;264
7906;1.8;265
7908;2.5;264
7910;2.9;266
7912;1.6;264
7914;3.3;266
7916;2.7;267
7918;2.7;266
7920;3.5;267
7922;3.1;265
7924;4.3;265
7926;2.6;265
7928;2.9;264
7930;4;264
7932;2.2;263
7934;3.2;264
7936;2.7;264
7938;2.8;262
7940;3.1;263
7942;2.6;261
7944;3.7;261
7946;2;261
7948;2;261
7950;2.9;262
7952;2;261
7954;2.9;262
7956;1.9;263
7958;2.1;262
7960;2.1;265
7962;1.8;265
7964;3.5;267
7966;2.3;267
7968;2.6;267
7970;4.1;267
7972;3.4;265
7974;3.7;266
7976;3.1;265
7978;3.1;264
7980;3.1;265
7982;2.4;264
7984;4.1;264
7986;2;264
7988;3.3;264
7990;4.6;263
7992;2.6;261
7994;2.8;262
7996;2.3;262
7998;2.9;260
8000;2.5;262
8002;1.2;262
8004;3;262
8006;1.2;264
8008;1.4;264
8010;2.4;267
8012;1.5;267
8014;3.1;268
8016;3.5;268
8018;4.2;266
8020;2.1;269
8022;3.8;268
8024;3.9;268
8026;3.9;267
8028;2.2;267
8030;3;269
8032;2.5;268
8034;4.3;268
8036;4.5;267
8038;4.1;264
8040;3.3;265
8042;2.6;264
8044;4.9;263
8046;1.8;264
8048;2.7;263
8050;3.5;264
8052;1.8;263
8054;2.6;265
8056;2.1;267
8058;2.9;265
8060;3.1;267
8062;4.2;265
8064;3.5;264
8066;3;265
8068;1.6;265
8070;3;267
8072;2.1;266
8074;2.9;269
8076;3;270
8078;3.6;268
8080;2.9;270
8082;3.7;269
8084;5.8;268
8086;2.9;268
8088;3.7;267
8090;4;268
8092;3.6;265
8094;3.2;266
8096;2.5;266
8098;3.2;265
8100;2.5;267
8102;2.5;267
8104;4.7;266
8106;2.5;267
8108;3.3;266
8110;4.1;266
8112;3;264
8114;3.2;265
8116;2.6;265
8118;3.2;263
8120;3;265
8122;2.6;264
8124;4.4;264
8126;3.3;263
8128;2.7;262
8130;3.1;263
8132;3;261
8134;3.1;262
8136;2.1;263
8138;4.2;261
8140;0.5;264
8142;2.1;263
8144;3.9;264
8146;1.5;265
8148;1.9;265
8150;2.7;267
8152;3.8;264
8154;3.8;265
8156;3.1;265
8158;4.6;262
8160;3.1;263
8162;2.4;262
8164;4.7;261
8166;2.4;261
8168;2.5;260
8170;3.8;260
8172;2.1;257
8174;1.6;259
8176;0.9;261
8178;2.8;260
8180;1.8;262
8182;1.6;262
8184;3.6;263
8186;1.5;263
8188;1.2;264
8190;2.3;267
8192;2.5;265
8194;3;267
8196;2.5;269
8198;4.9;266
8200;2.9;268
8202;2.8;267
8204;5.3;267
8206;3;266
8208;2.9;265
8210;3.7;266
8212;3.6;263
8214;3.2;264
8216;2.6;264
8218;3.4;262
8220;3;262
8222;2.4;262
8224;4.8;261
8226;1.5;261
8228;1.8;261
8230;3;261
8232;1.8;262
8234;1.7;263
8236;1.4;264
8238;3;265
8240;1.5;265
8242;1.8;265
8244;4.1;265
8246;2.2;266
8248;2.1;266
8250;3.3;267
8252;2.6;266
8254;3.5;267
8256;2.9;268
8258;4.4;266
8260;2.9;267
8262;2.7;266
8264;5;266
8266;2.2;266
8268;2.6;266
8270;3.2;267
8272;3;265
8274;3.7;266
8276;3;266
8278;3.6;264
8280;2.8;266
8282;2;266
8284;4.7;266
8286;1.8;267
8288;2.5;267
8290;4.3;267
8292;3.1;265
8294;3.4;266
8296;3;266
8298;3.3;264
8300;3.4;266
8302;2.7;265
8304;4;265
8306;2.4;266
8308;3.1;265
8310;3.4;267
8312;2.8;265
8314;3.4;266
8316;2.6;266
8318;3.9;265
8320;2.5;267
8322;2.6;266
8324;5;267
8326;2.2;267
8328;2.6;267
8330;3.5;269
8332;2.9;267
8334;3.8;269
8336;3.4;269
8338;3.4;267
8340;3.8;268
8342;3.4;267
8344;4.7;266
8346;3;266
8348;3.4;265
8350;4.7;264
8352;3;263
8354;3.5;263
8356;2.7;263
8358;3.1;261
8360;2.6;262
8362;1.9;262
8364;2.9;262
8366;1.5;263
8368;1.9;263
8370;2.9;265
8372;1.6;264
8374;2.7;266
8376;2.3;268
8378;2.6;267
8380;3.1;270
8382;3.4;269
8384;5.1;269
8386;3.2;269
8388;3.9;267
8390;4;268
8392;3.6;266
8394;3.7;266
8396;3;266
8398;2.6;265
8400;3.5;266
8402;3.4;265
8404;5;264
8406;2.9;263
8408;3.3;262
8410;3.8;262
8412;2.2;262
8414;2;262
8416;2.1;263
8418;2.1;262
8420;2;264
8422;1.6;264
8424;2.7;265
8426;1.8;267
8428;2.3;267
8430;4;269
8432;3.3;267
8434;4.1;267
8436;3.8;267
8438;3;266
8440;3.5;268
8442;3;267
8444;4.7;267
8446;2.8;267
8448;3.2;265
8450;4.2;266
8452;3.3;264
8454;3.2;265
8456;2.8;265
8458;2.6;264
8460;2.8;265
8462;2.2;265
8464;3.2;266
8466;2.1;267
8468;2.6;267
8470;3.6;268
8472;2.5;268
8474;3.4;269
8476;3.7;269
8478;4;267
8480;3.5;268
8482;3.6;267
8484;3.9;267
8486;2.7;267
8488;3.1;266
8490;3.9;267
8492;2.8;265
8494;3.8;266
8496;3.3;266
8498;2.9;265
8500;3;267
8502;2.9;265
8504;4.2;266
8506;2.2;266
8508;2.8;266
8510;3.2;267
8512;2.3;266
8514;4.1;268
8516;3.3;268
8518;2.8;267
8520;4;268
8522;3.5;267
8524;4.5;266
8526;3.1;267
8528;3.8;265
8530;4.6;265
8532;3;263
8534;3.8;264
8536;3;264
8538;3.1;262
8540;3.1;263
8542;2.7;262
8544;3.6;262
8546;2.1;262
8548;2.3;262
8550;2.9;263
8552;2.5;261
8554;3;262
8556;2.4;263
8558;2.4;262
8560;2.2;265
8562;2;265
8564;4;265
8566;2.8;265
8568;2.8;265
8570;4.1;265
8572;3.7;263
8574;3.7;263
8576;3.2;263
8578;3.3;260
8580;3.3;261
8582;2.2;260
8584;4;260
8586;1.7;260
8588;2.2;260
8590;3.2;260
8592;1.7;259
8594;2.4;261
8596;1.9;262
8598;2.1;260
8600;1.7;263
8602;1.5;263
8604;3;264
8606;1.9;266
8608;2.3;266
8610;3.3;269
8612;2.7;268
8614;3.9;269
8616;4;269
8618;4.9;266
8620;2.9;268
8622;4.3;266
8624;4.6;266
8626;4.1;265
8628;2.9;263
8630;2.8;265
8632;2.2;264
8634;3.7;264
8636;3.8;263
8638;3.5;260
8640;2.7;262
8642;2.4;261
8644;4.6;260
8646;1.1;261
8648;2.1;260
8650;3.1;261
8652;1.4;261
8654;2;263
8656;1.4;264
8658;2.7;263
8660;2.9;265
8662;3.8;263
8664;3.4;263
8666;2.6;264
8668;1.6;264
8670;2.8;266
8672;1.9;265
8674;2.8;268
8676;2.9;268
8678;3.9;267
8680;2.8;269
8682;3.5;268
8684;5.4;268
8686;2.9;268
8688;3.3;267
8690;3.9;268
8692;3.5;265
8694;3.8;266
8696;2.6;267
8698;3.9;265
8700;2.7;268
8702;2.3;268
8704;4.9;268
8706;2.5;268
8708;4.1;267
8710;4.8;267
8712;3.6;264
8714;3.3;265
8716;2.8;266
8718;3.6;263
8720;3.1;265
8722;2.8;264
8724;4.5;264
8726;2.8;263
8728;2.7;263
8730;3;265
8732;2.6;263
8734;3.3;264
8736;2.2;265
8738;4.7;263
8740;1.2;265
8742;1.8;265
8744;4;266
8746;1.5;267
8748;2.3;267
8750;3.3;269
8752;4.2;266
8754;4;267
8756;3.3;267
8758;5;264
8760;3.3;265
8762;2.7;264
8764;5.1;264
8766;2.4;264
8768;3.9;262
8770;4.3;262
8772;3;259
8774;2.9;260
8776;1.7;261
8778;3.7;259
8780;2.1;261
8782;2.1;260
8784;3.5;260
8786;1.8;260
8788;1.7;260
8790;2.1;262
8792;2.6;260
8794;2.6;262
8796;1.8;263
8798;3.9;261
8800;1.6;263
8802;1.5;264
8804;4.1;264
8806;2.3;264
8808;2.1;264
8810;3.3;266
8812;3;263
8814;3.1;264
8816;2.5;265
8818;4.1;263
8820;3.2;263
8822;2.5;263
8824;5;262
8826;1.9;262
8828;2.6;261
8830;3.1;262
8832;2.3;260
8834;2.1;262
8836;1.6;263
8838;2.9;262
8840;2.5;264
8842;1.6;264
8844;3.8;264
8846;1.9;265
8848;2.3;265
8850;3.2;266
8852;3.2;264
8854;3.6;265
8856;3.2;265
8858;4.6;263
8860;2.7;264
8862;2.7;263
8864;4.7;263
8866;2;263
8868;2.8;263
8870;3;264
8872;3.2;262
8874;3.2;262
8876;2.5;263
8878;2.8;261
8880;2.2;263
8882;1.8;263
8884;4.1;263
8886;1.9;264
8888;3.1;264
8890;3.9;264
8892;2.8;263
8894;3.1;264
8896;2.9;264
8898;3.2;262
8900;3.2;263
8902;2.5;262
8904;3.8;262
8906;2.1;262
8908;2.4;262
8910;3.1;263
8912;2.4;262
8914;3;263
8916;2.1;264
8918;3.5;263
8920;2.4;265
8922;2.1;265
8924;4.4;265
8926;2.2;266
8928;2.6;266
8930;3.4;268
8932;3.1;266
8934;3.4;268
8936;3.6;268
8938;3.7;266
8940;3.5;267
8942;3.3;266
8944;5;265
8946;2.9;264
8948;3.7;263
8950;4.7;262
8952;3.2;260
8954;3;261
8956;2.9;260
8958;3.3;258
8960;2.5;259
8962;1.9;258
8964;2.4;259
8966;1.5;261
8968;2.2;260
8970;2.2;262
8972;1.3;261
8974;2.5;263
8976;1.9;265
8978;2.2;265
8980;2.6;267
8982;2.8;267
8984;4.6;267
8986;2.4;267
8988;3.4;266
8990;4.1;267
8992;3.8;265
8994;4.1;265
8996;4;264
8998;4;262
9000;3.4;262
9002;3.2;260
9004;4.8;259
9006;2.7;259
9008;2.7;258
9010;3.3;257
9012;2.2;256
9014;1.7;258
9016;1.8;258
9018;1.2;259
9020;1.1;260
9022;0.9;261
9024;1.8;263
9026;1.6;265
9028;2.4;265
9030;3.7;267
9032;2.8;265
9034;4.1;266
9036;3.6;266
9038;2.5;264
9040;3.5;266
9042;3.1;265
9044;4.6;264
9046;2.7;264
9048;3.5;263
9050;4.2;263
9052;3.2;260
9054;3.1;261
9056;2.5;261
9058;2;259
9060;2.2;261
9062;1.8;261
9064;2.8;262
9066;1.3;263
9068;2.4;263
9070;2.9;264
9072;1.7;265
9074;2.6;266
9076;3.3;267
9078;3.5;265
9080;3.6;266
9082;3.5;264
9084;4;264
9086;2.7;265
9088;2.9;264
9090;3.8;265
9092;2.4;263
9094;4;264
9096;3.1;264
9098;2.5;263
9100;2.8;266
9102;2.5;265
9104;3.9;265
9106;1.8;266
9108;2.8;265
9110;3.3;267
9112;2.5;266
9114;3.8;267
9116;3;268
9118;2.9;267
9120;3.7;268
9122;3.5;266
9124;4.6;266
9126;2.9;266
9128;4.4;265
9130;4.4;264
9132;3;262
9134;3.6;263
9136;3.3;263
9138;2.9;261
9140;2.8;262
9142;2.7;261
9144;3.3;261
9146;1.9;262
9148;1.9;262
9150;3.2;263
9152;2.6;262
9154;3.3;263
9156;2.3;264
9158;2.4;264
9160;2.1;266
9162;1.9;267
9164;4;268
9166;3.1;268
9168;3.4;267
9170;4.4;267
9172;3.7;265
9174;4.3;265
9176;3.7;264
9178;3.5;262
9180;3.4;263
9182;3;262
9184;4.2;261
9186;2.7;261
9188;2.9;260
9190;4.5;260
9192;2.7;258
9194;2.8;258
9196;2.2;259
9198;2.3;257
9200;1.9;259
9202;0.8;259
9204;2.5;260
9206;0.7;262
9208;1.2;263
9210;2.2;265
9212;1.3;265
9214;3.2;267
9216;3.4;267
9218;4.1;264
9220;0.7;267
9222;4;264
9224;4.2;264
9226;4.2;263
9228;2;262
9230;2.2;264
9232;1.7;264
9234;3.6;265
9236;4.3;264
9238;3.9;261
9240;3.3;262
9242;2.5;261
9244;5;259
9246;1.9;260
9248;3.1;259
9250;3.4;259
9252;1.5;257
9254;1.5;259
9256;1.4;261
9258;2;259
9260;2.3;261
9262;3.5;259
9264;3;259
9266;2.2;259
9268;0.4;260
9270;2.6;262
9272;1.4;261
9274;2.4;263
9276;2.3;264
9278;3.1;263
9280;2;265
9282;2.5;264
9284;4.6;264
9286;2.2;264
9288;2.6;263
9290;3.3;264
9292;3.1;262
9294;3.1;263
9296;2;264
9298;2.9;263
9300;2;265
9302;1.8;266
9304;4.1;266
9306;1.9;266
9308;3.4;266
9310;4.5;266
9312;3.5;264
9314;3.3;265
9316;2.7;265
9318;3.7;263
9320;3.4;265
9322;2.7;264
9324;4.6;264
9326;3;263
9328;2.7;262
9330;3;263
9332;2.9;262
9334;3.2;263
9336;2;264
9338;4.4;262
9340;1.3;264
9342;1.9;264
9344;4.2;265
9346;1.6;266
9348;1.9;266
9350;3.3;265
9352;4.2;264
9354;4.2;265
9356;3.1;265
9358;4.7;262
9360;3;263
9362;2.9;262
9364;5;261
9366;2;260
9368;2.9;259
9370;4.1;259
9372;2.6;256
9374;2.5;257
9376;1.6;258
9378;3.3;256
9380;2;258
9382;1.8;257
9384;3.4;257
9386;1.2;257
9388;0.9;257
9390;1.5;260
9392;2;258
9394;2.4;260
9396;1.4;262
9398;3.8;260
9400;1.8;262
9402;1.7;261
9404;4.7;261
9406;2.3;261
9408;2.3;260
9410;3.1;261
9412;2.8;258
9414;2.8;259
9416;2.2;259
9418;2.9;257
9420;2.5;258
9422;1.6;258
9424;4.6;257
9426;1.4;257
9428;2.2;256
9430;3.2;257
9432;1.6;255
9434;1.3;257
9436;0.7;259
9438;2.3;258
9440;1.3;261
9442;1.1;261
9444;3.4;261
9446;1.5;262
9448;1.5;263
9450;2.9;264
9452;3.1;262
9454;4;263
9456;3;263
9458;4.2;261
9460;2.2;262
9462;2.5;261
9464;4.6;261
9466;1.6;261
9468;2.2;260
9470;2.6;262
9472;2.7;260
9474;3.2;261
9476;2.4;261
9478;3.2;259
9480;1.6;261
9482;1.5;262
9484;4;262
9486;1;263
9488;2.4;263
9490;4;263
9492;2.2;262
9494;3.1;264
9496;2.8;264
9498;3.4;262
9500;3;264
9502;1.7;263
9504;3.8;263
9506;2.3;264
9508;2.3;264
9510;3.2;265
9512;2.8;264
9514;3.3;265
9516;2.5;266
9518;3.9;264
9520;2.4;267
9522;2.7;266
9524;4.8;267
9526;2.2;267
9528;2.5;267
9530;3.6;269
9532;2.8;267
9534;3.6;269
9536;3.9;269
9538;3.9;267
9540;3.7;268
9542;3.4;267
9544;5.4;265
9546;2.7;265
9548;3.6;264
9550;4.5;264
9552;2.9;262
9554;3.1;262
9556;3.2;263
9558;2.8;260
9560;2.8;262
9562;2.2;261
9564;2.9;262
9566;1.7;263
9568;2.2;263
9570;2.6;264
9572;1.8;264
9574;2.6;266
9576;2.3;268
9578;2.5;267
9580;3.2;270
9582;3.4;270
9584;4.8;270
9586;2.7;271
9588;4;269
9590;4.7;270
9592;3.9;267
9594;4.4;268
9596;4.1;267
9598;4.1;264
9600;4.3;265
9602;3.9;263
9604;5;262
9606;2.6;262
9608;3.1;260
9610;3.5;260
9612;2.3;259
9614;2.1;260
9616;2;261
9618;1.8;260
9620;1.7;263
9622;1.7;263
9624;2.5;264
9626;1.8;266
9628;2.3;266
9630;3.8;267
9632;3.3;266
9634;4.4;266
9636;3.8;265
9638;3.6;264
9640;3.5;265
9642;3.2;264
9644;4.5;263
9646;2.8;263
9648;3;261
9650;3.9;261
9652;3.2;259
9654;3.1;259
9656;2.5;259
9658;2;259
9660;1.9;259
9662;1.6;259
9664;2.3;260
9666;2;262
9668;1.7;263
9670;2.6;264
9672;1.7;264
9674;2.4;266
9676;3.4;266
9678;3.2;264
9680;3.6;265
9682;3.4;264
9684;3.7;263
9686;2.8;264
9688;2.7;263
9690;3.4;264
9692;2.5;262
9694;3.3;263
9696;2.6;264
9698;2.7;263
9700;2.7;265
9702;2.3;264
9704;4;265
9706;1.8;265
9708;2.9;265
9710;3;267
9712;2.1;266
9714;3.6;268
9716;3.1;269
9718;3.2;268
9720;4.1;269
9722;3.4;268
9724;5;268
9726;3.1;268
9728;4.2;267
9730;4.3;266
9732;3.2;265
9734;3.8;266
9736;3.3;266
9738;3.2;264
9740;3.3;265
9742;2.8;265
9744;3.8;264
9746;2.4;265
9748;2.2;264
9750;3.1;266
9752;3;265
9754;3.7;266
9756;2.7;266
9758;2.6;265
9760;2.9;268
9762;2.4;268
9764;4.3;269
9766;2.9;270
9768;3.2;269
9770;4.6;270
9772;4.2;267
9774;4.1;268
9776;3.6;267
9778;3.7;265
9780;4;266
9782;3;265
9784;4.9;265
9786;2.7;265
9788;3.3;264
9790;4.6;263
9792;2.9;261
9794;3.2;262
9796;2.7;262
9798;2.8;260
9800;2.6;262
9802;1.6;262
9804;3.2;263
9806;1.7;264
9808;1.8;264
9810;2.8;266
9812;2;265
9814;3.1;267
9816;4.1;267
9818;4.7;265
9820;2.6;267
9822;3.7;265
9824;4.2;265
9826;3.8;264
9828;2.4;263
9830;2.7;265
9832;2.5;264
9834;3.9;264
9836;3.9;263
9838;4.3;260
9840;3.1;261
9842;2.3;260
9844;4.5;259
9846;1.6;260
9848;2.3;259
9850;3.4;259
9852;1.5;258
9854;1.7;260
9856;1.4;262
9858;2.3;260
9860;2.2;263
9862;3.7;261
9864;3.1;260
9866;2.7;260
9868;1.2;260
9870;2.5;262
9872;1.5;261
9874;2.3;263
9876;2.4;264
9878;3.5;263
9880;1.9;265
9882;3.1;264
9884;5.3;263
9886;2.4;263
9888;2.8;262
9890;3.2;263
9892;3.1;260
9894;2.7;261
9896;1.9;262
9898;3.1;261
9900;2;263
9902;1.8;263
9904;4.1;263
9906;1.6;264
9908;3.6;264
9910;4;263
9912;2.4;262
9914;2.5;263
9916;2.1;264
9918;3;263
9920;2.8;265
9922;2.4;264
9924;4.4;264
9926;2.9;264
9928;2.3;264
9930;3.2;265
9932;3.3;264
9934;3.3;265
9936;2.2;266
9938;4.9;264
9940;1.8;266
9942;1.8;267
9944;4.3;268
9946;1.8;268
9948;2.7;269
9950;3.4;271
9952;4;268
9954;3.8;270
9956;3.5;271
9958;5.4;268
9960;3.9;269
9962;3.4;268
9964;5.9;267
9966;2.8;266
9968;4;265
9970;4.9;265
9972;3.2;262
9974;3;263
9976;2.4;264
9978;3.9;261
9980;2.6;263
9982;2.6;262
9984;4.3;262
9986;2;262
9988;1.6;263
9990;2.4;265
9992;2.7;264
9994;3;266
9996;1.8;267
9998;4.2;266
10000;2.3;268
10002;2.7;269
10004;5.1;269
10006;3.2;269
10008;3.4;268
10010;3.9;269
10012;4;266
10014;3.8;267
10016;3;267
10018;4.3;264
10020;3.8;265
10022;2.7;263
10024;2.7;262
10026;2.7;262
10028;2.6;261
10030;3.6;261
10032;2.3;259
10034;2.1;261
10036;1.7;262
10038;2.8;260
10040;2;263
10042;2;263
10044;3.9;263
10046;2.2;264
10048;2.4;264
10050;3;265
10052;3;263
10054;3.5;264
10056;2.5;265
10058;4.5;263
10060;2.4;264
10062;2.8;263
10064;4.9;263
10066;2.5;263
10068;2.6;262
10070;3.3;263
10072;3.2;261
10074;3.9;261
10076;2.4;261
10078;3.5;259
10080;1.8;261
10082;1.5;261
10084;3.9;261
10086;1.2;262
10088;2.3;262
10090;3.7;262
10092;2.5;260
10094;2.8;261
10096;2.6;261
10098;2.8;258
10100;2.6;260
10102;1.7;259
10104;3.3;259
10106;1.2;260
10108;1.5;260
10110;2.5;262
10112;1.9;260
10114;2.5;262
10116;2;263
10118;3.2;262
10120;1.4;264
10122;2;264
10124;4.3;265
10126;1.5;266
10128;2.6;266
10130;3.2;267
10132;2.7;266
10134;3.2;267
10136;2.9;268
10138;3.2;266
10140;3.7;267
10142;3.2;266
10144;5.1;265
10146;2.5;266
10148;3.4;265
10150;4.4;264
10152;2.9;263
10154;2.9;264
10156;2.9;264
10158;3.6;262
10160;2.8;263
10162;2.8;263
10164;3.3;263
10166;1.9;264
10168;2.4;264
10170;3.2;265
10172;2.1;264
10174;2.7;266
10176;2.5;267
10178;2.9;267
10180;3;269
10182;3.3;269
10184;5.3;269
10186;3.1;269
10188;3.9;267
10190;4.2;268
10192;3.7;266
10194;3.9;267
10196;3.5;266
10198;3;265
10200;3.3;266
10202;3.3;264
10204;4.8;263
10206;3;263
10208;3.2;262
10210;3.5;261
10212;2.4;260
10214;2.1;262
10216;2.3;262
10218;1.9;261
10220;2.4;264
10222;1.9;264
10224;2.8;265
10226;2;266
10228;2.5;266
10230;4.3;267
10232;3.4;265
10234;4.1;266
10236;3.7;265
10238;3.4;264
10240;3.3;265
10242;3;264
10244;4.5;264
10246;2.5;264
10248;3;263
10250;4.5;263
10252;3.3;260
10254;3.2;260
10256;2.6;260
10258;2.2;259
10260;2.3;260
10262;1.7;260
10264;3.1;261
10266;1.3;262
10268;2.2;263
10270;2.8;264
10272;1.8;264
10274;2.5;265
10276;3.4;266
10278;3.4;263
10280;3.6;264
10282;3.3;263
10284;3.7;263
10286;2.3;263
10288;2.3;263
10290;3.8;264
10292;2.5;262
10294;3.4;263
10296;3.3;263
10298;2.5;261
10300;3.1;263
10302;2.4;262
10304;3.7;263
10306;1.6;263
10308;2.5;263
10310;2.9;264
10312;1.7;263
10314;2.8;265
10316;2.4;266
10318;2.5;265
10320;3.3;267
10322;3.1;266
10324;4.5;266
10326;3.1;266
10328;3.7;265
10330;3.9;265
10332;2.4;264
10334;3;266
10336;2.9;267
10338;2.4;265
10340;3.8;267
10342;3.2;266
10344;4.3;266
10346;2.6;266
10348;2.5;266
10350;3.9;267
10352;3.1;265
10354;3.4;267
10356;2.9;267
10358;2.9;267
10360;2.6;269
10362;2.5;270
10364;4.3;271
10366;3.3;271
10368;4.2;270
10370;5.1;271
10372;4;268
10374;4.5;268
10376;3.7;268
10378;3.4;266
10380;3.8;267
10382;3.2;266
10384;4.5;266
10386;2.6;266
10388;3.9;265
10390;4.9;264
10392;3.2;262
10394;3.6;263
10396;2.9;263
10398;2.7;261
10400;2.4;263
10402;2;262
10404;3.5;263
10406;1.7;264
10408;1.6;264
10410;2.6;266
10412;2;266
10414;3.4;267
10416;3.8;267
10418;4.6;265
10420;2.1;267
10422;3.7;265
10424;3.9;265
10426;3.7;264
10428;2.3;264
10430;2.5;266
10432;2.4;266
10434;4.3;266
10436;4.5;264
10438;4.3;261
10440;3.1;262
10442;2.6;260
10444;4.7;259
10446;1.5;259
10448;2.2;259
10450;3;259
10452;1.3;258
10454;1.6;260
10456;1.3;262
10458;2.5;260
10460;2.5;262
10462;3.8;260
10464;2.9;259
10466;1.9;260
10468;0.4;261
10470;2.3;263
10472;1.4;262
10474;2.3;265
10476;1.8;266
10478;2.7;266
10480;2;268
10482;3.2;268
10484;5.7;267
10486;2.9;266
10488;3.1;265
10490;4.2;266
10492;3.8;263
10494;3.9;263
10496;2.1;264
10498;3.3;262
10500;2.6;264
10502;1.7;264
10504;4.1;264
10506;1.4;265
10508;2.7;265
10510;4.2;265
10512;2.9;263
10514;3;264
10516;2.6;265
10518;3.6;263
10520;2.7;265
10522;2;264
10524;4.5;264
10526;2.8;264
10528;2.6;263
10530;3;264
10532;2.7;262
10534;3;264
10536;1.9;265
10538;4.3;263
10540;0.7;265
10542;1.6;266
10544;4.1;267
10546;1.3;268
10548;1.9;269
10550;3.6;271
10552;4.5;267
10554;4.2;268
10556;3.1;269
10558;4.8;266
10560;3.2;267
10562;2.8;266
10564;5.2;265
10566;2.2;265
10568;3.9;264
10570;4.7;264
10572;2.8;262
10574;3.2;263
10576;1.9;263
10578;3.7;261
10580;2.8;263
10582;1.9;262
10584;4;262
10586;1.7;262
10588;1.5;263
10590;2.3;265
10592;2.4;264
10594;2.5;266
10596;1.9;268
10598;4.5;266
10600;2.5;267
10602;2.4;267
10604;5.2;267
10606;2.8;267
10608;2.7;266
10610;3.8;265
10612;3.9;264
10614;3;266
10616;2.9;265
10618;3.9;263
10620;3.6;264
10622;3.1;263
10624;2.8;261
10626;2.4;260
10628;2.2;260
10630;3.3;260
10632;2.2;258
10634;1.8;260
10636;1.7;261
10638;2.7;259
10640;1.3;262
10642;1.7;261
10644;4.1;261
10646;1.7;261
10648;1.9;261
10650;2.7;262
10652;2.2;260
10654;2.5;262
10656;1.9;262
10658;3.7;260
10660;1.9;262
10662;2.1;261
10664;4.1;261
10666;1.8;260
10668;2.3;259
10670;2.6;260
10672;2.7;257
10674;2.9;258
10676;2.2;258
10678;2.9;256
10680;1.7;258
10682;1;258
10684;3.5;258
10686;0.8;258
10688;1.4;259
10690;3.3;259
10692;1.6;257
10694;2;259
10696;1.9;259
10698;2.3;257
10700;2.1;259
10702;1.4;258
10704;3.3;258
10706;1.1;258
10708;1.5;258
10710;2.2;259
10712;1.6;258
10714;2.4;259
10716;1.5;260
10718;3;258
10720;1.8;260
10722;1.4;260
10724;3.6;260
10726;1.1;261
10728;1.3;261
10730;2.2;263
10732;2.2;261
10734;2.1;264
10736;2.7;264
10738;3;262
10740;2.9;263
10742;2.2;263
10744;4.3;262
10746;1.9;263
10748;2.5;262
10750;3.6;262
10752;1.8;261
10754;2.5;263
10756;2.8;263
10758;3;261
10760;2.5;262
10762;1.8;261
10764;3.1;261
10766;2;262
10768;1.7;262
10770;2.8;264
10772;1.5;263
10774;2.3;266
10776;2.2;267
10778;2.5;267
10780;2.8;270
10782;3.2;269
10784;5;269
10786;3;269
10788;4.1;268
10790;4.3;269
10792;3.6;267
10794;3.9;268
10796;3.5;267
10798;2.7;266
10800;3.7;267
10802;3.6;266
10804;3.4;264
10806;3.1;263
10808;3.6;262
10810;3.8;262
10812;2.2;260
10814;2.1;262
10816;2.4;263
10818;2;261
10820;1.9;264
10822;2;264
10824;2.8;265
10826;1.5;267
10828;2.8;266
10830;4.2;267
10832;2.8;265
10834;3.4;266
10836;3.4;266
10838;2.8;265
10840;3.5;266
10842;3;266
10844;4.6;265
10846;2.4;265
10848;3.2;265
10850;4.9;264
10852;3.7;261
10854;3.1;262
10856;2.7;261
10858;1.8;260
10860;2.5;261
10862;2;261
10864;3.3;261
10866;1.5;262
10868;2.2;262
10870;3.1;263
10872;1.5;263
10874;2.8;264
10876;3.1;264
10878;3.2;262
10880;3.3;264
10882;2.6;262
10884;3.5;262
10886;2.2;263
10888;2.1;263
10890;3.3;264
10892;2.4;262
10894;3.3;263
10896;3.2;263
10898;2.9;261
10900;2.9;263
10902;2.5;261
10904;4.1;261
10906;1.5;262
10908;2.3;261
10910;2.8;262
10912;1.6;261
10914;2.6;262
10916;2.1;263
10918;2;262
10920;3.1;263
10922;2.7;262
10924;4.1;262
10926;1.8;262
10928;2.4;262
10930;3.5;262
10932;1.5;261
10934;2.2;262
10936;2.4;263
10938;2;261
10940;2.9;263
10942;2.3;262
10944;4;262
10946;1.8;263
10948;1.6;263
10950;3.2;265
10952;2.3;263
10954;2.6;265
10956;2.1;266
10958;2;266
10960;2.5;269
10962;2.3;269
10964;4.1;270
10966;3.2;271
10968;3.8;270
10970;4.9;271
10972;3.9;268
10974;4.1;269
10976;3.6;269
10978;3.7;267
10980;3.6;267
10982;2.9;267
10984;4.4;266
10986;2.5;267
10988;3.1;266
10990;5.1;265
10992;2.8;263
10994;3.4;264
10996;2.8;264
10998;2.9;262
11000;2.5;264
11002;1.5;263
11004;3.2;264
11006;1.4;265
11008;1.9;266
11010;2.7;268
11012;2.1;268
11014;3.6;270
11016;3.6;270
11018;4.3;267
11020;2.3;270
11022;4.1;268
11024;4.3;269
11026;4.1;268
11028;2.4;267
11030;2.9;269
11032;2.7;268
11034;4.5;269
11036;4.8;267
11038;4.5;264
11040;3.4;264
11042;2.9;263
11044;4.8;262
11046;1.6;262
11048;2.5;262
11050;3.5;262
11052;1.4;261
11054;2;263
11056;1.7;264
11058;2.7;263
11060;2.8;265
11062;4.3;263
11064;3.4;262
11066;2.5;262
11068;1.1;262
11070;2.9;264
11072;1.8;264
11074;2.4;266
11076;2.2;267
11078;3;266
11080;2.5;268
11082;3.8;266
11084;5.7;264
11086;2.5;264
11088;3.3;262
11090;3.5;263
11092;3.2;260
11094;2.9;261
11096;1.7;262
11098;2.8;260
11100;1.8;262
11102;1.3;263
11104;3.9;263
11106;1.8;264
11108;3.1;263
11110;3.9;263
11112;2.5;261
11114;2.7;262
11116;2.2;263
11118;3.2;261
11120;2.7;263
11122;2.2;262
11124;4.1;262
11126;2.4;261
11128;2.4;260
11130;2.8;261
11132;2.5;259
11134;2.2;260
11136;1.5;261
11138;4.3;259
11140;0.5;261
11142;1.2;262
11144;3.4;263
11146;0.6;264
11148;1.5;264
11150;2.2;267
11152;3.2;264
11154;2.7;266
11156;2.7;267
11158;4.4;264
11160;2.8;266
11162;2.5;265
11164;4.9;264
11166;2;265
11168;3;264
11170;4.3;264
11172;2.7;261
11174;2.4;263
11176;2.3;263
11178;3.9;261
11180;1.8;263
11182;2.2;263
11184;3.8;263
11186;2.2;262
11188;1.9;263
11190;2.4;265
11192;2.6;263
11194;2.5;265
11196;1.7;267
11198;4.2;266
11200;2.5;267
11202;2.5;267
11204;4.8;267
11206;3;267
11208;3.1;266
11210;3.8;267
11212;3.7;264
11214;3.5;265
11216;2.9;265
11218;3.6;262
11220;3.6;263
11222;2.8;261
11224;2.5;260
11226;2.1;259
11228;2.1;259
11230;3.3;259
11232;1.9;257
11234;1.6;259
11236;1.3;260
11238;2.6;258
11240;1.4;261
11242;1.7;260
11244;3.7;260
11246;1.7;260
11248;1.7;260
11250;2.3;261
11252;2.2;259
11254;2.3;260
11256;1.9;261
11258;3.3;258
11260;1.8;260
11262;2.3;259
11264;4.3;258
11266;1.5;258
11268;1.8;257
11270;2.7;258
11272;2.9;255
11274;2.6;255
11276;1.6;255
11278;2.1;254
11280;1.1;255
11282;0.7;255
11284;3.1;255
11286;0.6;257
11288;1.3;256
11290;3.2;257
11292;1.8;255
11294;1.7;256
11296;1.7;257
11298;2.4;255
11300;1.9;256
11302;1.1;256
11304;2.9;256
11306;1;257
11308;0.9;257
11310;2.1;259
11312;1.8;257
11314;2.5;258
11316;1.9;258
11318;2.6;257
11320;1.6;258
11322;1.4;258
11324;3.4;258
11326;1;258
11328;1.3;258
11330;1.8;260
11332;1.6;258
11334;1.7;260
11336;1.8;261
11338;2.4;259
11340;1.8;261
11342;1.8;260
11344;3.8;260
11346;1.6;260
11348;2.4;260
11350;3.3;259
11352;1.7;258
11354;2;259
11356;2;260
11358;2.4;257
11360;2.5;259
11362;1.5;258
11364;2.4;258
11366;1.3;259
11368;1.4;259
11370;1.9;261
11372;0.8;260
11374;1.1;263
11376;1.6;264
11378;2.1;264
11380;2.1;267
11382;2.8;267
11384;4.5;266
11386;2;267
11388;2.9;266
11390;3.8;267
11392;3.1;265
11394;3.1;266
11396;3.1;266
11398;2.9;264
11400;3.4;265
11402;3.2;264
11404;4.7;263
11406;2.7;262
11408;2.8;261
11410;3.3;261
11412;1.8;260
11414;1.9;261
11416;1.9;262
11418;1.7;261
11420;1.8;264
11422;1.6;264
11424;2.6;265
11426;1.8;267
11428;2.5;267
11430;4;267
11432;2.8;265
11434;3.3;266
11436;3.4;266
11438;2.8;265
11440;3.3;266
11442;3.1;265
11444;2.8;265
11446;2.4;264
11448;3.2;263
11450;4.4;263
11452;3.5;260
11454;3.1;260
11456;2.6;260
11458;2.2;258
11460;2.3;259
11462;1.6;259
11464;3;259
11466;1.2;260
11468;2.1;260
11470;2.4;261
11472;1.5;260
11474;2.3;261
11476;2.8;261
11478;2.7;259
11480;2.6;260
11482;2.5;258
11484;3.1;258
11486;1.5;258
11488;2.2;258
11490;3.2;258
11492;1.9;256
11494;2.9;256
11496;2.6;256
11498;1.6;255
11500;2.2;256
11502;1.6;256
11504;3.2;256
11506;0.8;256
11508;1.6;255
11510;2.2;257
11512;1.3;256
11514;1.7;257
11516;1.3;258
11518;1.8;257
11520;2.3;258
11522;1.8;257
11524;3.4;257
11526;1.2;257
11528;2.1;256
11530;2.5;257
11532;1.7;256
11534;1.7;257
11536;1.6;258
11538;1.7;256
11540;2;258
11542;1.5;258
11544;2.9;257
11546;1;258
11548;0.8;259
11550;2.4;260
11552;1.8;258
11554;2.3;259
11556;1.7;260
11558;1.8;259
11560;1.4;262
11562;1.3;263
11564;3.4;264
11566;1.9;265
11568;2.4;264
11570;3.8;265
11572;2.9;263
11574;3.3;263
11576;2.6;264
11578;2.7;262
11580;2.7;263
11582;2.1;262
11584;4.2;262
11586;2;262
11588;2.9;261
11590;4.3;261
11592;2.2;259
11594;2.5;260
11596;2.1;260
11598;2.3;258
11600;1.9;260
11602;1.2;260
11604;2.7;261
11606;1.2;262
11608;1.2;263
11610;2.2;265
11612;1.5;265
11614;2.7;267
11616;3.4;267
11618;4.3;265
11620;1.9;267
11622;3.6;266
11624;4.1;266
11626;3.9;265
11628;2.6;264
11630;2.5;266
11632;2.3;265
11634;3.9;265
11636;4;264
11638;4.2;260
11640;2.9;261
11642;2.6;260
11644;4.5;259
11646;1.3;260
11648;2.2;259
11650;3.1;259
11652;1.7;258
11654;1.7;260
11656;1.4;261
11658;2.7;259
11660;2.3;261
11662;3.3;260
11664;2.9;258
11666;2.6;259
11668;0.8;259
11670;2.2;261
11672;1.4;261
11674;2.2;263
11676;2;264
11678;3;263
11680;1.9;265
11682;2.7;263
11684;4.8;263
11686;2.5;262
11688;2.4;261
11690;3.4;262
11692;3.1;259
11694;2.7;260
11696;1.8;260
11698;2.9;258
11700;1.4;260
11702;1.3;260
11704;3.6;260
11706;1.8;261
11708;3.3;259
11710;3.8;259
11712;2.5;256
11714;2.6;257
11716;1.9;257
11718;3;255
11720;2.7;256
11722;2.3;254
11724;4;253
11726;2;252
11728;1.1;252
11730;1.9;253
11732;2;251
11734;1.6;253
11736;0.8;254
11738;3.3;252
11740;-0.6;255
11742;0;256
11744;2.8;257
11746;-0.1;258
11748;0.4;259
11750;1.9;262
11752;3.1;259
11754;2.7;260
11756;2.2;260
11758;3.5;258
11760;1.8;259
11762;2;258
11764;4.5;257
11766;1.9;257
11768;2.3;256
11770;3.6;255
11772;1.9;253
11774;1.6;255
11776;1.2;255
11778;2.8;253
11780;1.2;255
11782;1.2;254
11784;3.1;255
11786;0.9;255
11788;0.5;255
11790;1.2;258
11792;1.2;257
11794;1.1;259
11796;0.7;261
11798;3.5;260
11800;1.8;261
11802;1.7;261
11804;4.3;261
11806;2;261
11808;2.1;260
11810;3;261
11812;2.9;258
11814;2.2;259
11816;2.2;259
11818;2.7;256
11820;2.4;257
11822;1.8;257
11824;4.4;256
11826;1.4;255
11828;1.9;255
11830;2.8;255
11832;1.1;254
11834;1;256
11836;1.1;257
11838;2.3;255
11840;1.3;258
11842;0.7;257
11844;3.4;258
11846;1.6;258
11848;1.3;257
11850;2.3;259
11852;1.9;257
11854;2;258
11856;1.9;259
11858;3.5;257
11860;1.8;258
11862;1.8;257
11864;3.8;256
11866;1.4;256
11868;1.6;256
11870;2.3;257
11872;2.6;254
11874;2.6;255
11876;1.8;255
11878;2.3;253
11880;1.3;254
11882;0.8;254
11884;3.2;254
11886;0.7;255
11888;0.9;254
11890;2.6;255
11892;1.6;253
11894;1.8;254
11896;1.5;255
11898;2.7;253
11900;1.7;254
11902;1.2;253
11904;3;253
11906;1;253
11908;1;253
11910;2.3;254
11912;1.2;252
11914;1.4;253
11916;0.9;255
11918;2.2;253
11920;1.1;256
11922;1.1;255
11924;3.2;255
11926;0.8;256
11928;0.8;256
11930;2.2;258
11932;1.8;256
11934;1.8;257
11936;1.6;258
11938;2.2;256
11940;2.4;257
11942;2.1;256
11944;3.9;255
11946;1.7;255
11948;1.9;254
11950;3.2;254
11952;2;252
11954;1.8;253
11956;1.8;253
11958;2.1;251
11960;1.4;252
11962;0.3;252
11964;1.8;253
11966;0.9;253
11968;0.4;253
11970;1.6;255
11972;0.4;254
11974;0.8;257
11976;0.8;259
11978;1.2;258
11980;1.5;261
11982;1.5;260
11984;3.3;261
11986;1.8;261
11988;2.2;260
11990;3.2;261
11992;2.5;259
11994;2.3;260
11996;2.5;260
11998;2.7;258
12000;2.6;259
12002;2.2;257
12004;3.9;257
12006;1.5;257
12008;1.9;256
12010;3;256
12012;1.2;255
12014;1.2;257
12016;1.6;258
12018;0.9;257
12020;1.1;260
12022;1.1;260
12024;2.1;261
12026;1.1;263
12028;1.8;263
12030;3.3;264
12032;2.5;263
12034;3.3;264
12036;3.5;263
12038;2.6;261
12040;3.1;263
12042;3;262
12044;4.1;261
12046;2.2;261
12048;3;260
12050;3.9;260
12052;2.5;257
12054;2.6;258
12056;2.4;258
12058;2.2;256
12060;1.8;258
12062;1.3;258
12064;2.8;258
12066;0.8;259
12068;1.9;259
12070;2;260
12072;1.2;260
12074;2.5;261
12076;2.9;261
12078;2.4;259
12080;2.9;260
12082;2.8;258
12084;3.1;257
12086;2;257
12088;2;256
12090;3.1;257
12092;1.7;255
12094;2.3;256
12096;2.1;256
12098;1.3;255
12100;1.7;257
12102;1.3;256
12104;2.9;256
12106;0.5;257
12108;1.3;257
12110;1.8;258
12112;1.2;258
12114;1.8;260
12116;1.8;260
12118;2.1;259
12120;2.1;260
12122;2.1;260
12124;3.1;260
12126;1.9;260
12128;2.8;259
12130;3.6;258
12132;2;256
12134;2.3;257
12136;2.4;257
12138;2.1;255
12140;2.4;257
12142;2.1;256
12144;3;255
12146;1.3;256
12148;1;256
12150;2.3;257
12152;2.1;255
12154;1.8;256
12156;1.5;257
12158;1.5;256
12160;1.2;259
12162;0.7;259
12164;2.7;260
12166;1.3;261
12168;1.7;261
12170;2.8;262
12172;2.7;260
12174;2.8;261
12176;2.5;261
12178;2.8;259
12180;2.8;260
12182;2.2;259
12184;4;258
12186;1.9;258
12188;2.5;257
12190;3.5;257
12192;2.1;255
12194;2.2;256
12196;1.8;256
12198;2.3;255
12200;1.6;257
12202;0.6;257
12204;2;258
12206;0.7;260
12208;0.7;261
12210;2;263
12212;1.4;263
12214;2.5;265
12216;2.9;265
12218;4.2;263
12220;1.8;265
12222;3.3;264
12224;3.9;264
12226;3.6;263
12228;2.1;262
12230;2.2;264
12232;2.2;263
12234;3.6;264
12236;3.6;263
12238;3.8;260
12240;2.9;261
12242;2.2;260
12244;4.6;259
12246;1.5;260
12248;2.4;259
12250;3;259
12252;1.3;258
12254;1.8;260
12256;1.5;262
12258;2.4;260
12260;2.6;262
12262;3.7;260
12264;3.1;259
12266;2.8;259
12268;1.2;260
12270;2.5;262
12272;1.4;261
12274;2.2;263
12276;2.3;263
12278;3.2;262
12280;2.2;263
12282;2.9;262
12284;5.1;261
12286;2.3;261
12288;2.4;260
12290;3.6;261
12292;2.9;257
12294;2.6;258
12296;1.4;259
12298;2.7;257
12300;1.2;259
12302;1.4;259
12304;3.7;259
12306;1.8;259
12308;2.4;258
12310;3.7;258
12312;2.4;256
12314;2.6;257
12316;2;257
12318;3.2;254
12320;1.9;256
12322;1.8;255
12324;3.6;254
12326;2;254
12328;1.4;253
12330;1.9;254
12332;1.9;252
12334;1.9;254
12336;1.1;254
12338;3.8;252
12340;0.2;254
12342;0.4;254
12344;3;255
12346;0.3;256
12348;0.8;256
12350;1.8;258
12352;2.8;255
12354;1.8;256
12356;1.3;257
12358;3.2;255
12360;1.7;257
12362;0.9;257
12364;4.2;257
12366;1.3;256
12368;2.8;255
12370;4;255
12372;2.4;252
12374;1.6;253
12376;1.4;254
12378;2.4;251
12380;0.8;254
12382;0.8;254
12384;2.8;254
12386;1.1;254
12388;0.4;255
12390;1.3;257
12392;1.5;255
12394;1.3;257
12396;0.7;259
12398;3;258
12400;1.4;260
12402;1.4;259
12404;4;259
12406;2;259
12408;1.9;258
12410;3.1;257
12412;3;255
12414;2.4;256
12416;2.6;255
12418;3.6;252
12420;2;253
12422;1.2;252
12424;3.9;252
12426;0.6;252
12428;0.9;252
12430;2.4;252
12432;1;251
12434;0.7;253
12436;0.6;255
12438;2.2;252
12440;1.1;255
12442;0.5;255
12444;3.1;255
12446;1.1;255
12448;1.5;255
12450;2.6;256
12452;1.9;254
12454;2;255
12456;1.7;255
12458;3.2;253
12460;1.3;254
12462;1.8;253
12464;3.9;253
12466;0.8;253
12468;1;252
12470;1.8;254
12472;2.1;251
12474;2.7;252
12476;1.3;252
12478;2.1;250
12480;0.7;252
12482;0.5;252
12484;3.1;252
12486;0.7;253
12488;1.2;252
12490;3.1;253
12492;1.8;251
12494;1.3;252
12496;1.6;252
12498;2.1;250
12500;1.2;251
12502;1;250
12504;2.9;249
12506;0.6;249
12508;0.7;249
12510;1.9;249
12512;1.7;247
12514;0.6;248
12516;0.1;249
12518;2.1;247
12520;0.4;250
12522;0.3;249
12524;3.1;249
12526;-0.1;250
12528;-0.4;250
12530;1.3;252
12532;1;251
12534;0.9;253
12536;1.6;253
12538;1.9;251
12540;1.8;253
12542;1.4;252
12544;3.5;251
12546;1.7;251
12548;1.7;249
12550;2.9;248
12552;1.9;246
12554;1.9;247
12556;1.3;247
12558;1.1;245
12560;1.7;246
12562;0;245
12564;0.9;246
12566;0.3;247
12568;0.2;247
12570;0.9;249
12572;-0.8;249
12574;0;251
12576;0.1;253
12578;0.5;253
12580;0.9;256
12582;1;256
12584;2.9;257
12586;0.8;258
12588;1.9;257
12590;2.5;258
12592;2.1;256
12594;2.4;257
12596;2.3;257
12598;2.4;255
12600;2.4;256
12602;2.5;255
12604;3.7;254
12606;1.7;254
12608;1.9;253
12610;2.6;253
12612;1.2;252
12614;1.4;254
12616;1.1;255
12618;0.7;254
12620;0.8;257
12622;0.7;257
12624;1.7;259
12626;0.9;261
12628;1.3;261
12630;3;262
12632;2.2;261
12634;2.9;261
12636;3;261
12638;2.6;259
12640;2.4;261
12642;2.5;260
12644;3.7;259
12646;1.7;260
12648;2.3;258
12650;3.4;259
12652;2.6;257
12654;2.3;258
12656;2.2;258
12658;1.8;256
12660;1.8;258
12662;1.4;258
12664;3.1;258
12666;0.7;259
12668;1.8;260
12670;2.4;260
12672;1.1;260
12674;1.8;262
12676;3.2;262
12678;2.7;260
12680;2.7;261
12682;3.1;259
12684;3.4;258
12686;2.3;258
12688;2.2;257
12690;3.4;257
12692;1.7;256
12694;2.7;256
12696;2.2;256
12698;1.5;255
12700;1.9;258
12702;1.8;256
12704;3.3;256
12706;1.1;257
12708;1.8;256
12710;2.3;258
12712;1.1;257
12714;2.5;258
12716;1.9;258
12718;1.9;257
12720;2.4;258
12722;2;257
12724;3.4;257
12726;1.5;258
12728;2.6;257
12730;3.6;256
12732;2.2;255
12734;2.6;256
12736;2.5;256
12738;2.2;254
12740;2.3;255
12742;2;254
12744;3;254
12746;1.6;255
12748;0.7;255
12750;2.3;256
12752;2;254
12754;1.9;256
12756;1.6;257
12758;1.1;256
12760;1.5;259
12762;1.1;259
12764;3.3;260
12766;1.9;260
12768;2.2;259
12770;3.5;260
12772;2.9;257
12774;2.7;258
12776;2.4;257
12778;2.9;255
12780;2.8;256
12782;2.1;255
12784;4;254
12786;1.6;254
12788;2.1;254
12790;3.2;254
12792;1.4;252
12794;1.7;253
12796;1.6;254
12798;2;254
12800;1.7;254
12802;0.3;255
12804;1.9;256
12806;0.5;257
12808;0.3;259
12810;1.8;261
12812;1.1;261
12814;2.8;263
12816;3.1;263
12818;3.8;261
12820;1.8;263
12822;3.6;262
12824;3.6;262
12826;3.5;261
12828;1.9;261
12830;2.1;263
12832;2;262
12834;3.3;263
12836;3.8;262
12838;3.4;259
12840;2.3;261
12842;2.1;260
12844;5;259
12846;1.6;259
12848;2.1;259
12850;3.1;259
12852;1.3;258
12854;1.5;260
12856;1.5;262
12858;2.3;261
12860;2.9;262
12862;3.7;260
12864;3.1;259
12866;2.4;259
12868;1;260
12870;2.7;262
12872;1.8;261
12874;2;264
12876;2.6;264
12878;3.5;263
12880;2.6;264
12882;3.1;263
12884;5.1;262
12886;2.4;262
12888;2.2;261
12890;3.8;262
12892;3.2;259
12894;2.5;260
12896;2.1;260
12898;3.2;258
12900;1.8;260
12902;1.6;260
12904;3.8;260
12906;2.1;260
12908;3;259
12910;4.1;259
12912;2.8;256
12914;2.7;257
12916;2.4;257
12918;3.1;255
12920;2.2;256
12922;2.3;255
12924;4.1;254
12926;2;254
12928;1.7;253
12930;2.2;255
12932;2;252
12934;1.7;254
12936;1.3;255
12938;3.5;253
12940;0.4;255
12942;0.6;255
12944;3.4;256
12946;0.6;257
12948;0.9;257
12950;2.3;256
12952;3.4;255
12954;2.9;256
12956;2.3;255
12958;4;252
12960;2.6;253
12962;1.3;252
12964;3.7;251
12966;1.1;251
12968;1.6;251
12970;3.1;250
12972;1.9;248
12974;1.1;249
12976;0.1;250
12978;2.4;248
12980;1.1;250
12982;0.3;250
12984;2.9;250
12986;0.7;250
12988;-0.2;250
12990;1.1;253
12992;1.3;251
12994;1.2;253
12996;0.9;254
12998;3.5;252
13000;1.2;254
13002;1.4;254
13004;4.1;253
13006;2;252
13008;1.8;251
13010;2.5;252
13012;2.3;249
13014;1.8;250
13016;0.7;250
13018;1.6;248
13020;0.9;250
13022;0.7;249
13024;3.4;249
13026;0.7;249
13028;1.4;249
13030;1.2;250
13032;0.1;251
13034;0.9;251
13036;0.1;253
13038;1.7;252
13040;1.2;254
13042;0.6;254
13044;3;255
13046;1.6;255
13048;0.9;255
13050;1.5;257
13052;2.4;255
13054;2.1;256
13056;1.1;257
13058;3.6;255
13060;1.6;256
13062;1.4;256
13064;4.3;255
13066;1.5;255
13068;1.4;255
13070;2.3;256
13072;2.3;253
13074;2.1;255
13076;1.9;255
13078;2.6;253
13080;1.6;254
13082;0.5;254
13084;3.3;254
13086;0.8;255
13088;0.9;255
13090;3.5;255
13092;1.5;253
13094;1.9;254
13096;2.1;255
13098;2.2;252
13100;2.1;253
13102;0.6;253
13104;3.1;253
13106;0.8;254
13108;0.4;254
13110;1.9;256
13112;1.6;254
13114;1.6;256
13116;1.5;257
13118;2.6;255
13120;1.7;257
13122;1.5;257
13124;3.8;257
13126;1.3;258
13128;1.2;258
13130;2.3;260
13132;2;258
13134;1.9;260
13136;2.4;260
13138;2.8;258
13140;2.7;259
13142;2.5;258
13144;4.6;257
13146;2;256
13148;2.4;255
13150;3.4;255
13152;2.1;253
13154;2.2;254
13156;2.2;254
13158;2.5;251
13160;2;253
13162;1.1;252
13164;2;252
13166;1.1;253
13168;1.2;253
13170;1.9;254
13172;0.8;254
13174;0.7;256
13176;1.1;258
13178;1.5;257
13180;1.6;260
13182;1.8;260
13184;3.5;260
13186;1.7;260
13188;2.7;259
13190;3.3;260
13192;2.8;257
13194;2.9;258
13196;3.1;257
13198;2.6;255
13200;2.9;256
13202;2.8;254
13204;4.1;253
13206;1.6;253
13208;2.3;253
13210;2.9;253
13212;1.4;253
13214;1.4;253
13216;1.4;254
13218;1;255
13220;0.9;256
13222;0.4;257
13224;1.4;258
13226;0.5;260
13228;1.5;261
13230;3;262
13232;2.4;260
13234;3;261
13236;3;261
13238;2.5;259
13240;2.7;261
13242;2.4;260
13244;3.6;260
13246;2;260
13248;2.6;258
13250;3.5;259
13252;2.9;256
13254;2.4;257
13256;2.2;257
13258;1.3;256
13260;1.8;258
13262;1.2;258
13264;2.8;259
13266;1.4;260
13268;1.5;260
13270;2.6;262
13272;1.7;262
13274;2.4;263
13276;2.8;264
13278;3.3;262
13280;3.6;262
13282;2.8;261
13284;3.5;261
13286;2.5;261
13288;2.2;260
13290;3.4;261
13292;2.2;260
13294;3.3;260
13296;2.9;261
13298;2.3;259
13300;2.5;261
13302;2.1;260
13304;3.7;260
13306;1.7;261
13308;2.4;260
13310;2.2;262
13312;1.7;261
13314;2.4;262
13316;2.2;263
13318;2.8;262
13320;2.8;263
13322;2.8;262
13324;4.2;262
13326;2.4;262
13328;2.9;261
13330;3.4;261
13332;2.2;259
13334;2.8;260
13336;2.7;260
13338;2.5;258
13340;2.3;260
13342;2;259
13344;3.2;259
13346;1.8;259
13348;1.3;259
13350;2.5;261
13352;2.4;259
13354;2.5;260
13356;1.9;261
13358;1.9;261
13360;2;263
13362;2.1;263
13364;4.2;264
13366;2.6;264
13368;2.9;264
13370;4.2;264
13372;3.4;261
13374;3.3;262
13376;2.8;262
13378;3.2;260
13380;2.7;260
13382;2.5;259
13384;4.1;259
13386;1.8;259
13388;2.5;258
13390;3.5;258
13392;2.3;256
13394;2.6;257
13396;1.8;257
13398;2.3;256
13400;2;258
13402;0.9;257
13404;2.6;258
13406;0.9;260
13408;1;261
13410;2.2;263
13412;1.3;263
13414;2.7;265
13416;3.7;265
13418;4.1;263
13420;1.8;265
13422;3.9;264
13424;3.9;264
13426;4;263
13428;2.4;262
13430;2.7;264
13432;2.3;263
13434;3.7;263
13436;3.8;262
13438;3.7;259
13440;2.8;261
13442;2;259
13444;4.6;259
13446;1.1;259
13448;2.2;259
13450;2.8;260
13452;1.1;259
13454;1.7;261
13456;1.8;263
13458;2.4;261
13460;2.6;264
13462;3.9;262
13464;3.2;261
13466;2.5;261
13468;1.1;262
13470;2.7;264
13472;1.8;264
13474;2.4;267
13476;2.8;268
13478;3.4;267
13480;2.7;269
13482;3.7;268
13484;5.8;267
13486;3.3;266
13488;3.2;266
13490;3.9;266
13492;3.8;263
13494;3.4;264
13496;2.4;265
13498;3.6;263
13500;2.4;265
13502;2.3;266
13504;4.5;266
13506;2.4;266
13508;3.5;266
13510;4.1;266
13512;3.3;264
13514;3.4;265
13516;2.8;265
13518;4;263
13520;3.3;264
13522;2.8;263
13524;4.9;262
13526;2.9;261
13528;2.3;261
13530;2.8;262
13532;2.8;260
13534;2.7;261
13536;1.8;262
13538;4.6;260
13540;1.3;262
13542;1.6;262
13544;4;263
13546;1.4;263
13548;2;264
13550;2.6;265
13552;3.6;263
13554;2.7;264
13556;2.6;265
13558;4.6;262
13560;2.9;263
13562;2.8;262
13564;4.5;261
13566;2.5;261
13568;3;260
13570;4.2;259
13572;2.5;256
13574;2.6;257
13576;2;258
13578;3.7;255
13580;2;257
13582;1.6;256
13584;4;255
13586;1.5;255
13588;0.8;256
13590;1.6;258
13592;1.6;256
13594;1.5;258
13596;1;260
13598;3.5;258
13600;1.6;260
13602;2;260
13604;4.5;259
13606;2.1;258
13608;1.7;258
13610;3;258
13612;3;255
13614;2.5;256
13616;2.1;256
13618;4.1;253
13620;2.7;253
13622;1.7;252
13624;4;251
13626;0.9;251
13628;1.6;251
13630;2.6;251
13632;1;249
13634;1.2;251
13636;1;252
13638;1.8;250
13640;0.7;252
13642;0.8;252
13644;2.7;253
13646;1;253
13648;1.3;253
13650;1.9;254
13652;1.3;252
13654;1.6;254
13656;1.3;255
13658;2.8;253
13660;1.2;255
13662;1.1;254
13664;3.5;254
13666;0.9;255
13668;1.2;254
13670;2.2;256
13672;1.8;254
13674;2;255
13676;1.7;256
13678;2.1;254
13680;1.1;256
13682;0.9;256
13684;3.5;256
13686;0.7;257
13688;1.1;257
13690;3.3;257
13692;1.8;256
13694;2.1;257
13696;1.8;257
13698;2.8;255
13700;1.8;256
13702;1;256
13704;3.2;256
13706;1;256
13708;1.1;257
13710;1.8;259
13712;1.3;257
13714;1.9;259
13716;1.5;260
13718;2.9;258
13720;1.8;260
13722;1.5;260
13724;4.2;260
13726;1.4;261
13728;1.5;260
13730;2.5;262
13732;2.1;260
13734;2.2;261
13736;2;262
13738;2.5;260
13740;2.9;261
13742;2.1;260
13744;4.1;260
13746;2.2;259
13748;2.5;258
13750;3.1;259
13752;2;257
13754;2;259
13756;2.2;259
13758;2.8;257
13760;2.4;258
13762;1.8;257
13764;3.1;257
13766;1.5;257
13768;2;257
13770;2.7;258
13772;1.2;257
13774;1.6;258
13776;1.5;260
13778;1.8;259
13780;2.1;261
13782;1.8;261
13784;4.1;261
13786;2.2;261
13788;2.5;259
13790;3.1;260
13792;2.9;258
13794;2.6;258
13796;2.5;258
13798;2.8;257
13800;2.6;258
13802;2.2;257
13804;4.3;256
13806;1.9;256
13808;2.6;254
13810;3;254
13812;1.5;253
13814;1.1;255
13816;1.7;256
13818;1.2;255
13820;1.4;258
13822;0.7;258
13824;1.9;259
13826;0.8;261
13828;1.6;262
13830;3.7;262
13832;2.7;260
13834;3.2;261
13836;3;261
13838;2.2;259
13840;2.1;261
13842;2.4;260
13844;3.7;259
13846;1.7;260
13848;2.7;258
13850;3.8;258
13852;2.9;256
13854;2.7;256
13856;1.9;256
13858;1.6;257
13860;2.1;257
13862;1.2;257
13864;2.5;258
13866;0.5;259
13868;1.8;259
13870;2;261
13872;1.1;261
13874;2.3;263
13876;3;263
13878;2.9;261
13880;3;262
13882;2.3;261
13884;3.1;261
13886;1.6;262
13888;1.5;262
13890;3.2;263
13892;1.8;262
13894;2.9;263
13896;2.8;263
13898;2.4;262
13900;2.3;264
13902;2.8;263
13904;4;263
13906;1.4;264
13908;2.8;264
13910;3.1;265
13912;2.2;264
13914;2.8;266
13916;2.8;266
13918;2.6;265
13920;3.3;267
13922;3.4;266
13924;4.6;265
13926;2.6;266
13928;3.5;264
13930;3.9;264
13932;2.5;263
13934;3.1;264
13936;2.7;265
13938;2.7;263
13940;3;265
13942;2.8;264
13944;3.9;263
13946;2.7;263
13948;2.3;263
13950;3.6;264
13952;2.9;262
13954;2.7;263
13956;2.3;264
13958;2.2;263
13960;2.3;266
13962;2.1;266
13964;4;267
13966;2.9;267
13968;3.7;266
13970;4.5;266
13972;3.9;263
13974;3.5;264
13976;3.2;264
13978;2.9;262
13980;3.4;263
13982;2.6;262
13984;4.3;262
13986;1.9;262
13988;2.8;261
13990;4.5;260
13992;2.8;258
13994;2.8;258
13996;2.4;258
13998;2.6;257
14000;2.3;258
14002;1.2;258
14004;2.9;258
14006;1.1;259
14008;1.3;260
14010;2;262
14012;1.5;262
14014;3.1;263
14016;3.4;263
14018;4.2;260
14020;1.6;263
14022;3.1;262
14024;3.3;262
14026;3.2;261
14028;1.5;261
14030;1.8;263
14032;1.6;263
14034;3.4;263
14036;4.1;262
14038;4;258
14040;2.6;260
14042;1.7;259
14044;3.8;258
14046;1.3;258
14048;2.4;257
14050;3.2;258
14052;1.3;257
14054;1.3;259
14056;1.2;260
14058;2;259
14060;2;261
14062;3.1;260
14064;2.4;259
14066;2.2;259
14068;0.8;260
14070;2.1;262
14072;1;262
14074;1.8;264
14076;1.9;266
14078;3;265
14080;2;267
14082;3.5;266
14084;5.3;265
14086;2.4;264
14088;3.3;263
14090;3.6;264
14092;3.3;261
14094;2.5;262
14096;2.1;263
14098;3;262
14100;1.9;264
14102;1.7;264
14104;4.2;264
14106;2.5;264
14108;3.3;263
14110;4.2;262
14112;2.2;260
14114;2.6;261
14116;2.1;262
14118;2.7;260
14120;2;262
14122;2.1;261
14124;4;261
14126;2.6;260
14128;1.6;259
14130;2.4;261
14132;2.1;259
14134;2.4;260
14136;1.8;261
14138;3.7;259
14140;0.7;262
14142;1.2;262
14144;3.9;263
14146;1;264
14148;1.9;264
14150;2.9;266
14152;3.9;262
14154;3.3;263
14156;2.3;264
14158;4.2;261
14160;2.5;263
14162;2.2;262
14164;4.4;261
14166;1.6;262
14168;2.7;261
14170;4.2;260
14172;2.8;257
14174;2.7;258
14176;1.9;258
14178;3.3;255
14180;1.7;257
14182;1.5;257
14184;3.9;256
14186;1.7;256
14188;0.6;256
14190;1.3;259
14192;1.2;257
14194;1.5;259
14196;1.3;261
14198;3.5;259
14200;1.8;260
14202;1.7;260
14204;4;260
14206;1.9;259
14208;1.9;259
14210;2.7;259
14212;2.5;257
14214;2;258
14216;1.6;258
14218;2.9;256
14220;2.4;257
14222;2.5;255
14224;2;254
14226;1.4;253
14228;1.8;253
14230;3;253
14232;1.5;251
14234;1;253
14236;1.1;253
14238;1.9;251
14240;0.9;254
14242;0.2;254
14244;3;254
14246;0.6;255
14248;0.4;255
14250;1.6;257
14252;1.3;256
14254;1.8;257
14256;1.3;258
14258;3.1;256
14260;1.6;258
14262;1.7;257
14264;3.7;256
14266;1.2;256
14268;1.5;256
14270;2;257
14272;2.3;254
14274;2.5;255
14276;1.5;255
14278;1.8;254
14280;1;256
14282;0.5;256
14284;2.9;256
14286;0.5;257
14288;1.4;258
14290;3.3;258
14292;1.7;256
14294;1.8;257
14296;1.5;258
14298;2.1;256
14300;2.2;258
14302;1.2;257
14304;2.5;258
14306;0.9;259
14308;1;259
14310;2;261
14312;2.1;260
14314;2.7;261
14316;1.8;261
14318;3.1;259
14320;2;261
14322;1.4;261
14324;4;261
14326;1.2;262
14328;1.3;262
14330;2.5;263
14332;2.5;262
14334;2.4;263
14336;2.5;263
14338;3.2;261
14340;2.9;262
14342;2.3;261
14344;4.2;260
14346;1.8;260
14348;2.3;260
14350;2.9;260
14352;1.5;259
14354;1.5;260
14356;2.1;261
14358;2.3;258
14360;2.6;260
14362;1.4;259
14364;3.2;259
14366;1.8;259
14368;1.5;258
14370;2.3;260
14372;1.1;259
14374;1.4;261
14376;1.6;262
14378;1.8;261
14380;2.1;264
14382;2.6;263
14384;4.1;263
14386;2;263
14388;2.7;262
14390;3.2;263
14392;3;261
14394;2.9;262
14396;2.6;262
14398;2.2;260
14400;2.6;261
14402;2.8;260
14404;4.3;258
14406;2.2;258
14408;2.7;257
14410;3.4;256
14412;1.9;255
14414;1.5;256
14416;1.7;257
14418;1.4;256
14420;0.8;258
14422;0.9;259
14424;1.8;260
14426;0.8;262
14428;1.5;262
14430;3.3;263
14432;2.2;262
14434;2.9;263
14436;3.1;263
14438;2.4;261
14440;3;262
14442;2.6;262
14444;4.1;261
14446;1.9;261
14448;2.6;260
14450;4.1;260
14452;3.2;257
14454;3;257
14456;2.1;257
14458;1.9;255
14460;1.8;257
14462;1.4;257
14464;2.8;257
14466;1;258
14468;1.3;258
14470;2;259
14472;0.6;259
14474;2;261
14476;2.6;261
14478;2.5;259
14480;2.2;260
14482;2.3;259
14484;2.7;259
14486;1.6;260
14488;1.9;259
14490;2.6;260
14492;1.6;259
14494;2.9;259
14496;2.2;260
14498;1.8;258
14500;2.1;261
14502;2.2;260
14504;3.2;260
14506;0.8;261
14508;2;260
14510;2.2;262
14512;1;261
14514;2.7;263
14516;1.8;264
14518;2;263
14520;2.8;264
14522;2.9;263
14524;4;263
14526;2;264
14528;2.9;263
14530;3.6;263
14532;2.4;261
14534;2.8;262
14536;2.3;263
14538;2.6;261
14540;2.8;263
14542;2.3;262
14544;4.1;261
14546;2.4;261
14548;2;261
14550;3.2;262
14552;2.2;260
14554;2.7;261
14556;1.6;262
14558;1.9;261
14560;1.8;264
14562;1.8;264
14564;3.5;265
14566;2.5;265
14568;2.8;264
14570;3.9;265
14572;3.5;262
14574;3;263
14576;2.9;263
14578;2.5;261
14580;2.8;262
14582;2;262
14584;4.1;261
14586;1.6;262
14588;2.6;261
14590;4.4;260
14592;2.7;258
14594;2.5;258
14596;2.4;258
14598;2.3;256
14600;2.2;258
14602;0.9;258
14604;2.8;258
14606;0.9;260
14608;1.1;260
14610;2;263
14612;1.4;262
14614;3.1;264
14616;3.1;264
14618;3.6;261
14620;1.5;264
14622;3.3;263
14624;3.5;263
14626;3;262
14628;1.8;262
14630;1.8;264
14632;2.2;263
14634;3.7;264
14636;4.6;262
14638;4.4;258
14640;2.6;259
14642;2;257
14644;4.4;256
14646;1.6;256
14648;2.1;256
14650;2.8;256
14652;1;255
14654;1.3;258
14656;1.1;259
14658;2.1;258
14660;2;260
14662;3.4;258
14664;2.4;256
14666;1.9;257
14668;0.7;258
14670;1.9;260
14672;1;259
14674;1.7;262
14676;1.6;263
14678;2.6;262
14680;1.6;264
14682;3;263
14684;5.2;262
14686;2.3;262
14688;2.5;261
14690;3.4;261
14692;2.8;258
14694;2.4;260
14696;1.5;260
14698;3;259
14700;1.4;261
14702;0.9;262
14704;3.9;262
14706;1.4;263
14708;2;262
14710;3.7;263
14712;2.3;261
14714;2.5;262
14716;2.3;262
14718;3.3;260
14720;1.7;262
14722;2;262
14724;4.6;261
14726;2;261
14728;2;260
14730;2.6;262
14732;2.1;260
14734;2.5;261
14736;1.2;263
14738;3.9;261
14740;1.1;263
14742;1.3;264
14744;4.2;264
14746;1.1;265
14748;2;265
14750;2.9;267
14752;3.8;264
14754;2.9;266
14756;2.8;266
14758;4.9;263
14760;3.2;264
14762;2.3;263
14764;5.1;262
14766;2.5;261
14768;2.9;260
14770;4.1;259
14772;3;256
14774;2.7;257
14776;2;257
14778;3.5;254
14780;1.8;255
14782;1.3;255
14784;4;254
14786;1.3;253
14788;0.3;254
14790;1.4;256
14792;1.2;255
14794;1.1;258
14796;0.9;259
14798;3.3;257
14800;1.7;259
14802;1.6;258
14804;4.1;258
14806;1.8;257
14808;1.4;256
14810;2.5;257
14812;2.6;254
14814;2.2;256
14816;2.1;255
14818;3;252
14820;2.4;253
14822;1.6;252
14824;3.7;251
14826;0.9;251
14828;1.3;250
14830;2.3;251
14832;0.4;249
14834;0.6;251
14836;0.7;252
14838;1.3;250
14840;0.7;253
14842;0.5;253
14844;3.3;253
14846;1.1;253
14848;0.8;253
14850;1.8;255
14852;1.6;253
14854;1.8;254
14856;1.2;255
14858;3.3;252
14860;1.3;254
14862;1.4;253
14864;3.7;253
14866;1.1;252
14868;1.4;252
14870;1.8;253
14872;2.2;250
14874;1.8;251
14876;1.2;251
14878;1.4;249
14880;0.9;251
14882;0.4;251
14884;3;251
14886;-0.1;251
14888;0.7;252
14890;2.8;252
14892;0.9;251
14894;1.2;252
14896;1;253
14898;2;251
14900;1.4;253
14902;0.6;253
14904;2.8;252
14906;0.6;253
14908;0.4;254
14910;1.8;256
14912;1;255
14914;1.9;256
14916;1.6;256
14918;2.6;255
14920;1.2;257
14922;1;257
14924;3.6;257
14926;0.9;258
14928;0.8;258
14930;2;260
14932;1.5;258
14934;1.6;260
14936;1.9;261
14938;2.4;259
14940;2.3;260
14942;1.5;260
14944;4;259
14946;1.6;259
14948;2;259
14950;3;259
14952;1.5;258
14954;2;259
14956;2.1;260
14958;2.7;258
14960;2.5;259
14962;1.4;258
14964;3;258
14966;1.8;258
14968;1.5;258
14970;2.2;260
14972;1.1;259
14974;1.3;261
14976;1.4;262
14978;2.2;262
14980;1.6;265
14982;2.7;264
14984;4.4;264
14986;1.8;264
14988;2.9;263
14990;3.5;264
14992;2.9;262
14994;2.7;263
14996;2.9;263
14998;2.9;262
15000;2.8;263
15002;3.1;261
15004;4.8;260
15006;2.4;260
15008;2.8;258
15010;3.3;258
15012;1.7;257
15014;1.9;258
15016;2.1;259
15018;1.6;257
15020;1.4;260
15022;1;260
15024;2.3;261
15026;1.4;263
15028;1.7;262
15030;3.3;264
15032;2.4;262
15034;3.4;263
15036;3.2;263
15038;2.7;261
15040;2.9;263
15042;2.9;261
15044;4.4;260
15046;2.5;260
15048;2.7;259
15050;3.7;259
15052;3.2;255
15054;2.7;256
15056;2.2;256
15058;2.2;254
15060;1.8;255
15062;1.4;255
15064;2.7;255
15066;1;256
15068;1.5;256
15070;2.1;257
15072;1.1;257
15074;1.8;258
15076;2.7;258
15078;2.9;256
15080;2.4;257
15082;2.3;255
15084;2.9;255
15086;1.3;255
15088;1.5;255
15090;2.7;256
15092;1.2;255
15094;2;256
15096;1.8;257
15098;1.8;256
15100;0.9;258
15102;1.6;258
15104;3.2;258
15106;0.4;259
15108;1.6;259
15110;2.4;261
15112;1.4;260
15114;2.1;262
15116;2.2;263
15118;2.4;261
15120;2.6;263
15122;2.8;262
15124;4;261
15126;1.6;262
15128;3;261
15130;3.3;261
15132;1.6;260
15134;2.5;262
15136;2.5;262
15138;2.4;261
15140;2.7;262
15142;2.3;261
15144;3.7;261
15146;1.8;261
15148;1.6;261
15150;2.9;262
15152;1.9;261
15154;2.5;262
15156;1.9;263
15158;2.2;262
15160;1.6;265
15162;1.9;265
15164;3.7;266
15166;2.7;267
15168;3.2;266
15170;3.8;267
15172;3.7;264
15174;4;265
15176;3.3;265
15178;3.7;262
15180;3.2;263
15182;2.6;262
15184;4.5;262
15186;2.2;262
15188;3.6;260
15190;3.9;259
15192;2.5;258
15194;3;258
15196;2.4;258
15198;2.2;256
15200;1.9;258
15202;0.7;258
15204;2.5;258
15206;1;260
15208;0.9;261
15210;1.9;263
15212;1.3;263
15214;2.9;265
15216;3.2;265
15218;3.7;262
15220;1.5;265
15222;3.5;264
15224;3.7;264
15226;3.5;263
15228;2.4;262
15230;2.1;263
15232;2.2;263
15234;3.7;261
15236;4;260
15238;5;258
15240;3.1;259
15242;2;257
15244;4.3;256
15246;1.4;256
15248;2.6;255
15250;2.7;256
15252;1.1;254
15254;1.6;256
15256;1.3;257
15258;2.2;256
15260;2.3;257
15262;3.7;255
15264;3;253
15266;2;253
15268;0.9;254
15270;2.1;255
15272;1.3;254
15274;1.5;256
15276;1.9;256
15278;3.1;254
15280;1.8;256
15282;1.9;254
15284;4.2;253
15286;1.1;253
15288;1.4;253
15290;2.4;254
15292;2.3;251
15294;1.6;252
15296;0.8;253
15298;2.3;251
15300;0.6;254
15302;-0.1;254
15304;3.1;255
15306;0.7;255
15308;2;254
15310;3.3;254
15312;1.4;252
15314;1.3;254
15316;1.5;255
15318;2.3;253
15320;1.1;255
15322;1.1;255
15324;3.8;254
15326;1.5;254
15328;0.9;254
15330;1.7;256
15332;1.4;254
15334;1.7;256
15336;1.2;257
15338;3.9;255
15340;-0.6;258
15342;1;258
15344;3.2;258
15346;0.3;259
15348;0.8;260
15350;1.9;262
15352;3.1;259
15354;2.5;260
15356;2.1;260
15358;3.8;257
15360;2;259
15362;1.6;258
15364;4.5;257
15366;1.2;258
15368;2.2;257
15370;3.6;256
15372;2.2;254
15374;2;255
15376;1.4;256
15378;3;253
15380;1.6;255
15382;1.2;254
15384;3.3;255
15386;1.1;254
15388;0.3;255
15390;1.5;257
15392;1.3;256
15394;1.5;258
15396;0.8;260
15398;3.7;258
15400;1.3;259
15402;1.3;260
15404;4;259
15406;1.9;259
15408;1.5;259
15410;2.5;260
15412;2.7;257
15414;2;258
15416;1.9;259
15418;3.3;256
15420;2.6;257
15422;1.6;256
15424;4.2;254
15426;1.1;255
15428;1.6;254
15430;2.9;254
15432;1.4;253
15434;0.7;255
15436;1.1;256
15438;2.1;254
15440;0.8;256
15442;0.8;256
15444;3.7;256
15446;1.2;256
15448;0.9;256
15450;2.4;257
15452;1.6;256
15454;2.2;257
15456;1.8;257
15458;3.6;255
15460;1.4;257
15462;1.3;256
15464;3.9;255
15466;1.1;255
15468;1.7;254
15470;1.9;255
15472;1.9;253
15474;2.4;254
15476;1.6;254
15478;2.2;252
15480;1.7;253
15482;0.9;253
15484;3.4;252
15486;0.6;253
15488;1.4;252
15490;2.7;252
15492;1;251
15494;1.7;252
15496;2;253
15498;1.7;250
15500;1.7;252
15502;0.9;251
15504;2.7;251
15506;0.5;251
15508;0.7;251
15510;1.8;252
15512;1;251
15514;1.5;252
15516;0.9;253
15518;2.6;251
15520;0.8;254
15522;0.3;254
15524;3.4;254
15526;0.2;255
15528;0.4;256
15530;1.4;258
15532;1.5;257
15534;1.6;259
15536;2;259
15538;2;258
15540;2.2;259
15542;2.2;258
15544;4;257
15546;1.3;257
15548;2.4;257
15550;2.8;257
15552;1.6;256
15554;2.2;257
15556;2;257
15558;2.3;255
15560;1.9;256
15562;0.9;256
15564;2.5;256
15566;1.5;257
15568;1.5;256
15570;1.9;258
15572;0.7;257
15574;1.3;259
15576;1.4;261
15578;1.9;260
15580;1.4;263
15582;2;262
15584;3.8;263
15586;1.7;263
15588;3;262
15590;3.5;263
15592;2.6;261
15594;3;262
15596;3;261
15598;2.6;259
15600;2.8;260
15602;2.9;258
15604;4.2;257
15606;1.7;257
15608;2.8;256
15610;2.8;256
15612;1.4;255
15614;1.4;257
15616;1.7;258
15618;1.1;256
15620;1.7;259
15622;0.8;259
15624;2.3;260
15626;1.5;261
15628;1.7;261
15630;2.7;262
15632;2.4;261
15634;3.3;261
15636;2.8;261
15638;2.2;259
15640;2.8;260
15642;2.5;259
15644;3.8;258
15646;1.9;258
15648;2.2;257
15650;3.4;257
15652;2.7;255
15654;2.2;256
15656;2.1;256
15658;1.8;254
15660;1.7;256
15662;1.4;256
15664;2.6;257
15666;0.8;258
15668;1.7;258
15670;2.5;259
15672;1.3;258
15674;2.1;259
15676;2.6;259
15678;2.6;257
15680;3.1;257
15682;2.7;256
15684;3.2;255
15686;1.6;255
15688;1.6;254
15690;3.5;254
15692;1.2;252
15694;2.5;253
15696;1.8;253
15698;1.7;252
15700;1;254
15702;1.1;253
15704;2.9;253
15706;0.5;254
15708;1.1;253
15710;1.4;255
15712;0.5;255
15714;1.1;257
15716;1.1;258
15718;1.2;258
15720;1.8;260
15722;1.7;259
15724;3.2;259
15726;1.2;260
15728;2.9;259
15730;3.3;258
15732;2;257
15734;2.2;258
15736;2.4;258
15738;2.7;256
15740;2.2;257
15742;1.9;257
15744;3.3;256
15746;1.3;257
15748;1.3;257
15750;1.9;259
15752;1.2;258
15754;2;259
15756;1.6;261
15758;1.9;260
15760;1;263
15762;1.6;263
15764;3.5;264
15766;2.3;265
15768;2.4;264
15770;3.4;266
15772;3.3;263
15774;3.4;264
15776;3.2;265
15778;3.4;263
15780;3.3;264
15782;2.8;263
15784;4.4;262
15786;2.2;262
15788;3;261
15790;3.8;261
15792;2.1;259
15794;2.4;260
15796;2.5;261
15798;2.7;259
15800;2.4;260
15802;1;260
15804;2.9;261
15806;1.4;263
15808;1.2;263
15810;2.4;266
15812;1.8;265
15814;3.5;267
15816;3.4;267
15818;4.8;264
15820;1.5;266
15822;3.9;265
15824;4.1;264
15826;3.6;263
15828;2.4;262
15830;2.4;264
15832;2.6;263
15834;3.8;264
15836;4.2;263
15838;4;260
15840;2.4;261
15842;2.3;260
15844;4.7;258
15846;1.3;259
15848;2.2;258
15850;3;258
15852;1.3;258
15854;1.4;260
15856;1.5;261
15858;2.4;259
15860;2.3;261
15862;3.6;259
15864;2.8;258
15866;2.3;258
15868;0.7;259
15870;2.2;260
15872;1.5;259
15874;2.1;261
15876;2.4;262
15878;3.7;260
15880;2.1;262
15882;2.4;260
15884;5;259
15886;2.1;259
15888;2;258
15890;2.7;259
15892;3;256
15894;2.6;257
15896;1;258
15898;3.2;255
15900;1.6;257
15902;0.7;257
15904;3.5;257
15906;1.4;257
15908;2.2;256
15910;3.2;256
15912;1.8;255
15914;1.9;256
15916;1.7;257
15918;3.2;254
15920;2;256
15922;1.7;255
15924;4.6;254
15926;2.2;253
15928;1.6;252
15930;1.5;253
15932;1.4;252
15934;1.6;254
15936;0.7;255
15938;3.7;253
15940;-0.6;256
15942;0.4;257
15944;3.2;257
15946;-0.3;259
15948;0.5;260
15950;1.6;262
15952;2.7;260
15954;2;262
15956;2.6;262
15958;4.2;259
15960;2.5;260
15962;1.9;259
15964;4.5;258
15966;1.8;258
15968;2.8;257
15970;3.9;256
15972;2.3;254
15974;1.7;255
15976;1.3;256
15978;3;253
15980;1.4;255
15982;1.2;255
15984;3.2;255
15986;0.9;255
15988;0.5;256
15990;1;258
15992;1.1;257
15994;1.5;259
15996;0.7;261
15998;3.7;259
16000;1.4;261
16002;1.7;261
16004;4.6;260
16006;2;259
16008;1.8;258
16010;3.1;259
16012;3.5;256
16014;2.6;257
16016;2.6;256
16018;3.4;253
16020;2.4;254
16022;1.3;253
16024;3.8;252
16026;0.9;253
16028;1.8;252
16030;2.3;252
16032;1;251
16034;1.3;253
16036;0.7;254
16038;2;252
16040;1.4;254
16042;0.8;254
16044;3.8;254
16046;1.2;253
16048;1.1;253
16050;1.9;254
16052;1.9;252
16054;2.1;252
16056;1.4;253
16058;3.3;251
16060;1;252
16062;1.4;251
16064;4;250
16066;0.8;250
16068;1;249
16070;1.2;250
16072;1.7;248
16074;1.4;249
16076;1.5;249
16078;2.1;247
16080;1.1;248
16082;0.2;248
16084;3.1;248
16086;-0.1;248
16088;0.9;248
16090;2.2;248
16092;0.7;247
16094;1.1;249
16096;1.4;249
16098;1.9;246
16100;1.6;248
16102;0.6;247
16104;2.9;246
16106;0.6;246
16108;0.2;246
16110;1.4;248
16112;0.3;246
16114;0.9;247
16116;-0.2;249
16118;1.6;248
16120;0.2;250
16122;0;250
16124;2.6;250
16126;0.1;251
16128;0.1;251
16130;1.3;254
16132;1;252
16134;1;255
16136;1.2;255
16138;2.3;254
16140;1.7;255
16142;1.4;255
16144;3.4;254
16146;1.1;255
16148;2.1;254
16150;2.8;254
16152;1.4;253
16154;1.9;254
16156;1.8;255
16158;2;253
16160;1.9;254
16162;0.7;254
16164;2.3;254
16166;1;255
16168;1.6;255
16170;1.9;257
16172;0.9;256
16174;1.1;259
16176;1.2;261
16178;1.6;260
16180;1.6;263
16182;2.1;263
16184;4.2;263
16186;1.5;264
16188;2.8;263
16190;3.7;264
16192;3;262
16194;3.3;263
16196;3.3;262
16198;3.1;260
16200;3;261
16202;3.2;259
16204;4.5;258
16206;2.4;258
16208;2.7;257
16210;3.3;257
16212;1.6;256
16214;1.3;258
16216;1.9;259
16218;1.4;258
16220;1.5;260
16222;1;260
16224;2.7;261
16226;1.5;263
16228;1.9;263
16230;3.3;264
16232;2.9;263
16234;3.5;263
16236;3.7;262
16238;3.3;260
16240;3.2;261
16242;2.9;260
16244;4.1;259
16246;1.7;259
16248;2.5;258
16250;3.6;258
16252;2.8;256
16254;2.5;256
16256;2.4;256
16258;2.1;255
16260;1.8;256
16262;1.8;256
16264;3;256
16266;0.8;257
16268;2;257
16270;2.4;258
16272;1.2;257
16274;2.1;259
16276;2.7;258
16278;3;256
16280;3.2;257
16282;2.5;255
16284;3.1;254
16286;2.2;254
16288;1.7;253
16290;2.6;254
16292;1.2;252
16294;2.2;253
16296;1.8;254
16298;1.6;252
16300;1.3;255
16302;1.3;254
16304;3.5;254
16306;0.8;254
16308;1.8;254
16310;1.9;255
16312;0.9;254
16314;1.8;256
16316;1.2;256
16318;1.6;255
16320;2.1;257
16322;2.2;256
16324;3.4;256
16326;1.1;256
16328;2.9;255
16330;3.3;255
16332;1.8;253
16334;2;254
16336;2.1;254
16338;2;252
16340;2.4;254
16342;1.6;253
16344;2.7;253
16346;1.1;254
16348;0.3;254
16350;1.7;256
16352;1.9;255
16354;2.2;256
16356;1.1;258
16358;1.3;257
16360;1.5;260
16362;1.2;261
16364;3.3;261
16366;2.2;262
16368;2.4;261
16370;3.4;263
16372;2.9;260
16374;3;261
16376;2.6;261
16378;3;259
16380;2.8;260
16382;2.3;259
16384;4.2;258
16386;1.8;258
16388;2.4;257
16390;3.5;257
16392;1.9;256
16394;2.3;257
16396;2.1;258
16398;2;256
16400;2.2;258
16402;0.9;258
16404;2.4;259
16406;1;261
16408;1.2;262
16410;2;265
16412;0.9;265
16414;3.2;267
16416;3.6;267
16418;4;265
16420;2.4;267
16422;3.7;266
16424;4.1;266
16426;3.8;265
16428;2.5;264
16430;2.8;266
16432;2.8;265
16434;3.7;266
16436;4.1;265
16438;4.6;261
16440;3.4;263
16442;2.6;262
16444;4.8;260
16446;1.6;261
16448;2.3;260
16450;3.7;260
16452;1.5;259
16454;2;261
16456;2.2;262
16458;2.8;260
16460;2.9;262
16462;3.9;260
16464;3.4;258
16466;2.4;259
16468;1;259
16470;2.8;261
16472;2.3;259
16474;2.7;261
16476;2.6;261
16478;3.3;259
16480;1.5;261
16482;2.5;260
16484;5.2;259
16486;1.9;258
16488;2;258
16490;2.9;259
16492;3.1;256
16494;2.6;257
16496;1.4;257
16498;2.5;256
16500;1.5;258
16502;0.9;258
16504;3.5;258
16506;1.6;258
16508;2.6;257
16510;3.6;256
16512;2.2;254
16514;2.8;255
16516;2.1;255
16518;3.1;252
16520;1.9;254
16522;1.5;253
16524;3.8;252
16526;1.9;252
16528;1.4;251
16530;1.9;253
16532;1.4;251
16534;1.9;252
16536;0.9;253
16538;3.7;251
16540;0.1;253
16542;0.4;254
16544;3.6;254
16546;0.4;255
16548;0.7;255
16550;1.8;257
16552;2.8;254
16554;2.7;255
16556;1.8;255
16558;4.5;251
16560;2.1;252
16562;1.7;251
16564;3.8;250
16566;0.8;250
16568;1.6;249
16570;2.6;249
16572;1;249
16574;0.5;249
16576;0;251
16578;1.8;249
16580;0.8;252
16582;0.6;252
16584;3.2;252
16586;0.8;253
16588;0.2;254
16590;0.9;256
16592;0.9;255
16594;1.6;258
16596;0.7;259
16598;3.5;257
16600;1.4;260
16602;1.4;260
16604;4.4;260
16606;2;259
16608;1.9;258
16610;2.6;259
16612;2.8;256
16614;2.8;257
16616;2.1;257
16618;3.2;255
16620;2.4;256
16622;1.7;255
16624;4.4;254
16626;1.1;254
16628;1.9;254
16630;2.2;255
16632;1.2;253
16634;1.3;255
16636;1;256
16638;2.2;255
16640;2;257
16642;1.1;257
16644;4;256
16646;1.2;256
16648;1.5;257
16650;2.4;258
16652;2.2;256
16654;1.9;257
16656;1.7;258
16658;3.7;255
16660;1.5;257
16662;1.9;256
16664;4.8;255
16666;1.3;255
16668;1.1;254
16670;2.1;256
16672;2.2;253
16674;2.2;255
16676;1.7;255
16678;1.9;253
16680;1.7;255
16682;0.9;254
16684;3.6;254
16686;0.5;255
16688;1.6;254
16690;3.1;254
16692;1.6;253
16694;1.7;254
16696;2.5;254
16698;3.1;252
16700;3.1;253
16702;1.3;252
16704;3.4;251
16706;0.8;252
16708;1.2;252
16710;1.9;253
16712;1.5;251
16714;1.5;253
16716;1;254
16718;2.7;252
16720;0.8;254
16722;0.9;254
16724;3.6;254
16726;0.8;255
16728;0.4;255
16730;1.9;257
16732;1.3;255
16734;1.9;257
16736;2.1;257
16738;2.9;255
16740;2.6;257
16742;2.3;255
16744;4.3;254
16746;1.8;254
16748;2.3;253
16750;3.1;253
16752;1.6;251
16754;1.6;253
16756;2.1;253
16758;2.4;251
16760;1.9;253
16762;0.7;252
16764;2.4;253
16766;0.8;254
16768;1.1;254
16770;1.7;256
16772;0.6;256
16774;1.3;258
16776;1;260
16778;2;259
16780;1.2;262
16782;2.3;262
16784;4.1;262
16786;1.7;263
16788;2.8;262
16790;3.6;263
16792;2.8;260
16794;3.3;261
16796;2.8;261
16798;2.8;259
16800;2.8;260
16802;2.5;259
16804;4.1;258
16806;1.8;259
16808;2.7;258
16810;2.7;258
16812;1.7;257
16814;1.4;259
16816;1.8;260
16818;1.8;259
16820;1.7;262
16822;0.9;263
16824;3;264
16826;2;265
16828;2;266
16830;3.5;267
16832;3.4;266
16834;4.1;266
16836;3.7;266
16838;3.3;264
16840;3.5;265
16842;3.1;264
16844;4.7;263
16846;2.7;263
16848;2.8;262
16850;4;262
16852;3.3;260
16854;2.7;261
16856;2.5;261
16858;2.6;259
16860;2.8;261
16862;2.2;260
16864;3.5;260
16866;1.5;261
16868;2.2;261
16870;2.9;262
16872;1.7;262
16874;2.6;263
16876;3.3;263
16878;3.3;261
16880;3.6;262
16882;2.9;260
16884;3.6;260
16886;2.2;260
16888;2.1;259
16890;3.5;260
16892;1.6;258
16894;3;259
16896;2.5;259
16898;2.2;258
16900;1.7;260
16902;2.2;260
16904;3.9;259
16906;1.4;259
16908;2.1;258
16910;2.6;260
16912;1.8;258
16914;2.6;259
16916;1.8;260
16918;2;259
16920;2.7;260
16922;2.3;259
16924;3.5;259
16926;1.9;260
16928;2.8;258
16930;3.2;258
16932;2.1;257
16934;2.4;258
16936;2.3;258
16938;2.3;256
16940;2.6;258
16942;1.7;257
16944;3.7;256
16946;2;257
16948;1.2;257
16950;2.1;259
16952;2.2;257
16954;2.2;258
16956;1.7;259
16958;1.8;258
16960;1.4;261
16962;1.7;261
16964;3.8;261
16966;2.2;262
16968;2.7;262
16970;4;262
16972;2.9;259
16974;3.1;260
16976;2.9;260
16978;2.9;257
16980;3;258
16982;2.5;257
16984;4.1;256
16986;1.9;256
16988;2.7;255
16990;3.8;255
16992;1.6;253
16994;2;255
16996;2.2;255
16998;2.2;255
17000;1.8;255
17002;0.3;256
17004;2.5;257
17006;0.5;258
17008;0.5;259
17010;1.6;262
17012;1.5;262
17014;2.6;264
17016;3.1;264
17018;4;261
17020;1.6;264
17022;3.2;263
17024;3.4;263
17026;3.5;263
17028;2.3;263
17030;2;265
17032;2.4;265
17034;3.7;266
17036;4.1;265
17038;4.9;262
17040;3.3;263
17042;2.3;262
17044;5.1;261
17046;1.7;261
17048;2.4;261
17050;3.7;261
17052;1.8;260
17054;2.1;262
17056;1.9;263
17058;2.7;262
17060;2.7;264
17062;3.7;263
17064;3.3;262
17066;2.7;262
17068;1.7;263
17070;2.9;265
17072;2.3;264
17074;3.1;266
17076;2.7;267
17078;4.4;265
17080;2.3;267
17082;3.7;266
17084;6.1;264
17086;3;264
17088;2.8;263
17090;3.6;264
17092;3.4;261
17094;3.2;262
17096;1.9;262
17098;3.7;260
17100;2.1;262
17102;1.3;262
17104;4.5;262
17106;1.6;263
17108;3;263
17110;4;263
17112;2.8;260
17114;2.8;261
17116;2.8;262
17118;3.8;259
17120;2.4;260
17122;2;259
17124;4.9;258
17126;2.6;257
17128;2.3;256
17130;2.5;257
17132;2.4;255
17134;2.3;256
17136;1.4;257
17138;4.2;255
17140;-0.1;257
17142;0.9;257
17144;4.1;257
17146;0.6;257
17148;1;258
17150;2.1;260
17152;3.1;257
17154;2.9;257
17156;2.1;257
17158;4.6;254
17160;1.6;255
17162;1.5;254
17164;4.4;253
17166;1.1;253
17168;2.7;252
17170;3.9;252
17172;2.1;249
17174;1.4;250
17176;1;251
17178;2.6;249
17180;1;250
17182;0.7;250
17184;3.3;250
17186;0.6;250
17188;-0.3;252
17190;0.9;253
17192;0.8;252
17194;1;255
17196;0.3;256
17198;3.2;255
17200;1.2;257
17202;1.1;257
17204;4.3;256
17206;1.6;256
17208;1.4;256
17210;2.2;257
17212;2.6;255
17214;2.1;256
17216;1.7;256
17218;2.8;254
17220;1.8;255
17222;1.6;254
17224;4;254
17226;0.7;254
17228;1.7;254
17230;2.6;255
17232;1;253
17234;1;255
17236;0.9;257
17238;2.6;255
17240;1;257
17242;0.7;258
17244;3.7;258
17246;1.6;258
17248;1;258
17250;1.9;259
17252;1.7;258
17254;1.9;259
17256;1.8;260
17258;3.4;258
17260;1.4;260
17262;1.8;259
17264;4.4;258
17266;1.7;258
17268;2;257
17270;2.2;259
17272;2.7;256
17274;3.1;257
17276;2;257
17278;2.7;255
17280;1.6;256
17282;1.2;256
17284;3.8;256
17286;0.8;256
17288;1.6;256
17290;2.9;256
17292;2.2;254
17294;2;255
17296;1.7;255
17298;2.3;253
17300;2.3;254
17302;1.2;254
17304;3.1;253
17306;0.6;254
17308;0.8;254
17310;1.6;256
17312;1.1;254
17314;2.1;255
17316;1.3;256
17318;3.1;254
17320;1.2;256
17322;1.2;255
17324;3.9;255
17326;0.8;255
17328;1;255
17330;1.8;257
17332;1.9;255
17334;1.7;257
17336;1.7;257
17338;3;255
17340;2.6;256
17342;2.2;255
17344;3.8;254
17346;1.6;254
17348;2.3;253
17350;2.9;253
17352;1.8;251
17354;1.2;252
17356;1.6;253
17358;2.4;251
17360;1.8;252
17362;1.1;252
17364;2.6;252
17366;0.9;253
17368;0.9;252
17370;1.7;254
17372;0.6;254
17374;0.9;256
17376;0.9;258
17378;1.6;257
17380;1;260
17382;1.8;260
17384;4.1;260
17386;1.7;260
17388;2.4;259
17390;3;260
17392;2.6;258
17394;2.9;259
17396;2.1;259
17398;2.3;257
17400;2.4;259
17402;2;257
17404;4.3;256
17406;2;256
17408;2.9;255
17410;3.5;254
17412;1.4;255
17414;0.9;256
17416;1.6;256
17418;0.9;257
17420;0.9;258
17422;0.2;259
17424;2.1;260
17426;0.9;262
17428;1.3;263
17430;3.7;265
17432;2.7;263
17434;3.2;264
17436;2.9;265
17438;2.6;263
17440;2.9;265
17442;2.5;264
17444;4.5;264
17446;2.2;265
17448;2.8;264
17450;4.1;264
17452;3.5;262
17454;3.2;262
17456;2.7;262
17458;2.5;261
17460;2.9;262
17462;2.2;262
17464;3.4;262
17466;1.4;263
17468;2.6;263
17470;3.1;264
17472;1.8;263
17474;2.5;265
17476;3.6;265
17478;3.7;263
17480;3.8;263
17482;3.1;262
17484;4;261
17486;2.2;262
17488;1.9;261
17490;3.2;263
17492;2.1;261
17494;3;262
17496;3;262
17498;2.9;261
17500;2.6;263
17502;2.8;261
17504;4;261
17506;1.3;261
17508;2.2;261
17510;2.7;262
17512;2;261
17514;2.5;262
17516;2;263
17518;2.4;262
17520;3.1;263
17522;3;262
17524;4.1;261
17526;1.9;262
17528;3.6;260
17530;3.3;259
17532;1.9;258
17534;2.3;259
17536;2.1;259
17538;2.1;258
17540;2.3;259
17542;1.8;258
17544;3.9;257
17546;2.4;257
17548;1.6;257
17550;2.6;258
17552;2.1;256
17554;2.3;257
17556;1.6;258
17558;1.8;257
17560;1.1;260
17562;1;260
17564;3.4;260
17566;2.2;261
17568;2.5;260
17570;3.3;261
17572;2.6;258
17574;2.7;259
17576;2;259
17578;2.5;257
17580;3;258
17582;1.8;257
17584;3.4;257
17586;0.8;258
17588;2;257
17590;3.8;257
17592;2.6;254
17594;2.5;255
17596;2.2;255
17598;2.4;253
17600;1.9;255
17602;0.6;254
17604;2.6;255
17606;0.4;256
17608;0.3;257
17610;1.5;260
17612;0.8;260
17614;1.9;262
17616;2.5;263
17618;4;261
17620;1.8;263
17622;3.1;262
17624;3.3;262
17626;2.4;261
17628;1.4;262
17630;1.3;264
17632;2.1;264
17634;3.7;265
17636;4.2;263
17638;4.2;259
17640;2.7;261
17642;2.3;259
17644;4.3;258
17646;0.9;260
17648;1.9;259
17650;3.1;259
17652;1.1;259
17654;1.5;261
17656;1.6;263
17658;2.7;261
17660;2.6;263
17662;3.6;261
17664;3;260
17666;2.2;261
17668;1;262
17670;2.7;263
17672;1.9;263
17674;2.5;265
17676;2;266
17678;4;265
17680;2.4;266
17682;3.3;265
17684;5.7;264
17686;2.9;264
17688;2.7;263
17690;3.2;264
17692;3.3;261
17694;3.2;262
17696;1.9;263
17698;3.3;261
17700;2.3;263
17702;1.6;263
17704;4.1;263
17706;1.9;263
17708;3.5;262
17710;4;262
17712;2.2;260
17714;2.5;262
17716;2.4;263
17718;3.2;260
17720;2.4;262
17722;1.8;262
17724;4.6;261
17726;2.8;260
17728;2.2;259
17730;2.5;261
17732;2.1;259
17734;2.3;261
17736;1.8;261
17738;4.2;259
17740;0.5;262
17742;1.2;262
17744;4.5;262
17746;0.8;263
17748;1.6;263
17750;2.9;266
17752;4.1;262
17754;3.4;263
17756;2.3;263
17758;5.2;260
17760;2.6;261
17762;2;260
17764;4.5;260
17766;1.3;260
17768;2.5;259
17770;3.3;259
17772;2.1;257
17774;2.2;258
17776;2;258
17778;3.2;256
17780;1.9;258
17782;1.6;257
17784;3.8;257
17786;1.4;256
17788;0.9;257
17790;1.2;259
17792;1.2;258
17794;1.8;261
17796;1.2;263
17798;4.1;260
17800;1.4;263
17802;1.7;263
17804;4.8;262
17806;2.4;262
17808;2.6;261
17810;3.2;262
17812;3.4;259
17814;2.7;260
17816;2.4;260
17818;3.3;257
17820;2.5;258
17822;2.5;256
17824;4.6;255
17826;1.1;255
17828;2.2;254
17830;2.6;254
17832;1.2;255
17834;1;255
17836;0.5;257
17838;2.4;258
17840;0.5;258
17842;1;258
17844;3.9;258
17846;1.3;258
17848;0.9;258
17850;1.8;260
17852;1.7;259
17854;1.9;261
17856;1.8;262
17858;3.7;260
17860;1.3;262
17862;2.1;261
17864;4.8;260
17866;2.1;260
17868;1.7;259
17870;2.3;261
17872;2.7;259
17874;3.2;259
17876;1.7;259
17878;2.3;258
17880;1.7;259
17882;1.1;259
17884;3.6;259
17886;0.7;260
17888;1.9;260
17890;3.6;260
17892;2.2;258
17894;2;259
17896;2.2;259
17898;2.6;257
17900;2.2;259
17902;1.2;258
17904;3.3;258
17906;1.2;258
17908;0.9;259
17910;2.1;261
17912;2;260
17914;2.9;260
17916;2.1;261
17918;3.4;259
17920;1.8;260
17922;1.7;260
17924;4.4;259
17926;1.2;260
17928;1.1;260
17930;2.1;262
17932;2.3;260
17934;2.1;262
17936;2.4;262
17938;3;260
17940;2.9;261
17942;2.2;261
17944;4;260
17946;1.8;260
17948;2.5;259
17950;2.9;259
17952;1.7;258
17954;1.9;260
17956;2.3;260
17958;3.1;258
17960;2.8;259
17962;1.6;258
17964;3.4;258
17966;1.4;258
17968;2.1;258
17970;2.4;259
17972;1.1;258
17974;1.4;260
17976;1.7;262
17978;2.2;261
17980;2;264
17982;2.7;263
17984;4.6;262
17986;1.8;262
17988;2.8;261
17990;3.1;263
17992;2.8;261
17994;2.8;262
17996;2.5;262
17998;3;260
18000;2.6;261
18002;2.7;259
18004;4.7;258
18006;2.1;257
18008;3.5;256
18010;3.3;255
18012;1.5;254
18014;1.6;255
18016;2.1;256
18018;1.7;257
18020;1.2;258
18022;0.6;258
18024;2.4;259
18026;0.6;261
18028;1.5;261
18030;3.2;262
18032;1.8;261
18034;2.8;262
18036;2.2;263
18038;2.4;261
18040;2.2;263
18042;1.9;263
18044;4.2;263
18046;1.7;263
18048;2.3;263
18050;3.9;263
18052;3.1;260
18054;2.7;261
18056;2.2;262
18058;2.3;260
18060;2.4;262
18062;1.8;262
18064;3.3;262
18066;1.4;263
18068;2.2;263
18070;2.7;264
18072;1.5;264
18074;2.4;266
18076;3.6;266
18078;3.2;264
18080;3.3;266
18082;3.1;264
18084;3.8;264
18086;2.6;264
18088;2.2;264
18090;3.5;265
18092;2.4;264
18094;3.4;265
18096;3.2;265
18098;2.8;263
18100;3;265
18102;3.2;263
18104;4.4;263
18106;1.6;263
18108;2.3;262
18110;2.8;264
18112;1.9;263
18114;2.8;265
18116;2.2;265
18118;2.8;264
18120;3.4;266
18122;2.9;264
18124;4.1;264
18126;2.2;264
18128;3.5;263
18130;3.7;263
18132;2.3;262
18134;2.5;263
18136;2.8;264
18138;2.9;262
18140;3.2;263
18142;2.5;262
18144;4.4;261
18146;1.9;261
18148;2;261
18150;3.2;262
18152;2.4;260
18154;2.8;261
18156;1.8;262
18158;2.5;261
18160;1.5;264
18162;1.6;264
18164;4;265
18166;2.5;265
18168;2.9;264
18170;4;265
18172;3.2;262
18174;3.4;263
18176;2.6;263
18178;3;261
18180;3.2;262
18182;2.5;260
18184;4;260
18186;1.5;260
18188;3;259
18190;4.6;258
18192;2.4;256
18194;2.7;256
18196;2.7;256
18198;2.1;253
18200;1.9;255
18202;0.7;255
18204;2.7;255
18206;0.7;256
18208;0.5;257
18210;1.1;260
18212;1.1;260
18214;2.2;261
18216;2.8;261
18218;3.2;259
18220;1.2;261
18222;2.7;260
18224;3.4;260
18226;2.5;260
18228;1.3;260
18230;1.4;262
18232;1.4;262
18234;3.2;263
18236;4;261
18238;4.2;257
18240;2.2;259
18242;1.5;258
18244;4.3;257
18246;0.8;258
18248;1.9;257
18250;3;258
18252;0.8;257
18254;0.9;259
18256;1.2;261
18258;2.3;260
18260;1.7;262
18262;2.9;261
18264;2.7;260
18266;1.9;261
18268;1.1;262
18270;2.6;264
18272;2.1;264
18274;2.2;266
18276;1.9;268
18278;3.8;266
18280;2.2;268
18282;3.2;268
18284;6.1;266
18286;2.7;266
18288;2.5;265
18290;3.4;267
18292;3.5;264
18294;3.3;265
18296;2.1;266
18298;3.7;264
18300;2.6;266
18302;1.8;266
18304;4.6;266
18306;1.8;266
18308;3;266
18310;4.3;266
18312;2.8;264
18314;3.1;265
18316;2.8;265
18318;3.9;262
18320;2.9;264
18322;2.3;263
18324;5.3;262
18326;3;261
18328;2.4;260
18330;2.4;261
18332;2.1;259
18334;3.1;261
18336;1.5;261
18338;3.9;259
18340;0.7;262
18342;1.4;262
18344;4.5;262
18346;0.7;262
18348;1.7;263
18350;2.6;265
18352;4.2;262
18354;3.3;262
18356;2.4;262
18358;4.8;259
18360;2.5;260
18362;1.6;259
18364;4.3;258
18366;1.4;259
18368;2.8;257
18370;4.1;257
18372;2.7;254
18374;2.2;255
18376;1.5;255
18378;3.3;253
18380;1.8;254
18382;1;254
18384;3.7;254
18386;1.1;253
18388;0.6;254
18390;1.2;257
18392;1;256
18394;1.6;258
18396;0.6;260
18398;3.8;258
18400;1.4;260
18402;1.2;260
18404;4.3;259
18406;1.8;259
18408;1.5;258
18410;2.4;259
18412;2.8;257
18414;2.3;258
18416;1.7;258
18418;2.9;255
18420;2.6;256
18422;2.2;254
18424;4.5;253
18426;0.8;253
18428;2.1;252
18430;2.5;253
18432;1.2;251
18434;0.9;253
18436;0.8;254
18438;1.7;252
18440;1.3;255
18442;0.1;255
18444;3.4;255
18446;0.9;255
18448;0.7;256
18450;1.5;258
18452;1.4;257
18454;1.7;258
18456;1.6;259
18458;3.8;256
18460;1.1;258
18462;1.3;258
18464;4.1;257
18466;1.3;257
18468;1.7;257
18470;1.6;258
18472;2.2;256
18474;2.7;257
18476;1.6;257
18478;2.4;255
18480;1.5;257
18482;0.7;257
18484;3.5;257
18486;0.5;258
18488;1.7;258
18490;3;258
18492;1.9;257
18494;1.7;258
18496;1.2;259
18498;2.3;257
18500;1.9;259
18502;1.1;259
18504;3.2;259
18506;0.8;259
18508;1.2;259
18510;2.2;261
18512;1.8;260
18514;2.9;260
18516;1.6;261
18518;3.2;259
18520;1.9;261
18522;1.7;261
18524;4;260
18526;1.1;261
18528;1;261
18530;2.3;263
18532;2.2;261
18534;2.2;263
18536;2.5;263
18538;3.3;261
18540;2.4;262
18542;2.4;261
18544;4.6;260
18546;1.6;261
18548;2.5;260
18550;3;260
18552;1.8;259
18554;2;260
18556;2.4;260
18558;2.5;258
18560;2.6;259
18562;1.6;258
18564;3.4;258
18566;1.5;258
18568;1.7;258
18570;2.1;260
18572;0.7;260
18574;1.7;262
18576;1.6;263
18578;2.1;262
18580;2;265
18582;2.4;265
18584;4.5;265
18586;1.9;265
18588;2.9;264
18590;3.7;265
18592;3.1;263
18594;3.3;264
18596;3.2;263
18598;3;261
18600;3.4;261
18602;3.3;259
18604;2.8;257
18606;2.2;257
18608;3.2;255
18610;3.2;255
18612;1.4;254
18614;1.4;255
18616;2;256
18618;1.2;254
18620;1.4;256
18622;0.6;257
18624;2.4;257
18626;1.1;258
18628;1.7;258
18630;2.6;258
18632;2;258
18634;2.5;259
18636;2.4;259
18638;2.5;258
18640;1.9;260
18642;1.8;259
18644;3.3;259
18646;1.2;260
18648;2.1;259
18650;3.2;259
18652;2.6;257
18654;2.4;257
18656;1.9;258
18658;1.9;256
18660;2.2;258
18662;1.2;258
18664;2.8;258
18666;1;259
18668;1.8;259
18670;2.2;260
18672;1.3;260
18674;1.8;262
18676;2.9;262
18678;2.7;260
18680;2.7;261
18682;2.1;260
18684;2.8;260
18686;2;261
18688;2.2;260
18690;3;261
18692;1.6;260
18694;2.9;261
18696;2.4;261
18698;2.3;260
18700;2.1;262
18702;2.3;261
18704;3.6;261
18706;1.1;262
18708;2.2;261
18710;2.5;262
18712;1.8;262
18714;2.6;263
18716;2;264
18718;2.5;263
18720;3;265
18722;2.9;263
18724;4.4;263
18726;2.1;263
18728;3.5;262
18730;3.6;262
18732;2.2;261
18734;2.5;262
18736;2.7;262
18738;2.4;260
18740;2.9;261
18742;2.3;260
18744;3.3;259
18746;2;259
18748;1.7;259
18750;2.9;260
18752;2.1;259
18754;2.6;260
18756;1.9;261
18758;2.1;260
18760;1.4;263
18762;1.6;263
18764;3.4;264
18766;2.3;265
18768;2.7;264
18770;3.6;265
18772;3.1;263
18774;3.1;264
18776;2.8;264
18778;2.8;262
18780;3;263
18782;2.7;262
18784;4.4;261
18786;1.7;261
18788;2.7;260
18790;4.3;259
18792;2.4;257
18794;2.7;258
18796;2.7;258
18798;2.8;255
18800;2.5;257
18802;0.9;257
18804;3.3;257
18806;1;258
18808;1.2;258
18810;1.6;260
18812;1;260
18814;3.2;261
18816;3;261
18818;4.1;258
18820;1.6;260
18822;3.2;258
18824;3.7;257
18826;3.3;256
18828;1.4;255
18830;1.7;257
18832;1.9;256
18834;3.2;255
18836;3.4;254
18838;3.5;251
18840;1.7;252
18842;1.6;251
18844;4;249
18846;0.1;250
18848;1.5;250
18850;2.3;250
18852;0.4;251
18854;0.8;251
18856;0.6;253
18858;0.8;254
18860;0.8;255
18862;2.3;254
18864;1.8;255
18866;1.5;255
18868;0.1;256
18870;1.8;259
18872;0.9;258
18874;1.6;260
18876;1.8;261
18878;2.9;260
18880;1.8;262
18882;2.1;261
18884;4.8;260
18886;2;260
18888;1.7;260
18890;2.7;261
18892;2.6;259
18894;2.4;260
18896;1.5;261
18898;3.2;259
18900;1.3;261
18902;1.3;262
18904;4.1;261
18906;1.8;262
18908;3.3;261
18910;3.7;260
18912;2.1;259
18914;2.1;260
18916;2.1;261
18918;3.1;258
18920;2.2;260
18922;1.5;260
18924;4.2;259
18926;2.1;259
18928;1.4;258
18930;2.1;260
18932;1.8;258
18934;2.4;260
18936;1.2;261
18938;4.3;258
18940;0.6;261
18942;1;262
18944;4.2;262
18946;0.8;263
18948;1.3;263
18950;2.8;265
18952;3.8;262
18954;3.4;263
18956;2.7;263
18958;5;260
18960;2.4;261
18962;2.3;260
18964;4.6;259
18966;1.5;259
18968;2.5;259
18970;3.9;258
18972;2.6;255
18974;3.3;257
18976;1.6;258
18978;3.8;255
18980;1.9;257
18982;1.4;256
18984;3.8;256
18986;1.7;256
18988;0.9;256
18990;1.6;259
18992;1.3;258
18994;1.9;260
18996;0.9;262
18998;3.8;260
19000;1.6;261
19002;1.6;261
19004;4.7;261
19006;2.2;260
19008;1.9;259
19010;2.7;258
19012;2.9;257
19014;2.5;258
19016;2.3;257
19018;3.2;255
19020;2.8;255
19022;1.4;254
19024;4.2;253
19026;1;253
19028;1.8;252
19030;2.2;253
19032;1;252
19034;0.8;254
19036;0.7;256
19038;2.4;253
19040;1.2;256
19042;0.6;256
19044;3.8;256
19046;1.5;256
19048;1.8;255
19050;2.4;257
19052;1.7;255
19054;1.9;256
19056;1.6;257
19058;3.6;254
19060;1.2;256
19062;1.7;255
19064;3.9;254
19066;1.1;254
19068;1.4;253
19070;1.7;255
19072;1.9;253
19074;2;254
19076;1.6;254
19078;2.2;252
19080;1.2;254
19082;0.4;254
19084;3.5;254
19086;0.3;254
19088;1.3;254
19090;2.8;255
19092;1.1;253
19094;1.7;254
19096;1.5;255
19098;2.4;252
19100;1.6;254
19102;0.7;254
19104;3.2;254
19106;0.8;254
19108;1;254
19110;2.2;256
19112;1.1;255
19114;1.8;256
19116;1.3;257
19118;2.8;256
19120;1.7;258
19122;1.1;258
19124;3.8;257
19126;0.6;258
19128;0.6;258
19130;2.2;260
19132;2;259
19134;1.9;260
19136;2.2;261
19138;2.2;259
19140;2.2;260
19142;2.3;259
19144;4.2;258
19146;1.5;258
19148;2.4;257
19150;3.2;257
19152;1.8;256
19154;2.1;257
19156;2.6;257
19158;2.3;255
19160;2.1;257
19162;1.1;256
19164;2.8;256
19166;1.4;257
19168;1.6;257
19170;2;258
19172;0.7;258
19174;1.3;260
19176;1.5;262
19178;2.1;261
19180;2.2;264
19182;2.2;263
19184;3.9;264
19186;1.9;265
19188;2.9;263
19190;3.3;264
19192;3;262
19194;3.5;262
19196;3.1;262
19198;2.9;260
19200;3;261
19202;2.8;259
19204;4.4;258
19206;1.9;258
19208;2.7;256
19210;3;256
19212;1.7;255
19214;1.6;257
19216;1.7;258
19218;1.5;256
19220;1.6;259
19222;0.8;259
19224;2.3;260
19226;1.2;261
19228;1.7;261
19230;3.1;262
19232;2.3;261
19234;3.5;261
19236;3.1;261
19238;2.5;259
19240;2.9;261
19242;2.4;260
19244;3.7;259
19246;2.2;259
19248;2.1;258
19250;3.7;258
19252;2.8;255
19254;2.2;256
19256;2;257
19258;1.6;255
19260;1.9;257
19262;1.2;257
19264;2.7;258
19266;0.5;259
19268;2.4;259
19270;2.5;260
19272;1.3;260
19274;2.1;261
19276;2.9;261
19278;3;259
19280;2.9;260
19282;2.7;258
19284;3.5;257
19286;1.8;258
19288;2.5;256
19290;3.3;257
19292;1.6;255
19294;2.7;256
19296;2;256
19298;2.1;255
19300;1.3;258
19302;1.7;257
19304;2.9;257
19306;0.4;258
19308;2;258
19310;2.2;259
19312;1.1;258
19314;1.9;261
19316;1.8;261
19318;2.6;260
19320;2.3;262
19322;2.4;261
19324;3.6;261
19326;1.5;262
19328;3.4;260
19330;3.5;260
19332;2.1;259
19334;2.7;259
19336;2.4;260
19338;2.7;258
19340;2.6;259
19342;1.9;258
19344;3.2;257
19346;1.6;258
19348;1.3;258
19350;2.3;260
19352;1.8;259
19354;2.5;260
19356;1.8;261
19358;2.2;260
19360;1.6;262
19362;1.6;263
19364;3.9;263
19366;2.3;264
19368;2.7;263
19370;3.8;264
19372;3.7;261
19374;3.5;261
19376;2.9;261
19378;2.9;258
19380;3.2;259
19382;2.4;258
19384;4.5;257
19386;1.8;257
19388;3;256
19390;3.5;255
19392;1.7;254
19394;2.1;255
19396;2;255
19398;2;253
19400;1.7;255
19402;0.7;255
19404;2.6;256
19406;0.7;257
19408;1;258
19410;1.7;261
19412;0.9;260
19414;2.2;262
19416;2.6;262
19418;3.7;259
19420;1.5;261
19422;3.1;260
19424;3.3;260
19426;2.9;259
19428;1.9;258
19430;1.9;260
19432;1.9;259
19434;3.1;260
19436;3.2;259
19438;4.3;255
19440;2.6;256
19442;2;255
19444;4.7;254
19446;1;254
19448;2.1;254
19450;3.1;254
19452;1.4;253
19454;1;255
19456;1.2;256
19458;1.9;254
19460;2;257
19462;2.8;255
19464;2.2;254
19466;1.4;256
19468;0.1;256
19470;1.7;258
19472;1;258
19474;2.1;261
19476;1.9;261
19478;3.5;259
19480;2.3;260
19482;2.3;259
19484;4.5;258
19486;1.7;258
19488;1.9;257
19490;2.3;258
19492;2.4;256
19494;2.3;257
19496;1.2;258
19498;2.6;256
19500;1.4;259
19502;0.7;259
19504;3.7;259
19506;1;260
19508;2;259
19510;3.7;259
19512;2.2;257
19514;2.7;259
19516;2;259
19518;3.2;256
19520;2.4;258
19522;1.7;257
19524;4.6;256
19526;1.8;255
19528;1.6;255
19530;2.2;256
19532;1.8;255
19534;2.4;256
19536;1;258
19538;3.9;256
19540;0;259
19542;1;259
19544;3.5;260
19546;0.4;260
19548;1.3;261
19550;2.7;263
19552;3.6;259
19554;2.9;260
19556;2.6;261
19558;4.4;258
19560;2.8;258
19562;1.7;257
19564;5;256
19566;1.8;256
19568;2.4;255
19570;3.7;254
19572;2.2;252
19574;1.8;253
19576;0.8;254
19578;3;252
19580;1.4;254
19582;1;254
19584;3.1;254
19586;0.9;254
19588;0.4;255
19590;1.6;257
19592;1.2;256
19594;1.7;258
19596;1;260
19598;3.4;258
19600;1.6;260
19602;1.4;259
19604;4.3;259
19606;2.2;258
19608;2.2;257
19610;2.9;256
19612;3.3;255
19614;2.7;255
19616;2.1;254
19618;3.2;252
19620;2.4;252
19622;1.3;251
19624;1.1;250
19626;0.8;250
19628;1;249
19630;2;250
19632;1.6;248
19634;1.1;249
19636;0.4;250
19638;2;247
19640;0.4;249
19642;-0.1;249
19644;3;249
19646;0.5;248
19648;0.1;248
19650;1.3;250
19652;1.2;248
19654;1.9;249
19656;1.1;249
19658;2.5;247
19660;0.2;249
19662;0.6;248
19664;3.2;248
19666;0.6;248
19668;0.8;247
19670;0.8;249
19672;1;247
19674;1.4;248
19676;1.2;248
19678;1.7;246
19680;0.9;248
19682;-0.3;247
19684;2.3;248
19686;-0.4;248
19688;0.3;248
19690;2;249
19692;0.6;248
19694;0.3;250
19696;0.8;251
19698;2.1;248
19700;1.3;250
19702;0.2;250
19704;2.2;250
19706;0.1;251
19708;0.4;251
19710;1.8;252
19712;0.8;251
19714;1.7;253
19716;0.9;254
19718;2.1;252
19720;0.8;255
19722;0.9;255
19724;3.1;255
19726;0.7;256
19728;0.6;255
19730;1.7;258
19732;1.6;257
19734;1.6;259
19736;1.8;259
19738;2.2;257
19740;2.3;259
19742;1.8;258
19744;4.2;257
19746;1.9;257
19748;2.2;257
19750;3.3;256
19752;1.8;254
19754;1.9;255
19756;1.9;256
19758;2.2;254
19760;2.3;255
19762;0.9;255
19764;2.7;255
19766;1;256
19768;1.6;256
19770;2;258
19772;0.7;257
19774;1.5;259
19776;1.5;261
19778;1.9;260
19780;2;263
19782;2.1;262
19784;3.8;262
19786;1.8;263
19788;2.8;262
19790;3.4;263
19792;3.3;260
19794;3.2;261
19796;3.2;260
19798;3;257
19800;3.3;258
19802;2.8;256
19804;4.3;254
19806;1.6;254
19808;2.4;253
19810;2.8;253
19812;1.3;252
19814;1.3;254
19816;1.3;255
19818;0.7;254
19820;1.1;256
19822;0.6;256
19824;1.8;258
19826;0.9;259
19828;1.5;259
19830;3;260
19832;2.3;259
19834;3.3;259
19836;2.9;259
19838;2.6;257
19840;2.8;258
19842;2.2;257
19844;4;256
19846;2.2;256
19848;2.7;255
19850;3.4;255
19852;2.7;253
19854;2.3;253
19856;1.9;253
19858;1.3;252
19860;1.8;253
19862;1.2;253
19864;2.6;253
19866;0.7;254
19868;1.7;255
19870;2.1;256
19872;0.7;255
19874;1.8;257
19876;2.5;257
19878;2.7;255
19880;2.9;255
19882;2.6;254
19884;3.3;253
19886;1.8;253
19888;1.7;252
19890;2.6;253
19892;1.4;251
19894;2.4;252
19896;1.3;253
19898;1.6;252
19900;1.2;254
19902;0.6;254
19904;2.6;254
19906;0.2;256
19908;1.4;256
19910;2.2;257
19912;1.3;256
19914;2.5;258
19916;1.7;259
19918;1.8;258
19920;2.4;259
19922;2.3;258
19924;3.7;258
19926;1.3;259
19928;3.1;258
19930;3.4;257
19932;1.6;256
19934;2.4;257
19936;2.1;257
19938;1.8;256
19940;2.5;257
19942;1.9;256
19944;3;256
19946;1.6;257
19948;1.2;257
19950;2.2;259
19952;1.8;258
19954;2;259
19956;1.6;260
19958;1.8;260
19960;1.6;263
19962;1.4;263
19964;3.6;264
19966;2.4;265
19968;3.2;264
19970;3.7;265
19972;3.8;262
19974;3.9;262
19976;3.4;262
19978;3;260
19980;3.4;261
19982;2.2;260
19984;4.4;259
19986;1.7;259
19988;2.6;258
19990;3.9;257
19992;1.6;256
19994;2.6;256
19996;1.9;257
19998;2.2;255
20000;2.2;257
20002;0.9;257
20004;3;257
20006;0.7;258
20008;1;259
20010;1.6;261
20012;1.3;261
20014;2.7;262
20016;3.1;263
20018;3.2;260
20020;1.6;262
20022;3.7;261
20024;3.5;260
20026;3.4;259
20028;2;258
20030;1.9;260
20032;1.7;259
20034;2.9;260
20036;3.4;259
20038;3.7;256
20040;2.5;257
20042;1.9;256
20044;4.9;254
20046;0.9;255
20048;2;254
20050;2.8;255
20052;0.7;254
20054;1.5;255
20056;0.9;257
20058;1.9;255
20060;2.8;257
20062;3.3;255
20064;2.8;254
20066;2.3;254
20068;0.7;254
20070;2.4;256
20072;1.5;255
20074;1.5;257
20076;1.8;257
20078;3.2;256
20080;1.4;257
20082;2.3;256
20084;4.4;256
20086;1.7;255
20088;1.9;254
20090;2.6;255
20092;2.8;252
20094;2.2;253
20096;1.5;254
20098;2.4;252
20100;1.3;254
20102;0.3;254
20104;3.6;254
20106;1.1;254
20108;2.4;254
20110;3.4;254
20112;2.4;251
20114;1.9;252
20116;1.5;253
20118;2.5;250
20120;1.8;252
20122;1.1;251
20124;3.6;251
20126;1.1;251
20128;0.9;251
20130;1.4;253
20132;1.3;252
20134;1.5;254
20136;0.5;256
20138;3.5;254
20140;0.2;257
20142;0.7;257
20144;3;258
20146;0.2;259
20148;0.9;260
20150;2.1;262
20152;3.5;259
20154;3;260
20156;2.4;260
20158;3.9;258
20160;2.5;259
20162;1.6;258
20164;4.6;257
20166;1.6;258
20168;2.6;257
20170;3.5;256
20172;2.2;254
20174;2.3;255
20176;1.5;256
20178;3.1;254
20180;1.5;256
20182;1.3;256
20184;3.5;256
20186;1.2;256
20188;1.2;256
20190;1.5;259
20192;1.6;258
20194;1.8;260
20196;1.2;262
20198;3.8;260
20200;1.7;262
20202;2;262
20204;4.9;261
20206;2.4;261
20208;2.3;260
20210;3.2;261
20212;3;258
20214;2.5;259
20216;2.3;259
20218;3.5;256
20220;2.6;257
20222;1.9;256
20224;4.7;255
20226;1.5;255
20228;1.9;254
20230;2.9;254
20232;1.5;253
20234;1.2;254
20236;0.7;256
20238;2.4;254
20240;1.2;256
20242;1.3;256
20244;3.4;256
20246;1;257
20248;1.5;256
20250;2.4;258
20252;2.4;256
20254;2.5;257
20256;1.7;257
20258;3.6;255
20260;1.7;257
20262;1.6;256
20264;4.1;255
20266;1.2;255
20268;1.7;254
20270;2.3;256
20272;2.1;253
20274;2.6;254
20276;2;254
20278;3;252
20280;1.6;254
20282;0.7;253
20284;3.5;253
20286;0.6;254
20288;1.6;254
20290;3.1;254
20292;1.5;252
20294;2.3;253
20296;1.8;253
20298;2.6;251
20300;1.9;252
20302;1.2;252
20304;3.2;251
20306;0.7;252
20308;0.9;252
20310;1.9;253
20312;1.3;252
20314;1.8;253
20316;1.1;254
20318;2.9;252
20320;0.7;255
20322;1.1;254
20324;3.1;255
20326;0.8;255
20328;1;256
20330;2;257
20332;1.9;256
20334;1.8;257
20336;2;258
20338;2.4;256
20340;2.4;258
20342;1.7;257
20344;4;256
20346;1.8;256
20348;2.3;255
20350;3.4;255
20352;1.6;254
20354;1.5;255
20356;2.1;256
20358;2.4;253
20360;1.9;255
20362;0.9;255
20364;2.5;256
20366;1.1;257
20368;1.3;257
20370;2;259
20372;0.7;258
20374;1.4;261
20376;1.4;263
20378;2.3;263
20380;2.2;266
20382;2.7;265
20384;4.7;265
20386;2.5;266
20388;3.6;264
20390;4.1;265
20392;3.3;263
20394;3.6;264
20396;3.3;263
20398;3.2;261
20400;3.4;262
20402;3;261
20404;4.5;260
20406;2.4;260
20408;3.2;258
20410;3.2;258
20412;1.9;257
20414;2.4;259
20416;1.8;260
20418;1.5;259
20420;1.6;261
20422;1.2;262
20424;2.5;263
20426;1.8;265
20428;2.3;265
20430;3.8;266
20432;2.8;264
20434;4.1;265
20436;3.5;265
20438;3;263
20440;3.2;264
20442;3.1;263
20444;4.5;263
20446;2.8;263
20448;3.2;262
20450;4;262
20452;3.5;259
20454;3.1;259
20456;2.5;259
20458;2.4;258
20460;2.5;259
20462;1.7;259
20464;3.1;259
20466;1.3;260
20468;2.2;260
20470;2.9;261
20472;1.8;260
20474;2.5;262
20476;3;262
20478;2.9;259
20480;3.5;260
20482;3.1;258
20484;3.7;258
20486;2.2;258
20488;2.1;257
20490;3.5;257
20492;1.5;256
20494;2.9;257
20496;2.1;257
20498;1.9;256
20500;1.9;258
20502;1.7;257
20504;3.1;258
20506;0.9;258
20508;1.8;258
20510;2.2;260
20512;1.3;259
20514;2;261
20516;2;262
20518;2.4;261
20520;2.7;263
20522;2.4;262
20524;4.1;261
20526;2.6;261
20528;3.3;260
20530;3.9;260
20532;2;258
20534;3.2;259
20536;2.5;259
20538;2.7;257
20540;2.8;259
20542;2.3;257
20544;3.9;257
20546;2;257
20548;1.7;257
20550;2;259
20552;1.8;257
20554;2.1;259
20556;1.7;259
20558;1.8;259
20560;1.5;261
20562;1.4;261
20564;3.4;262
20566;1.9;263
20568;2.2;263
20570;3.8;264
20572;3.1;261
20574;3.3;262
20576;2.8;262
20578;2.9;260
20580;3;262
20582;2.3;261
20584;3.9;261
20586;2;261
20588;2.6;260
20590;4;260
20592;2.3;258
20594;2.6;259
20596;2.3;259
20598;2.2;257
20600;2.2;259
20602;0.9;259
20604;2.8;260
20606;1;261
20608;1.3;262
20610;2.5;265
20612;1.6;265
20614;2.8;267
20616;3.2;267
20618;4.3;265
20620;2.5;268
20622;4.2;267
20624;4.6;266
20626;4.1;265
20628;2.4;265
20630;3.1;266
20632;2.8;265
20634;3.9;265
20636;4.5;264
20638;4.3;260
20640;3.4;261
20642;2.5;260
20644;5.1;258
20646;1.7;258
20648;2.6;256
20650;3.5;258
20652;1.3;257
20654;1.6;259
20656;1.4;260
20658;2.1;258
20660;2;261
20662;3.4;259
20664;2.6;259
20666;2.2;259
20668;1.3;260
20670;2.4;262
20672;1.7;261
20674;2.4;263
20676;2.5;264
20678;3.9;262
20680;2.4;263
20682;3.2;262
20684;5.1;261
20686;2.3;260
20688;2.5;259
20690;3.4;260
20692;3.2;257
20694;2.7;257
20696;1.7;258
20698;3.1;256
20700;1.7;258
20702;1;257
20704;3.7;257
20706;1.2;258
20708;2.7;256
20710;3.8;256
20712;2.3;254
20714;2.3;255
20716;1.8;255
20718;2.5;253
20720;2.7;254
20722;1.8;253
20724;4.4;252
20726;1.9;251
20728;2;250
20730;1.8;251
20732;1.3;249
20734;1.6;250
20736;0.6;251
20738;3.5;252
20740;-0.5;252
20742;-0.2;252
20744;2.5;253
20746;-0.1;254
20748;0.1;254
20750;1.3;257
20752;2.5;255
20754;2;256
20756;1.9;256
20758;3.9;253
20760;2;255
20762;1.1;254
20764;4.2;253
20766;1;254
20768;1.6;253
20770;3.3;253
20772;1.6;251
20774;1.6;253
20776;0.8;254
20778;2.8;252
20780;1;254
20782;0.9;254
20784;3;254
20786;0.7;255
20788;1.1;255
20790;2.1;256
20792;1;254
20794;0.9;256
20796;0.8;258
20798;3.4;255
20800;1.7;257
20802;0.7;256
20804;3.5;257
20806;1.2;257
20808;1.3;257
20810;2.5;258
20812;2.4;255
20814;1.9;257
20816;1.6;257
20818;2.7;255
20820;2.2;257
20822;1.4;256
20824;4.5;255
20826;1.3;255
20828;1.7;255
20830;2.6;256
20832;1.4;254
20834;1.2;256
20836;1.2;257
20838;2.5;254
20840;1.6;257
20842;0.8;257
20844;3.4;257
20846;1.5;258
20848;1.6;258
20850;2;259
20852;1.9;258
20854;2.3;259
20856;1.7;260
20858;3.3;258
20860;2;260
20862;1.8;259
20864;4.1;258
20866;1.1;258
20868;2.2;257
20870;2.7;258
20872;2.8;255
20874;2.9;256
20876;2.1;256
20878;3;253
20880;2;255
20882;0.7;254
20884;3.2;254
20886;0.6;255
20888;1.1;255
20890;3.2;255
20892;2.1;253
20894;2;254
20896;1.7;254
20898;2.7;252
20900;2;254
20902;0.9;253
20904;2.9;253
20906;0.9;254
20908;0.8;254
20910;1.7;255
20912;1.5;254
20914;2.5;254
20916;1.4;255
20918;3.4;252
20920;1.5;254
20922;1.3;253
20924;3.6;253
20926;0.6;254
20928;0.6;254
20930;1.9;256
20932;1.4;254
20934;1.7;256
20936;1.8;256
20938;2.8;254
20940;2.5;255
20942;2.1;254
20944;3.6;253
20946;2.1;253
20948;2.1;252
20950;3.3;252
20952;1.1;250
20954;1.7;251
20956;2.1;252
20958;1.8;249
20960;1.7;251
20962;0.6;250
20964;1.8;250
20966;0.2;252
20968;0.5;252
20970;1.6;254
20972;-0.1;254
20974;0.5;256
20976;0.7;258
20978;1;258
20980;1.3;262
20982;1.8;261
20984;4.2;261
20986;1.8;262
20988;2.3;261
20990;3.3;262
20992;2.3;260
20994;2.8;262
20996;2.5;262
20998;2;260
21000;2.3;261
21002;2.4;260
21004;4.1;259
21006;1.9;259
21008;2.3;258
21010;2.8;258
21012;1.8;257
21014;1.4;258
21016;1.7;259
21018;1.3;258
21020;1.3;261
21022;1.1;262
21024;2.5;263
21026;1.8;264
21028;2.2;265
21030;4;266
21032;2.7;264
21034;3.8;265
21036;3.3;265
21038;2.6;263
21040;3.1;265
21042;2.6;264
21044;4.4;263
21046;2.1;264
21048;2.8;263
21050;3.2;263
21052;3.6;260
21054;3.3;260
21056;2.7;260
21058;2.3;258
21060;2.3;260
21062;1.3;259
21064;2.8;260
21066;1.3;261
21068;1.9;259
21070;2.7;261
21072;1.6;261
21074;2.5;263
21076;3.4;262
21078;3.1;260
21080;2.7;261
21082;2.7;259
21084;3.1;259
21086;1.4;260
21088;2.1;260
21090;2.9;261
21092;2.1;259
21094;3.1;260
21096;2.9;259
21098;2.3;257
21100;2.5;259
21102;1.9;257
21104;3.4;257
21106;1.2;257
21108;2;256
21110;2.7;257
21112;1.2;256
21114;1.8;258
21116;1.2;259
21118;1.9;258
21120;2.4;259
21122;2.1;257
21124;3.3;257
21126;1.5;258
21128;1.9;257
21130;2.7;257
21132;1.6;256
21134;2.2;257
21136;1.9;257
21138;2.2;256
21140;1.9;258
21142;1.4;257
21144;3.4;256
21146;1.6;257
21148;1.1;257
21150;1.8;258
21152;1.3;258
21154;2.2;259
21156;1.8;260
21158;1.9;258
21160;1.9;261
21162;1.3;261
21164;3.5;261
21166;1.8;262
21168;1.8;261
21170;3.5;262
21172;3.2;259
21174;3;260
21176;2.3;260
21178;2.7;258
21180;2.1;259
21182;1.5;259
21184;3.1;259
21186;1.3;259
21188;2.2;259
21190;3.9;258
21192;2.2;256
21194;2.1;257
21196;1.8;258
21198;2;256
21200;1.5;258
21202;0.7;258
21204;2.4;259
21206;0.5;260
21208;1.1;262
21210;2.2;264
21212;1.4;264
21214;2.9;265
21216;3.3;265
21218;4.6;263
21220;1.5;265
21222;3.3;264
21224;4;264
21226;3.4;263
21228;2.7;262
21230;2.3;265
21232;2.2;264
21234;4;264
21236;4.1;262
21238;4.1;259
21240;2.7;260
21242;2.1;259
21244;4.2;258
21246;1;258
21248;2;258
21250;2.5;258
21252;1;258
21254;1.6;260
21256;1.3;261
21258;2;259
21260;2.2;262
21262;3.5;260
21264;2.9;259
21266;1.9;260
21268;0.8;260
21270;2.3;263
21272;1.6;262
21274;1.9;265
21276;2.1;266
21278;3.1;265
21280;2.1;267
21282;3.4;265
21284;3;264
21286;2.5;263
21288;3.1;262
21290;3.8;263
21292;3.3;260
21294;2.8;261
21296;2;261
21298;3;259
21300;1.9;261
21302;1.2;261
21304;4.3;261
21306;2.2;260
21308;2.6;260
21310;3.8;259
21312;2.1;257
21314;1.9;258
21316;1.6;259
21318;2.6;257
21320;1.5;259
21322;1.2;259
21324;3.8;258
21326;2;258
21328;1.8;257
21330;2.3;259
21332;2.5;256
21334;2.3;258
21336;1.2;258
21338;4.5;256
21340;0.6;258
21342;0.6;259
21344;3.6;259
21346;0.3;259
21348;1.2;260
21350;2.3;261
21352;3.5;258
21354;2.5;259
21356;2;259
21358;4;256
21360;2.5;257
21362;1.6;256
21364;4.4;255
21366;1.2;255
21368;2;255
21370;3.5;254
21372;1.6;252
21374;1.5;253
21376;1;254
21378;2.7;252
21380;0.9;254
21382;0.6;253
21384;2.8;254
21386;0.2;254
21388;-0.1;255
21390;0.8;258
21392;1.1;257
21394;1.2;259
21396;0.7;261
21398;3.5;259
21400;1.4;261
21402;1.5;261
21404;4.3;261
21406;1.7;261
21408;1.8;261
21410;2.7;262
21412;2.7;260
21414;2.3;261
21416;1.6;262
21418;3.2;260
21420;3;261
21422;2;259
21424;4.5;258
21426;1.3;258
21428;1.9;258
21430;2.9;258
21432;1.7;256
21434;1.3;258
21436;1.1;259
21438;2.4;257
21440;1;261
21442;1.1;260
21444;4.1;260
21446;1.6;260
21448;1.8;260
21450;2.1;262
21452;2.3;260
21454;2;262
21456;2.1;263
21458;3.6;261
21460;2.1;263
21462;2.6;262
21464;2.3;262
21466;1.9;261
21468;2.2;260
21470;2.8;262
21472;3;259
21474;2.9;260
21476;2.1;260
21478;3.3;258
21480;1.9;259
21482;1;259
21484;4;259
21486;0.9;260
21488;1.9;260
21490;3.4;260
21492;2.3;258
21494;2.3;259
21496;2.2;259
21498;2.6;257
21500;1.9;259
21502;1.3;258
21504;3.5;258
21506;1.1;259
21508;1.5;259
21510;2.1;261
21512;1.8;259
21514;2.6;260
21516;2;260
21518;2.9;258
21520;1.9;260
21522;1.7;260
21524;3.7;260
21526;1.3;260
21528;1.7;260
21530;2.6;262
21532;2.4;260
21534;2.2;261
21536;2.3;261
21538;3.3;259
21540;2.6;259
21542;1.8;259
21544;4;258
21546;1.6;258
21548;1.9;257
21550;3.1;257
21552;2;256
21554;2.7;257
21556;2.4;257
21558;3.2;254
21560;2.5;255
21562;1.4;254
21564;3;254
21566;1.2;254
21568;1.7;254
21570;2.1;255
21572;0.9;253
21574;1.1;256
21576;1.5;257
21578;1.1;257
21580;1.1;260
21582;1.2;260
21584;3.6;260
21586;0.9;261
21588;1.9;260
21590;2.6;261
21592;2.3;259
21594;2.5;261
21596;2.2;261
21598;2.1;259
21600;2.3;260
