Name,R01 2
Brand,Ronda
Series,
Caliber,
Reference,
Date,10 Apr 2026


Time [s], Accuracy [s/d], Amplitude [deg], Beat Error [ms], Position, Alpha [deg], Beta [deg]
1, -14.6, 278, 0.2, CH, 0, 0
2, -15.8, 278, 0.1, CH, 0, 0
3, -14.0, 279, 0.1, CH, 0, 0
4, -15.3, 279, 0.1, CH, 0, 0
5, -12.8, 280, 0.1, CH, 0, 0
6, -12.8, 280, 0.1, CH, 0, 0
7, -13.8, 280, 0.1, CH, 0, 0
8, -13.1, 279, 0.1, CH, 0, 0
9, -13.3, 279, 0.1, CH, 0, 0
10, -11.2, 279, 0.1, CH, 0, 0
11, -11.7, 279, 0.1, CH, 0, 0
12, -13.1, 279, 0.1, CH, 0, 0
13, -14.3, 279, 0.1, CH, 0, 0
14, -12.2, 278, 0.1, CH, 0, 0
15, -11.2, 278, 0.1, CH, 0, 0
16, -11.7, 278, 0.1, CH, 0, 0
17, -11.4, 277, 0.1, CH, 0, 0
18, -11.2, 277, 0.1, CH, 0, 0
19, -10.9, 276, 0.1, CH, 0, 0
20, -13.4, 276, 0.1, CH, 0, 0
21, -10.1, 275, 0.1, CH, 0, 0
22, -9.8, 275, 0.2, CH, 0, 0
23, -10.6, 273, 0.2, CH, 0, 0
24, -9.7, 273, 0.1, CH, 0, 0
25, -11.7, 272, 0.1, CH, 0, 0
26, -11.3, 272, 0.1, CH, 0, 0
27, -10.0, 271, 0.1, CH, 0, 0
28, -11.5, 271, 0.1, CH, 0, 0
29, -10.3, 270, 0.1, CH, 0, 0
30, -12.0, 269, 0.1, CH, 0, 0
31, -11.7, 269, 0.1, CH, 0, 0
32, -10.3, 268, 0.1, CH, 0, 0
33, -10.5, 268, 0.1, CH, 0, 0
34, -5.9, 268, 0.1, CH, 0, 0
35, -10.5, 268, 0.1, CH, 0, 0
36, -10.4, 268, 0.1, CH, 0, 0
37, -11.2, 268, 0.1, CH, 0, 0
38, -11.7, 268, 0.1, CH, 0, 0
39, -11.0, 268, 0.1, CH, 0, 0
40, -11.2, 268, 0.1, CH, 0, 0
41, -11.4, 268, 0.1, CH, 0, 0
42, -11.3, 269, 0.2, CH, 0, 0
43, -12.2, 269, 0.2, CH, 0, 0
44, -10.9, 269, 0.2, CH, 0, 0
45, -11.2, 269, 0.2, CH, 0, 0
46, -11.5, 269, 0.2, CH, 0, 0
47, -13.9, 269, 0.2, CH, 0, 0
48, -11.7, 270, 0.2, CH, 0, 0
49, -13.7, 270, 0.2, CH, 0, 0
50, -6.5, 270, 0.1, CH, 0, 0
51, -11.7, 271, 0.1, CH, 0, 0
52, -12.1, 271, 0.1, CH, 0, 0
53, -10.9, 271, 0.2, CH, 0, 0
54, -17.4, 271, 0.2, CH, 0, 0
55, -12.9, 272, 0.2, CH, 0, 0
56, -11.9, 272, 0.2, CH, 0, 0
57, -12.1, 272, 0.2, CH, 0, 0
58, -15.9, 272, 0.2, CH, 0, 0
59, -12.7, 272, 0.2, CH, 0, 0
60, -12.6, 272, 0.2, CH, 0, 0
61, -12.1, 272, 0.2, CH, 0, 0
62, -11.9, 272, 0.2, CH, 0, 0
63, -12.7, 272, 0.2, CH, 0, 0
64, -13.3, 272, 0.2, CH, 0, 0
65, -6.8, 272, 0.1, CH, 0, 0
66, -12.5, 273, 0.1, CH, 0, 0
67, -10.8, 272, 0.1, CH, 0, 0
68, -11.9, 272, 0.1, CH, 0, 0
69, -10.4, 272, 0.2, CH, 0, 0
70, -17.7, 272, 0.2, CH, 0, 0
71, -13.5, 272, 0.2, CH, 0, 0
72, -12.2, 272, 0.2, CH, 0, 0
73, -12.6, 272, 0.2, CH, 0, 0
74, -11.5, 272, 0.1, CH, 0, 0
75, -10.7, 272, 0.2, CH, 0, 0
76, -11.2, 271, 0.2, CH, 0, 0
77, -12.9, 271, 0.1, CH, 0, 0
78, -7.6, 271, 0.1, CH, 0, 0
79, -11.0, 270, 0.1, CH, 0, 0
80, -10.2, 270, 0.1, CH, 0, 0
81, -11.6, 269, 0.2, CH, 0, 0
82, -10.4, 269, 0.2, CH, 0, 0
83, -10.3, 268, 0.2, CH, 0, 0
84, -9.7, 267, 0.2, CH, 0, 0
85, -17.2, 266, 0.2, CH, 0, 0
86, -10.7, 266, 0.2, CH, 0, 0
87, -11.3, 266, 0.2, CH, 0, 0
88, -10.5, 265, 0.2, CH, 0, 0
89, -10.4, 265, 0.2, CH, 0, 0
90, -8.6, 264, 0.2, CH, 0, 0
91, -7.6, 264, 0.2, CH, 0, 0
92, -8.4, 263, 0.2, CH, 0, 0
93, -9.2, 262, 0.2, CH, 0, 0
94, -7.9, 262, 0.2, CH, 0, 0
95, -10.2, 262, 0.2, CH, 0, 0
96, -8.6, 261, 0.2, CH, 0, 0
97, -7.8, 260, 0.2, CH, 0, 0
98, -9.7, 259, 0.3, CH, 0, 0
99, -10.7, 259, 0.3, CH, 0, 0
100, -10.0, 259, 0.3, CH, 0, 0
101, -9.1, 259, 0.3, CH, 0, 0
102, -10.0, 259, 0.3, CH, 0, 0
103, -9.3, 259, 0.2, CH, 0, 0
104, -9.5, 259, 0.3, CH, 0, 0
105, -8.8, 259, 0.3, CH, 0, 0
106, -9.9, 259, 0.2, CH, 0, 0
107, -8.5, 259, 0.2, CH, 0, 0
108, -9.5, 259, 0.2, CH, 0, 0
109, -10.4, 259, 0.2, CH, 0, 0
110, -11.1, 260, 0.3, CH, 0, 0
111, -12.6, 260, 0.3, CH, 0, 0
112, -11.5, 261, 0.2, CH, 0, 0
113, -11.1, 261, 0.3, CH, 0, 0
114, -12.3, 261, 0.3, CH, 0, 0
115, -11.1, 262, 0.3, CH, 0, 0
116, -12.6, 262, 0.3, CH, 0, 0
117, -12.1, 263, 0.3, CH, 0, 0
118, -11.0, 264, 0.3, CH, 0, 0
119, -10.8, 265, 0.3, CH, 0, 0
120, -11.2, 265, 0.3, CH, 0, 0
121, -12.2, 265, 0.3, CH, 0, 0
122, -12.1, 266, 0.3, CH, 0, 0
123, -12.0, 266, 0.3, CH, 0, 0
124, -14.4, 266, 0.3, CH, 0, 0
125, -11.8, 267, 0.3, CH, 0, 0
126, -11.3, 267, 0.3, CH, 0, 0
127, -11.6, 267, 0.3, CH, 0, 0
128, -11.9, 267, 0.3, CH, 0, 0
129, -11.9, 267, 0.3, CH, 0, 0
130, -11.5, 267, 0.3, CH, 0, 0
131, -10.5, 267, 0.3, CH, 0, 0
132, -12.1, 267, 0.3, CH, 0, 0
133, -12.6, 267, 0.3, CH, 0, 0
134, -10.8, 268, 0.3, CH, 0, 0
135, -11.5, 268, 0.2, CH, 0, 0
136, -10.5, 267, 0.2, CH, 0, 0
137, -10.8, 267, 0.2, CH, 0, 0
138, -11.0, 267, 0.2, CH, 0, 0
139, -12.4, 267, 0.2, CH, 0, 0
140, -11.5, 267, 0.2, CH, 0, 0
141, -11.2, 267, 0.2, CH, 0, 0
142, -9.9, 267, 0.2, CH, 0, 0
143, -11.0, 266, 0.2, CH, 0, 0
144, -9.7, 266, 0.2, CH, 0, 0
145, -7.5, 266, 0.2, CH, 0, 0
146, -10.6, 265, 0.2, CH, 0, 0
147, -10.3, 265, 0.2, CH, 0, 0
148, -9.4, 265, 0.2, CH, 0, 0
149, -9.6, 264, 0.2, CH, 0, 0
150, -14.1, 263, 0.2, CH, 0, 0
151, -9.9, 263, 0.2, CH, 0, 0
152, -10.1, 262, 0.2, CH, 0, 0
153, -8.8, 262, 0.2, CH, 0, 0
154, -11.3, 261, 0.2, CH, 0, 0
155, -11.2, 261, 0.2, CH, 0, 0
156, -13.6, 261, 0.2, CH, 0, 0
157, -10.2, 261, 0.2, CH, 0, 0
158, -10.2, 261, 0.1, CH, 0, 0
159, -8.6, 260, 0.2, CH, 0, 0
160, -9.9, 260, 0.2, CH, 0, 0
161, -10.6, 261, 0.2, CH, 0, 0
162, -12.4, 261, 0.2, CH, 0, 0
163, -10.4, 261, 0.2, CH, 0, 0
164, -8.8, 261, 0.2, CH, 0, 0
165, -13.6, 261, 0.2, CH, 0, 0
166, -10.6, 262, 0.2, CH, 0, 0
167, -11.7, 262, 0.2, CH, 0, 0
168, -12.4, 263, 0.2, CH, 0, 0
169, -11.9, 263, 0.2, CH, 0, 0
170, -8.2, 264, 0.2, CH, 0, 0
171, -11.3, 264, 0.2, CH, 0, 0
172, -10.6, 265, 0.2, CH, 0, 0
173, -11.2, 265, 0.2, CH, 0, 0
174, -12.8, 265, 0.2, CH, 0, 0
175, -10.7, 265, 0.2, CH, 0, 0
176, -8.6, 266, 0.2, CH, 0, 0
177, -11.9, 266, 0.2, CH, 0, 0
178, -11.4, 266, 0.2, CH, 0, 0
179, -11.6, 266, 0.2, CH, 0, 0
180, -12.0, 266, 0.2, CH, 0, 0
181, -11.5, 266, 0.2, CH, 0, 0
182, -11.4, 266, 0.2, CH, 0, 0
183, -9.0, 266, 0.2, CH, 0, 0
184, -12.3, 267, 0.2, CH, 0, 0
185, -12.2, 267, 0.2, CH, 0, 0
186, -12.7, 267, 0.2, CH, 0, 0
187, -12.6, 267, 0.2, CH, 0, 0
188, -11.1, 267, 0.2, CH, 0, 0
189, -11.3, 267, 0.2, CH, 0, 0
190, -12.2, 267, 0.2, CH, 0, 0
191, -12.2, 267, 0.2, CH, 0, 0
192, -11.1, 267, 0.2, CH, 0, 0
193, -16.5, 267, 0.2, CH, 0, 0
194, -8.9, 267, 0.2, CH, 0, 0
195, -10.8, 267, 0.2, CH, 0, 0
196, -10.8, 266, 0.2, CH, 0, 0
197, -11.7, 266, 0.2, CH, 0, 0
198, -11.5, 266, 0.2, CH, 0, 0
199, -11.2, 266, 0.2, CH, 0, 0
200, -10.5, 266, 0.2, CH, 0, 0
201, -9.4, 265, 0.2, CH, 0, 0
202, -9.6, 265, 0.3, CH, 0, 0
203, -13.1, 264, 0.3, CH, 0, 0
204, -11.7, 264, 0.2, CH, 0, 0
205, -10.1, 264, 0.2, CH, 0, 0
206, -10.1, 263, 0.2, CH, 0, 0
207, -9.0, 263, 0.2, CH, 0, 0
208, -10.1, 262, 0.2, CH, 0, 0
209, -10.8, 262, 0.2, CH, 0, 0
210, -8.2, 261, 0.2, CH, 0, 0
211, -9.5, 261, 0.2, CH, 0, 0
212, -10.6, 260, 0.2, CH, 0, 0
213, -5.4, 260, 0.3, CH, 0, 0
214, -12.2, 260, 0.3, CH, 0, 0
215, -11.3, 260, 0.3, CH, 0, 0
216, -11.8, 261, 0.2, CH, 0, 0
217, -9.5, 261, 0.2, CH, 0, 0
218, -9.7, 261, 0.3, CH, 0, 0
219, -10.6, 261, 0.3, CH, 0, 0
220, -11.5, 262, 0.3, CH, 0, 0
221, -11.7, 262, 0.3, CH, 0, 0
222, -11.3, 263, 0.3, CH, 0, 0
223, -10.8, 263, 0.3, CH, 0, 0
224, -9.0, 263, 0.3, CH, 0, 0
225, -11.5, 263, 0.3, CH, 0, 0
226, -12.1, 264, 0.3, CH, 0, 0
227, -8.2, 264, 0.3, CH, 0, 0
228, -12.0, 265, 0.3, CH, 0, 0
229, -11.1, 265, 0.3, CH, 0, 0
230, -13.5, 266, 0.3, CH, 0, 0
231, -12.4, 267, 0.2, CH, 0, 0
232, -12.5, 267, 0.2, CH, 0, 0
233, -12.6, 268, 0.2, CH, 0, 0
234, -10.8, 268, 0.2, CH, 0, 0
235, -11.3, 269, 0.2, CH, 0, 0
236, -10.8, 269, 0.2, CH, 0, 0
237, -13.4, 269, 0.3, CH, 0, 0
238, -13.9, 269, 0.2, CH, 0, 0
239, -12.6, 270, 0.2, CH, 0, 0
240, -11.5, 270, 0.2, CH, 0, 0
241, -11.6, 270, 0.2, CH, 0, 0
242, -12.8, 270, 0.1, CH, 0, 0
243, -13.2, 270, 0.1, CH, 0, 0
244, -13.1, 270, 0.2, CH, 0, 0
245, -12.2, 270, 0.2, CH, 0, 0
246, -12.8, 270, 0.1, CH, 0, 0
247, -11.5, 270, 0.1, CH, 0, 0
248, -12.0, 270, 0.2, CH, 0, 0
249, -12.5, 270, 0.2, CH, 0, 0
250, -11.0, 270, 0.2, CH, 0, 0
251, -11.4, 270, 0.2, CH, 0, 0
252, -11.9, 270, 0.2, CH, 0, 0
253, -11.1, 270, 0.3, CH, 0, 0
254, -12.6, 270, 0.3, CH, 0, 0
255, -12.1, 270, 0.2, CH, 0, 0
256, -11.7, 269, 0.2, CH, 0, 0
257, -11.2, 269, 0.2, CH, 0, 0
258, -10.5, 269, 0.2, CH, 0, 0
259, -12.0, 269, 0.2, CH, 0, 0
260, -12.1, 269, 0.3, CH, 0, 0
261, -10.3, 269, 0.2, CH, 0, 0
262, -11.0, 269, 0.2, CH, 0, 0
263, -10.9, 269, 0.2, CH, 0, 0
264, -11.2, 268, 0.2, CH, 0, 0
265, -11.4, 268, 0.2, CH, 0, 0
266, -10.9, 268, 0.2, CH, 0, 0
267, -11.3, 268, 0.2, CH, 0, 0
268, -11.5, 268, 0.2, CH, 0, 0
269, -10.3, 267, 0.2, CH, 0, 0
270, -11.1, 267, 0.3, CH, 0, 0
271, -11.3, 267, 0.3, CH, 0, 0
272, -11.3, 266, 0.3, CH, 0, 0
273, -11.0, 266, 0.2, CH, 0, 0
274, -11.1, 266, 0.2, CH, 0, 0
275, -10.4, 266, 0.3, CH, 0, 0
276, -11.2, 266, 0.3, CH, 0, 0
277, -11.8, 266, 0.3, CH, 0, 0
278, -11.4, 266, 0.2, CH, 0, 0
279, -10.8, 266, 0.2, CH, 0, 0
280, -11.0, 265, 0.2, CH, 0, 0
281, -11.7, 266, 0.3, CH, 0, 0
282, -12.2, 266, 0.3, CH, 0, 0
283, -12.1, 266, 0.3, CH, 0, 0
284, -5.8, 267, 0.3, CH, 0, 0
285, -11.3, 267, 0.3, CH, 0, 0
286, -12.0, 267, 0.3, CH, 0, 0
287, -12.3, 268, 0.3, CH, 0, 0
288, -12.7, 268, 0.3, CH, 0, 0
289, -13.4, 269, 0.3, CH, 0, 0
290, -12.6, 269, 0.2, CH, 0, 0
291, -15.2, 270, 0.2, CH, 0, 0
292, -12.2, 270, 0.2, CH, 0, 0
293, -12.0, 270, 0.3, CH, 0, 0
294, -9.8, 270, 0.3, CH, 0, 0
295, -13.2, 271, 0.3, CH, 0, 0
296, -13.9, 271, 0.3, CH, 0, 0
297, -13.7, 272, 0.2, CH, 0, 0
298, -12.7, 272, 0.3, CH, 0, 0
299, -13.0, 272, 0.3, CH, 0, 0
300, -13.3, 272, 0.3, CH, 0, 0
301, -12.6, 272, 0.3, CH, 0, 0
302, -12.2, 272, 0.2, CH, 0, 0
303, -12.2, 273, 0.2, CH, 0, 0
304, -12.6, 273, 0.3, CH, 0, 0
305, -13.5, 273, 0.3, CH, 0, 0
306, -12.6, 273, 0.3, CH, 0, 0
307, -11.9, 273, 0.3, CH, 0, 0
308, -11.7, 273, 0.3, CH, 0, 0
309, -11.7, 273, 0.3, CH, 0, 0
310, -12.6, 273, 0.3, CH, 0, 0
311, -9.8, 273, 0.3, CH, 0, 0
312, -13.2, 273, 0.2, CH, 0, 0
313, -12.6, 273, 0.2, CH, 0, 0
314, -10.8, 273, 0.2, CH, 0, 0
315, -12.0, 273, 0.2, CH, 0, 0
316, -11.2, 273, 0.2, CH, 0, 0
317, -11.0, 272, 0.3, CH, 0, 0
318, -12.6, 272, 0.3, CH, 0, 0
319, -11.9, 272, 0.2, CH, 0, 0
320, -11.3, 272, 0.2, CH, 0, 0
321, -11.2, 272, 0.2, CH, 0, 0
322, -11.8, 271, 0.3, CH, 0, 0
323, -12.2, 271, 0.3, CH, 0, 0
324, -11.4, 270, 0.2, CH, 0, 0
325, -10.9, 270, 0.2, CH, 0, 0
326, -10.8, 269, 0.2, CH, 0, 0
327, -11.2, 269, 0.2, CH, 0, 0
328, -11.1, 268, 0.3, CH, 0, 0
329, -11.0, 268, 0.3, CH, 0, 0
330, -10.5, 267, 0.2, CH, 0, 0
331, -10.5, 266, 0.2, CH, 0, 0
332, -10.2, 266, 0.3, CH, 0, 0
333, -11.0, 265, 0.3, CH, 0, 0
334, -11.7, 265, 0.3, CH, 0, 0
335, -11.3, 265, 0.3, CH, 0, 0
336, -10.7, 265, 0.2, CH, 0, 0
337, -10.5, 264, 0.2, CH, 0, 0
338, -9.8, 264, 0.2, CH, 0, 0
339, -11.4, 264, 0.3, CH, 0, 0
340, -12.0, 264, 0.3, CH, 0, 0
341, -12.3, 264, 0.2, CH, 0, 0
342, -4.6, 264, 0.2, CH, 0, 0
343, -11.4, 264, 0.2, CH, 0, 0
344, -12.5, 264, 0.2, CH, 0, 0
345, -12.2, 264, 0.2, CH, 0, 0
346, -12.5, 265, 0.2, CH, 0, 0
347, -13.1, 265, 0.2, CH, 0, 0
348, -12.3, 266, 0.2, CH, 0, 0
349, -12.4, 267, 0.2, CH, 0, 0
350, -13.6, 267, 0.2, CH, 0, 0
351, -13.1, 268, 0.2, CH, 0, 0
352, -13.1, 268, 0.2, CH, 0, 0
353, -13.8, 269, 0.2, CH, 0, 0
354, -9.9, 269, 0.2, CH, 0, 0
355, -12.1, 269, 0.2, CH, 0, 0
356, -12.9, 269, 0.2, CH, 0, 0
357, -13.1, 270, 0.2, CH, 0, 0
358, -13.4, 270, 0.2, CH, 0, 0
359, -13.1, 270, 0.2, CH, 0, 0
360, -11.7, 270, 0.2, CH, 0, 0
361, -11.5, 270, 0.2, CH, 0, 0
362, -20.2, 270, 0.2, CH, 0, 0
363, -12.6, 270, 0.2, CH, 0, 0
364, -11.3, 270, 0.2, CH, 0, 0
365, -11.6, 270, 0.2, CH, 0, 0
366, -11.7, 270, 0.2, CH, 0, 0
367, -12.0, 270, 0.2, CH, 0, 0
368, -12.1, 269, 0.2, CH, 0, 0
369, -12.3, 269, 0.2, CH, 0, 0
370, -11.3, 268, 0.2, CH, 0, 0
371, -10.7, 268, 0.2, CH, 0, 0
372, -10.8, 268, 0.2, CH, 0, 0
373, -11.3, 268, 0.2, CH, 0, 0
374, -12.6, 267, 0.2, CH, 0, 0
375, -10.9, 267, 0.2, CH, 0, 0
376, -11.5, 266, 0.2, CH, 0, 0
377, -11.5, 266, 0.2, CH, 0, 0
378, -10.1, 265, 0.2, CH, 0, 0
379, -9.8, 265, 0.2, CH, 0, 0
380, -10.9, 265, 0.2, CH, 0, 0
381, -11.6, 264, 0.2, CH, 0, 0
382, -8.4, 264, 0.2, CH, 0, 0
383, -8.7, 263, 0.2, CH, 0, 0
384, -11.1, 262, 0.2, CH, 0, 0
385, -9.8, 262, 0.2, CH, 0, 0
386, -9.7, 261, 0.2, CH, 0, 0
387, -9.7, 261, 0.2, CH, 0, 0
388, -8.4, 260, 0.2, CH, 0, 0
389, -7.9, 260, 0.2, CH, 0, 0
390, -10.8, 259, 0.3, CH, 0, 0
391, -9.9, 259, 0.2, CH, 0, 0
392, -10.4, 258, 0.2, CH, 0, 0
393, -7.8, 258, 0.1, CH, 0, 0
394, -9.3, 258, 0.2, CH, 0, 0
395, -10.1, 258, 0.2, CH, 0, 0
396, -10.4, 257, 0.1, CH, 0, 0
397, -8.7, 257, 0.2, CH, 0, 0
398, -10.4, 257, 0.2, CH, 0, 0
399, -9.5, 257, 0.2, CH, 0, 0
400, -9.8, 258, 0.2, CH, 0, 0
401, -9.4, 258, 0.2, CH, 0, 0
402, -11.4, 258, 0.2, CH, 0, 0
403, -11.8, 259, 0.2, CH, 0, 0
404, -10.1, 259, 0.2, CH, 0, 0
405, -11.7, 260, 0.2, CH, 0, 0
406, -10.3, 260, 0.2, CH, 0, 0
407, -9.8, 261, 0.2, CH, 0, 0
408, -12.4, 261, 0.2, CH, 0, 0
409, -12.7, 261, 0.2, CH, 0, 0
410, -9.3, 262, 0.2, CH, 0, 0
411, -11.5, 263, 0.2, CH, 0, 0
412, -10.6, 263, 0.2, CH, 0, 0
413, -12.1, 264, 0.2, CH, 0, 0
414, -14.0, 264, 0.3, CH, 0, 0
415, -11.9, 264, 0.2, CH, 0, 0
416, -10.4, 265, 0.2, CH, 0, 0
417, -12.0, 265, 0.2, CH, 0, 0
418, -12.1, 266, 0.3, CH, 0, 0
419, -12.5, 266, 0.3, CH, 0, 0
420, -12.7, 267, 0.3, CH, 0, 0
421, -12.3, 267, 0.3, CH, 0, 0
422, -11.7, 267, 0.2, CH, 0, 0
423, -11.8, 267, 0.2, CH, 0, 0
424, -11.6, 268, 0.2, CH, 0, 0
425, -12.0, 268, 0.2, CH, 0, 0
426, -12.8, 268, 0.2, CH, 0, 0
427, -12.2, 268, 0.2, CH, 0, 0
428, -11.3, 268, 0.2, CH, 0, 0
429, -12.1, 269, 0.2, CH, 0, 0
430, -12.1, 269, 0.2, CH, 0, 0
431, -12.5, 269, 0.2, CH, 0, 0
432, -12.9, 269, 0.2, CH, 0, 0
433, -11.7, 269, 0.2, CH, 0, 0
434, -9.8, 269, 0.2, CH, 0, 0
435, -11.5, 269, 0.2, CH, 0, 0
436, -11.9, 269, 0.2, CH, 0, 0
437, -12.0, 269, 0.2, CH, 0, 0
438, -12.5, 269, 0.2, CH, 0, 0
439, -11.3, 268, 0.2, CH, 0, 0
440, -10.9, 268, 0.2, CH, 0, 0
441, -10.9, 267, 0.3, CH, 0, 0
442, -11.4, 267, 0.3, CH, 0, 0
443, -10.9, 266, 0.3, CH, 0, 0
444, -12.6, 266, 0.3, CH, 0, 0
445, -10.3, 265, 0.3, CH, 0, 0
446, -10.5, 265, 0.3, CH, 0, 0
447, -10.8, 265, 0.3, CH, 0, 0
448, -11.2, 264, 0.3, CH, 0, 0
449, -10.1, 264, 0.3, CH, 0, 0
450, -10.0, 263, 0.3, CH, 0, 0
451, -9.8, 262, 0.3, CH, 0, 0
452, -10.0, 262, 0.3, CH, 0, 0
453, -11.9, 262, 0.3, CH, 0, 0
454, -12.1, 262, 0.3, CH, 0, 0
455, -11.7, 262, 0.3, CH, 0, 0
456, -11.6, 262, 0.3, CH, 0, 0
457, -10.5, 263, 0.3, CH, 0, 0
458, -9.2, 262, 0.3, CH, 0, 0
459, -12.2, 262, 0.3, CH, 0, 0
460, -11.0, 262, 0.3, CH, 0, 0
461, -11.4, 262, 0.3, CH, 0, 0
462, -10.9, 263, 0.3, CH, 0, 0
463, -10.9, 263, 0.3, CH, 0, 0
464, -9.5, 263, 0.3, CH, 0, 0
465, -11.3, 263, 0.3, CH, 0, 0
466, -11.7, 264, 0.3, CH, 0, 0
467, -11.5, 264, 0.3, CH, 0, 0
468, -11.3, 264, 0.3, CH, 0, 0
469, -11.8, 265, 0.3, CH, 0, 0
470, -12.3, 265, 0.3, CH, 0, 0
471, -13.1, 266, 0.3, CH, 0, 0
472, -12.0, 266, 0.3, CH, 0, 0
473, -10.7, 266, 0.2, CH, 0, 0
474, -10.7, 266, 0.2, CH, 0, 0
475, -11.1, 267, 0.2, CH, 0, 0
476, -12.4, 267, 0.3, CH, 0, 0
477, -13.0, 267, 0.3, CH, 0, 0
478, -13.2, 268, 0.3, CH, 0, 0
479, -11.9, 268, 0.3, CH, 0, 0
480, -12.1, 268, 0.3, CH, 0, 0
481, -12.6, 269, 0.2, CH, 0, 0
482, -13.1, 269, 0.2, CH, 0, 0
483, -13.2, 270, 0.2, CH, 0, 0
484, -13.0, 270, 0.2, CH, 0, 0
485, -12.5, 271, 0.2, CH, 0, 0
486, -12.3, 271, 0.2, CH, 0, 0
487, -12.7, 271, 0.2, CH, 0, 0
488, -13.1, 271, 0.2, CH, 0, 0
489, -12.2, 271, 0.2, CH, 0, 0
490, -12.9, 271, 0.2, CH, 0, 0
491, -11.2, 270, 0.2, CH, 0, 0
492, -11.6, 270, 0.2, CH, 0, 0
493, -13.5, 271, 0.2, CH, 0, 0
494, -12.3, 270, 0.2, CH, 0, 0
495, -11.7, 270, 0.2, CH, 0, 0
496, -11.2, 270, 0.2, CH, 0, 0
497, -10.4, 270, 0.2, CH, 0, 0
498, -10.8, 269, 0.2, CH, 0, 0
499, -10.6, 269, 0.2, CH, 0, 0
500, -13.1, 269, 0.2, CH, 0, 0
501, -10.6, 268, 0.2, CH, 0, 0
502, -9.8, 268, 0.3, CH, 0, 0
503, -10.0, 267, 0.3, CH, 0, 0
504, -11.5, 267, 0.3, CH, 0, 0
505, -11.1, 266, 0.2, CH, 0, 0
506, -11.7, 265, 0.2, CH, 0, 0
507, -9.8, 265, 0.3, CH, 0, 0
508, -9.2, 265, 0.3, CH, 0, 0
509, -10.4, 264, 0.3, CH, 0, 0
510, -10.2, 264, 0.3, CH, 0, 0
511, -10.5, 264, 0.3, CH, 0, 0
512, -10.9, 263, 0.3, CH, 0, 0
513, -8.9, 263, 0.3, CH, 0, 0
514, -10.5, 263, 0.3, CH, 0, 0
515, -11.0, 263, 0.3, CH, 0, 0
516, -9.8, 263, 0.3, CH, 0, 0
517, -10.9, 263, 0.3, CH, 0, 0
518, -12.2, 263, 0.3, CH, 0, 0
519, -11.1, 263, 0.2, CH, 0, 0
520, -9.2, 263, 0.2, CH, 0, 0
521, -10.9, 263, 0.2, CH, 0, 0
522, -12.0, 264, 0.2, CH, 0, 0
523, -12.2, 264, 0.2, CH, 0, 0
524, -10.9, 264, 0.2, CH, 0, 0
525, -12.2, 265, 0.2, CH, 0, 0
526, -3.2, 266, 0.2, CH, 0, 0
527, -12.3, 266, 0.2, CH, 0, 0
528, -13.2, 267, 0.2, CH, 0, 0
529, -12.9, 267, 0.2, CH, 0, 0
530, -12.3, 268, 0.2, CH, 0, 0
531, -12.2, 269, 0.2, CH, 0, 0
532, -13.2, 270, 0.2, CH, 0, 0
533, -14.7, 270, 0.2, CH, 0, 0
534, -13.7, 271, 0.2, CH, 0, 0
535, -12.5, 271, 0.2, CH, 0, 0
536, -12.9, 271, 0.2, CH, 0, 0
537, -13.0, 272, 0.2, CH, 0, 0
538, -11.8, 273, 0.2, CH, 0, 0
539, -14.5, 273, 0.2, CH, 0, 0
540, -13.9, 273, 0.3, CH, 0, 0
541, -13.0, 273, 0.2, CH, 0, 0
542, -12.4, 273, 0.2, CH, 0, 0
543, -12.2, 274, 0.2, CH, 0, 0
544, -12.3, 274, 0.2, CH, 0, 0
545, -12.5, 274, 0.3, CH, 0, 0
546, -20.7, 274, 0.3, CH, 0, 0
547, -15.6, 274, 0.3, CH, 0, 0
548, -11.8, 274, 0.3, CH, 0, 0
549, -11.7, 274, 0.3, CH, 0, 0
550, -12.0, 273, 0.3, CH, 0, 0
551, -12.7, 273, 0.3, CH, 0, 0
552, -11.7, 273, 0.3, CH, 0, 0
553, -10.2, 273, 0.2, CH, 0, 0
554, -10.8, 273, 0.2, CH, 0, 0
555, -11.4, 273, 0.3, CH, 0, 0
556, -11.8, 272, 0.2, CH, 0, 0
557, -12.0, 272, 0.3, CH, 0, 0
558, -12.1, 271, 0.2, CH, 0, 0
559, -10.6, 271, 0.2, CH, 0, 0
560, -10.7, 271, 0.2, CH, 0, 0
561, -12.2, 271, 0.2, CH, 0, 0
562, -11.4, 270, 0.2, CH, 0, 0
563, -11.9, 270, 0.2, CH, 0, 0
564, -11.6, 270, 0.2, CH, 0, 0
565, -10.6, 269, 0.2, CH, 0, 0
566, -10.4, 269, 0.2, CH, 0, 0
567, -8.0, 269, 0.3, CH, 0, 0
568, -11.7, 268, 0.3, CH, 0, 0
569, -11.4, 268, 0.3, CH, 0, 0
570, -10.9, 267, 0.3, CH, 0, 0
571, -10.3, 267, 0.3, CH, 0, 0
572, -10.7, 267, 0.3, CH, 0, 0
573, -11.0, 266, 0.3, CH, 0, 0
574, -12.0, 266, 0.3, CH, 0, 0
575, -12.2, 267, 0.3, CH, 0, 0
576, -11.7, 267, 0.3, CH, 0, 0
577, -11.2, 267, 0.3, CH, 0, 0
578, -11.2, 267, 0.3, CH, 0, 0
579, -10.5, 267, 0.3, CH, 0, 0
580, -12.3, 267, 0.3, CH, 0, 0
581, -11.6, 268, 0.3, CH, 0, 0
582, -12.5, 268, 0.3, CH, 0, 0
583, -11.6, 268, 0.3, CH, 0, 0
584, -11.7, 269, 0.3, CH, 0, 0
585, -12.9, 269, 0.3, CH, 0, 0
586, -13.1, 269, 0.3, CH, 0, 0
587, -13.0, 270, 0.3, CH, 0, 0
588, -12.1, 270, 0.3, CH, 0, 0
589, -12.7, 271, 0.3, CH, 0, 0
590, -13.6, 272, 0.3, CH, 0, 0
591, -14.2, 272, 0.3, CH, 0, 0
592, -14.0, 273, 0.3, CH, 0, 0
593, -13.6, 273, 0.3, CH, 0, 0
594, -12.8, 274, 0.3, CH, 0, 0
595, -13.0, 274, 0.3, CH, 0, 0
596, -14.2, 274, 0.3, CH, 0, 0
597, -14.2, 275, 0.3, CH, 0, 0
598, -14.0, 275, 0.3, CH, 0, 0
599, -14.7, 276, 0.3, CH, 0, 0
600, -12.7, 276, 0.2, CH, 0, 0
601, -12.9, 276, 0.3, CH, 0, 0
602, -13.7, 277, 0.2, CH, 0, 0
603, -14.0, 277, 0.2, CH, 0, 0
604, -13.3, 277, 0.2, CH, 0, 0
605, -13.1, 277, 0.2, CH, 0, 0
606, -12.6, 277, 0.2, CH, 0, 0
607, -12.9, 277, 0.2, CH, 0, 0
608, -13.4, 277, 0.2, CH, 0, 0
609, -13.7, 277, 0.2, CH, 0, 0
610, -14.7, 277, 0.2, CH, 0, 0
611, -12.4, 276, 0.2, CH, 0, 0
612, -12.1, 276, 0.2, CH, 0, 0
613, -12.8, 276, 0.2, CH, 0, 0
614, -13.1, 276, 0.2, CH, 0, 0
615, -12.5, 275, 0.2, CH, 0, 0
616, -11.6, 275, 0.2, CH, 0, 0
617, -12.8, 275, 0.2, CH, 0, 0
618, -11.8, 274, 0.2, CH, 0, 0
619, -11.2, 274, 0.2, CH, 0, 0
620, -12.8, 274, 0.2, CH, 0, 0
621, -13.6, 273, 0.2, CH, 0, 0
622, -11.2, 273, 0.2, CH, 0, 0
623, -11.1, 273, 0.2, CH, 0, 0
624, -12.4, 272, 0.2, CH, 0, 0
625, -11.7, 272, 0.2, CH, 0, 0
626, -12.2, 272, 0.2, CH, 0, 0
627, -11.5, 271, 0.2, CH, 0, 0
628, -11.0, 270, 0.2, CH, 0, 0
629, -10.5, 270, 0.2, CH, 0, 0
630, -9.5, 270, 0.2, CH, 0, 0
631, -11.3, 269, 0.2, CH, 0, 0
632, -11.7, 269, 0.2, CH, 0, 0
633, -11.0, 269, 0.2, CH, 0, 0
634, -10.7, 269, 0.2, CH, 0, 0
635, -11.9, 269, 0.2, CH, 0, 0
636, -11.9, 269, 0.2, CH, 0, 0
637, -8.2, 269, 0.2, CH, 0, 0
638, -13.0, 269, 0.2, CH, 0, 0
639, -11.4, 268, 0.2, CH, 0, 0
640, -10.9, 268, 0.2, CH, 0, 0
641, -10.4, 268, 0.2, CH, 0, 0
642, -13.6, 269, 0.2, CH, 0, 0
643, -13.2, 269, 0.2, CH, 0, 0
644, -11.7, 269, 0.2, CH, 0, 0
645, -12.1, 269, 0.2, CH, 0, 0
646, -11.8, 270, 0.2, CH, 0, 0
647, -13.7, 270, 0.2, CH, 0, 0
648, -13.1, 270, 0.2, CH, 0, 0
649, -13.9, 271, 0.2, CH, 0, 0
650, -12.5, 272, 0.2, CH, 0, 0
651, -12.8, 272, 0.2, CH, 0, 0
652, -12.6, 272, 0.2, CH, 0, 0
653, -13.1, 272, 0.2, CH, 0, 0
654, -13.5, 273, 0.2, CH, 0, 0
655, -12.5, 273, 0.2, CH, 0, 0
656, -12.5, 273, 0.2, CH, 0, 0
657, -14.9, 273, 0.2, CH, 0, 0
658, -11.3, 273, 0.2, CH, 0, 0
659, -13.9, 273, 0.2, CH, 0, 0
660, -13.4, 273, 0.2, CH, 0, 0
661, -13.8, 274, 0.2, CH, 0, 0
662, -11.1, 274, 0.2, CH, 0, 0
663, -11.6, 274, 0.2, CH, 0, 0
664, -12.2, 274, 0.2, CH, 0, 0
665, -12.7, 274, 0.2, CH, 0, 0
666, -13.0, 274, 0.2, CH, 0, 0
667, -11.4, 273, 0.2, CH, 0, 0
668, -12.0, 273, 0.2, CH, 0, 0
669, -11.5, 273, 0.2, CH, 0, 0
670, -12.1, 272, 0.3, CH, 0, 0
671, -12.3, 272, 0.3, CH, 0, 0
672, -11.9, 272, 0.2, CH, 0, 0
673, -11.1, 271, 0.2, CH, 0, 0
674, -11.0, 271, 0.3, CH, 0, 0
675, -10.9, 270, 0.3, CH, 0, 0
676, -11.2, 270, 0.3, CH, 0, 0
677, -11.6, 269, 0.3, CH, 0, 0
678, -11.5, 268, 0.3, CH, 0, 0
679, -9.7, 268, 0.3, CH, 0, 0
680, -10.0, 267, 0.3, CH, 0, 0
681, -9.9, 266, 0.3, CH, 0, 0
682, -10.4, 265, 0.3, CH, 0, 0
683, -11.1, 265, 0.3, CH, 0, 0
684, -11.0, 264, 0.3, CH, 0, 0
685, -9.6, 263, 0.3, CH, 0, 0
686, -10.0, 263, 0.3, CH, 0, 0
687, -9.5, 262, 0.3, CH, 0, 0
688, -13.1, 262, 0.3, CH, 0, 0
689, -7.0, 262, 0.3, CH, 0, 0
690, -9.5, 261, 0.3, CH, 0, 0
691, -9.5, 261, 0.3, CH, 0, 0
692, -9.6, 260, 0.3, CH, 0, 0
693, -10.2, 260, 0.3, CH, 0, 0
694, -9.9, 259, 0.3, CH, 0, 0
695, -10.2, 259, 0.3, CH, 0, 0
696, -10.0, 259, 0.3, CH, 0, 0
697, -9.2, 258, 0.3, CH, 0, 0
698, -9.2, 258, 0.3, CH, 0, 0
699, -10.2, 258, 0.3, CH, 0, 0
700, -10.7, 258, 0.3, CH, 0, 0
701, -9.9, 258, 0.3, CH, 0, 0
702, -10.6, 259, 0.3, CH, 0, 0
703, -9.7, 259, 0.3, CH, 0, 0
704, -11.2, 260, 0.3, CH, 0, 0
705, -11.2, 260, 0.3, CH, 0, 0
706, -11.0, 261, 0.3, CH, 0, 0
707, -11.8, 261, 0.3, CH, 0, 0
708, -7.9, 261, 0.3, CH, 0, 0
709, -13.6, 261, 0.3, CH, 0, 0
710, -12.6, 262, 0.3, CH, 0, 0
711, -12.2, 263, 0.3, CH, 0, 0
712, -12.2, 263, 0.3, CH, 0, 0
713, -11.8, 264, 0.3, CH, 0, 0
714, -11.9, 264, 0.3, CH, 0, 0
715, -12.2, 265, 0.3, CH, 0, 0
716, -13.3, 266, 0.3, CH, 0, 0
717, -12.9, 266, 0.3, CH, 0, 0
718, -13.7, 267, 0.3, CH, 0, 0
719, -13.6, 268, 0.3, CH, 0, 0
720, -11.7, 268, 0.3, CH, 0, 0
721, -12.7, 269, 0.3, CH, 0, 0
722, -12.9, 269, 0.3, CH, 0, 0
723, -13.0, 269, 0.3, CH, 0, 0
724, -11.3, 269, 0.3, CH, 0, 0
725, -11.9, 269, 0.3, CH, 0, 0
726, -12.1, 270, 0.3, CH, 0, 0
727, -12.4, 270, 0.3, CH, 0, 0
728, -13.1, 270, 0.3, CH, 0, 0
729, -12.2, 270, 0.3, CH, 0, 0
730, -12.0, 270, 0.3, CH, 0, 0
731, -10.8, 270, 0.3, CH, 0, 0
732, -10.9, 270, 0.3, CH, 0, 0
733, -11.2, 269, 0.3, CH, 0, 0
734, -12.6, 269, 0.3, CH, 0, 0
735, -10.7, 268, 0.3, CH, 0, 0
736, -10.2, 268, 0.3, CH, 0, 0
737, -12.3, 267, 0.3, CH, 0, 0
738, -9.3, 267, 0.3, CH, 0, 0
739, -9.2, 266, 0.3, CH, 0, 0
740, -10.8, 266, 0.3, CH, 0, 0
741, -10.8, 266, 0.3, CH, 0, 0
742, -9.2, 265, 0.3, CH, 0, 0
743, -9.5, 265, 0.3, CH, 0, 0
744, -11.4, 264, 0.3, CH, 0, 0
745, -10.3, 263, 0.3, CH, 0, 0
746, -10.7, 263, 0.3, CH, 0, 0
747, -10.5, 262, 0.2, CH, 0, 0
748, -8.4, 261, 0.2, CH, 0, 0
749, -8.9, 262, 0.2, CH, 0, 0
750, -8.9, 260, 0.2, CH, 0, 0
751, -10.1, 260, 0.2, CH, 0, 0
752, -9.9, 260, 0.2, CH, 0, 0
753, -9.8, 260, 0.2, CH, 0, 0
754, -8.8, 259, 0.2, CH, 0, 0
755, -10.9, 259, 0.1, CH, 0, 0
756, -9.5, 259, 0.2, CH, 0, 0
757, -7.8, 260, 0.2, CH, 0, 0
758, -10.8, 259, 0.2, CH, 0, 0
759, -10.7, 259, 0.2, CH, 0, 0
760, -9.9, 259, 0.2, CH, 0, 0
761, -9.2, 259, 0.2, CH, 0, 0
762, -11.0, 259, 0.2, CH, 0, 0
763, -10.7, 259, 0.2, CH, 0, 0
764, -10.1, 259, 0.2, CH, 0, 0
765, -9.9, 260, 0.1, CH, 0, 0
766, -9.1, 260, 0.2, CH, 0, 0
767, -9.8, 260, 0.2, CH, 0, 0
768, -11.8, 260, 0.2, CH, 0, 0
769, -12.0, 261, 0.2, CH, 0, 0
770, -12.2, 261, 0.2, CH, 0, 0
771, -11.0, 262, 0.2, CH, 0, 0
772, -11.6, 263, 0.2, CH, 0, 0
773, -11.8, 263, 0.2, CH, 0, 0
774, -11.6, 264, 0.2, CH, 0, 0
775, -11.6, 264, 0.3, CH, 0, 0
776, -11.5, 265, 0.2, CH, 0, 0
777, -12.1, 265, 0.3, CH, 0, 0
778, -11.7, 266, 0.3, CH, 0, 0
779, -13.7, 266, 0.3, CH, 0, 0
780, -2.9, 267, 0.3, CH, 0, 0
781, -12.2, 267, 0.3, CH, 0, 0
782, -11.8, 267, 0.3, CH, 0, 0
783, -11.5, 268, 0.3, CH, 0, 0
784, -11.0, 268, 0.3, CH, 0, 0
785, -12.9, 268, 0.3, CH, 0, 0
786, -13.7, 268, 0.3, CH, 0, 0
787, -12.2, 269, 0.3, CH, 0, 0
788, -10.9, 269, 0.3, CH, 0, 0
789, -12.1, 269, 0.3, CH, 0, 0
790, -11.2, 269, 0.3, CH, 0, 0
791, -12.6, 269, 0.3, CH, 0, 0
792, -11.7, 268, 0.3, CH, 0, 0
793, -11.5, 268, 0.3, CH, 0, 0
794, -12.2, 268, 0.2, CH, 0, 0
795, -10.5, 268, 0.2, CH, 0, 0
796, -11.8, 268, 0.2, CH, 0, 0
797, -11.3, 268, 0.2, CH, 0, 0
798, -11.6, 267, 0.2, CH, 0, 0
799, -8.6, 267, 0.2, CH, 0, 0
800, -20.2, 266, 0.2, CH, 0, 0
801, -10.0, 266, 0.3, CH, 0, 0
802, -10.8, 265, 0.3, CH, 0, 0
803, -11.4, 265, 0.3, CH, 0, 0
804, -9.0, 264, 0.3, CH, 0, 0
805, -10.0, 264, 0.2, CH, 0, 0
806, -10.0, 264, 0.2, CH, 0, 0
807, -9.5, 263, 0.3, CH, 0, 0
808, -12.3, 263, 0.3, CH, 0, 0
809, -9.2, 262, 0.3, CH, 0, 0
810, -8.8, 262, 0.2, CH, 0, 0
811, -8.6, 261, 0.3, CH, 0, 0
812, -8.7, 260, 0.3, CH, 0, 0
813, -9.5, 260, 0.3, CH, 0, 0
814, -8.9, 259, 0.3, CH, 0, 0
815, -10.3, 259, 0.3, CH, 0, 0
816, -9.5, 258, 0.3, CH, 0, 0
817, -9.4, 258, 0.3, CH, 0, 0
818, -9.2, 258, 0.3, CH, 0, 0
819, -11.1, 258, 0.3, CH, 0, 0
820, -10.3, 258, 0.2, CH, 0, 0
821, -10.8, 259, 0.2, CH, 0, 0
822, -9.8, 259, 0.2, CH, 0, 0
823, -9.6, 259, 0.2, CH, 0, 0
824, -15.4, 259, 0.2, CH, 0, 0
825, -10.5, 259, 0.2, CH, 0, 0
826, -10.0, 259, 0.2, CH, 0, 0
827, -11.4, 259, 0.2, CH, 0, 0
828, -9.1, 259, 0.2, CH, 0, 0
829, -11.5, 259, 0.2, CH, 0, 0
830, -13.1, 260, 0.2, CH, 0, 0
831, -8.8, 261, 0.2, CH, 0, 0
832, -12.6, 261, 0.2, CH, 0, 0
833, -11.6, 262, 0.2, CH, 0, 0
834, -11.0, 262, 0.2, CH, 0, 0
835, -11.1, 263, 0.2, CH, 0, 0
836, -11.6, 263, 0.2, CH, 0, 0
837, -12.7, 264, 0.2, CH, 0, 0
838, -12.2, 264, 0.2, CH, 0, 0
839, -11.5, 265, 0.2, CH, 0, 0
840, -11.7, 265, 0.2, CH, 0, 0
841, -11.6, 265, 0.2, CH, 0, 0
842, -12.6, 266, 0.2, CH, 0, 0
843, -12.6, 266, 0.2, CH, 0, 0
844, -8.4, 266, 0.2, CH, 0, 0
845, -11.8, 267, 0.2, CH, 0, 0
846, -11.1, 267, 0.2, CH, 0, 0
847, -11.0, 267, 0.3, CH, 0, 0
848, -12.7, 267, 0.3, CH, 0, 0
849, -12.0, 266, 0.3, CH, 0, 0
850, -10.4, 266, 0.2, CH, 0, 0
851, -14.5, 266, 0.3, CH, 0, 0
852, -11.1, 266, 0.3, CH, 0, 0
853, -11.7, 266, 0.3, CH, 0, 0
854, -11.4, 266, 0.3, CH, 0, 0
855, -12.2, 266, 0.3, CH, 0, 0
856, -9.1, 266, 0.3, CH, 0, 0
857, -10.4, 265, 0.3, CH, 0, 0
858, -10.5, 265, 0.3, CH, 0, 0
859, -10.8, 265, 0.3, CH, 0, 0
860, -11.6, 265, 0.3, CH, 0, 0
861, -12.1, 264, 0.3, CH, 0, 0
862, -9.9, 264, 0.3, CH, 0, 0
863, -10.0, 264, 0.3, CH, 0, 0
864, -10.4, 264, 0.3, CH, 0, 0
865, -11.1, 263, 0.3, CH, 0, 0
866, -11.0, 263, 0.3, CH, 0, 0
867, -11.2, 263, 0.3, CH, 0, 0
868, -4.0, 263, 0.3, CH, 0, 0
869, -10.3, 262, 0.3, CH, 0, 0
870, -9.6, 262, 0.3, CH, 0, 0
871, -10.8, 262, 0.3, CH, 0, 0
872, -10.4, 261, 0.3, CH, 0, 0
873, -10.2, 261, 0.3, CH, 0, 0
874, -10.2, 261, 0.3, CH, 0, 0
875, -9.0, 261, 0.3, CH, 0, 0
876, -12.4, 261, 0.3, CH, 0, 0
877, -10.5, 261, 0.3, CH, 0, 0
878, -10.7, 261, 0.3, CH, 0, 0
879, -9.9, 261, 0.3, CH, 0, 0
880, -9.8, 261, 0.3, CH, 0, 0
881, -9.8, 261, 0.3, CH, 0, 0
882, -8.1, 261, 0.3, CH, 0, 0
883, -12.1, 262, 0.3, CH, 0, 0
884, -10.6, 262, 0.2, CH, 0, 0
885, -10.3, 262, 0.2, CH, 0, 0
886, -10.7, 262, 0.3, CH, 0, 0
887, -11.0, 262, 0.3, CH, 0, 0
888, -17.3, 263, 0.3, CH, 0, 0
889, -11.7, 263, 0.3, CH, 0, 0
890, -12.5, 264, 0.3, CH, 0, 0
891, -11.2, 265, 0.3, CH, 0, 0
892, -11.7, 265, 0.3, CH, 0, 0
893, -12.3, 266, 0.3, CH, 0, 0
894, -13.1, 266, 0.3, CH, 0, 0
895, -13.1, 267, 0.3, CH, 0, 0
896, -13.1, 267, 0.3, CH, 0, 0
897, -12.2, 268, 0.3, CH, 0, 0
898, -12.2, 268, 0.3, CH, 0, 0
899, -12.4, 268, 0.3, CH, 0, 0
900, -12.6, 268, 0.3, CH, 0, 0
901, -12.6, 269, 0.3, CH, 0, 0
902, -15.0, 268, 0.3, CH, 0, 0
903, -11.1, 268, 0.3, CH, 0, 0
904, -12.6, 269, 0.3, CH, 0, 0
905, -13.0, 269, 0.3, CH, 0, 0
906, -12.8, 269, 0.3, CH, 0, 0
907, -12.3, 269, 0.3, CH, 0, 0
908, -11.7, 269, 0.3, CH, 0, 0
909, -11.7, 269, 0.3, CH, 0, 0
910, -12.5, 269, 0.3, CH, 0, 0
911, -12.8, 269, 0.3, CH, 0, 0
912, -12.6, 269, 0.3, CH, 0, 0
913, -12.0, 269, 0.3, CH, 0, 0
914, -10.4, 268, 0.3, CH, 0, 0
915, -10.9, 268, 0.3, CH, 0, 0
916, -11.1, 268, 0.3, CH, 0, 0
917, -12.3, 268, 0.3, CH, 0, 0
918, -12.4, 267, 0.2, CH, 0, 0
919, -12.5, 267, 0.2, CH, 0, 0
920, -11.1, 268, 0.3, CH, 0, 0
921, -11.1, 268, 0.3, CH, 0, 0
922, -13.1, 267, 0.3, CH, 0, 0
923, -11.7, 267, 0.2, CH, 0, 0
924, -12.4, 267, 0.2, CH, 0, 0
925, -10.9, 267, 0.2, CH, 0, 0
926, -11.1, 267, 0.2, CH, 0, 0
927, -12.4, 267, 0.2, CH, 0, 0
928, -12.0, 267, 0.1, CH, 0, 0
929, -10.9, 267, 0.1, CH, 0, 0
930, -11.0, 266, 0.1, CH, 0, 0
931, -10.0, 266, 0.1, CH, 0, 0
932, -10.3, 265, 0.1, CH, 0, 0
933, -10.7, 265, 0.1, CH, 0, 0
934, -12.1, 265, 0.1, CH, 0, 0
935, -12.0, 265, 0.1, CH, 0, 0
936, -11.4, 265, 0.1, CH, 0, 0
937, -11.6, 265, 0.1, CH, 0, 0
938, -10.4, 265, 0.1, CH, 0, 0
939, -10.7, 265, 0.1, CH, 0, 0
940, -12.4, 265, 0.2, CH, 0, 0
941, -11.9, 265, 0.1, CH, 0, 0
942, -10.3, 266, 0.2, CH, 0, 0
943, -11.4, 266, 0.2, CH, 0, 0
944, -11.6, 266, 0.2, CH, 0, 0
945, -12.2, 266, 0.2, CH, 0, 0
946, -12.3, 266, 0.2, CH, 0, 0
947, -10.8, 267, 0.2, CH, 0, 0
948, -11.7, 267, 0.3, CH, 0, 0
949, -12.6, 268, 0.3, CH, 0, 0
950, -12.0, 268, 0.3, CH, 0, 0
951, -12.7, 268, 0.3, CH, 0, 0
952, -13.1, 269, 0.3, CH, 0, 0
953, -12.5, 270, 0.3, CH, 0, 0
954, -12.3, 270, 0.3, CH, 0, 0
955, -12.0, 270, 0.3, CH, 0, 0
956, -12.2, 271, 0.3, CH, 0, 0
957, -12.1, 271, 0.3, CH, 0, 0
958, -13.3, 271, 0.3, CH, 0, 0
959, -12.3, 271, 0.3, CH, 0, 0
960, -11.5, 271, 0.3, CH, 0, 0
961, -11.7, 271, 0.3, CH, 0, 0
962, -12.1, 271, 0.3, CH, 0, 0
963, -12.6, 271, 0.3, CH, 0, 0
964, -11.9, 271, 0.2, CH, 0, 0
965, -11.4, 271, 0.3, CH, 0, 0
966, -11.0, 270, 0.3, CH, 0, 0
967, -12.2, 270, 0.3, CH, 0, 0
968, -11.4, 269, 0.3, CH, 0, 0
969, -11.4, 269, 0.3, CH, 0, 0
970, -10.7, 269, 0.3, CH, 0, 0
971, -10.9, 268, 0.2, CH, 0, 0
972, -11.4, 268, 0.3, CH, 0, 0
973, -12.4, 268, 0.3, CH, 0, 0
974, -10.8, 267, 0.3, CH, 0, 0
975, -10.6, 267, 0.2, CH, 0, 0
976, -9.9, 267, 0.2, CH, 0, 0
977, -9.9, 266, 0.2, CH, 0, 0
978, -9.5, 266, 0.3, CH, 0, 0
979, -10.6, 265, 0.3, CH, 0, 0
980, -10.9, 265, 0.3, CH, 0, 0
981, -11.2, 264, 0.2, CH, 0, 0
982, -9.5, 264, 0.2, CH, 0, 0
983, -9.4, 264, 0.3, CH, 0, 0
984, -10.1, 263, 0.3, CH, 0, 0
985, -11.6, 263, 0.2, CH, 0, 0
986, -10.8, 263, 0.2, CH, 0, 0
987, -9.6, 262, 0.2, CH, 0, 0
988, -8.9, 262, 0.2, CH, 0, 0
989, -8.9, 261, 0.2, CH, 0, 0
990, -9.7, 261, 0.3, CH, 0, 0
991, -10.1, 260, 0.3, CH, 0, 0
992, -9.3, 260, 0.3, CH, 0, 0
993, -8.6, 259, 0.3, CH, 0, 0
994, -10.0, 259, 0.3, CH, 0, 0
995, -10.0, 259, 0.3, CH, 0, 0
996, -10.1, 259, 0.3, CH, 0, 0
997, -10.4, 259, 0.3, CH, 0, 0
998, -10.4, 259, 0.3, CH, 0, 0
999, -10.0, 258, 0.3, CH, 0, 0
1000, -9.8, 258, 0.3, CH, 0, 0
1001, -9.7, 258, 0.3, CH, 0, 0
1002, -11.4, 259, 0.3, CH, 0, 0
1003, -11.7, 259, 0.3, CH, 0, 0
1004, -9.7, 259, 0.3, CH, 0, 0
1005, -9.5, 259, 0.3, CH, 0, 0
1006, -10.2, 259, 0.3, CH, 0, 0
1007, -10.7, 259, 0.3, CH, 0, 0
1008, -12.5, 260, 0.3, CH, 0, 0
1009, -12.6, 261, 0.3, CH, 0, 0
1010, -15.8, 261, 0.3, CH, 0, 0
1011, -11.5, 262, 0.3, CH, 0, 0
1012, -11.2, 262, 0.3, CH, 0, 0
1013, -11.9, 262, 0.3, CH, 0, 0
1014, -12.1, 263, 0.3, CH, 0, 0
1015, -12.1, 263, 0.3, CH, 0, 0
1016, -11.9, 264, 0.3, CH, 0, 0
1017, -11.7, 264, 0.3, CH, 0, 0
1018, -11.8, 264, 0.3, CH, 0, 0
1019, -11.7, 264, 0.3, CH, 0, 0
1020, -12.0, 265, 0.3, CH, 0, 0
1021, -12.1, 265, 0.3, CH, 0, 0
1022, -11.3, 265, 0.3, CH, 0, 0
1023, -11.0, 265, 0.3, CH, 0, 0
1024, -11.8, 266, 0.3, CH, 0, 0
1025, -12.8, 266, 0.3, CH, 0, 0
1026, -12.2, 266, 0.3, CH, 0, 0
1027, -11.3, 266, 0.3, CH, 0, 0
1028, -10.9, 265, 0.3, CH, 0, 0
1029, -10.8, 265, 0.3, CH, 0, 0
1030, -7.3, 265, 0.3, CH, 0, 0
1031, -11.6, 265, 0.2, CH, 0, 0
1032, -11.9, 265, 0.2, CH, 0, 0
1033, -11.0, 265, 0.2, CH, 0, 0
1034, -10.0, 265, 0.2, CH, 0, 0
1035, -10.2, 265, 0.2, CH, 0, 0
1036, -10.9, 264, 0.2, CH, 0, 0
1037, -11.2, 264, 0.2, CH, 0, 0
1038, -11.5, 264, 0.2, CH, 0, 0
1039, -10.6, 264, 0.2, CH, 0, 0
1040, -10.1, 264, 0.2, CH, 0, 0
1041, -9.5, 263, 0.2, CH, 0, 0
1042, -10.6, 263, 0.2, CH, 0, 0
1043, -10.7, 263, 0.2, CH, 0, 0
1044, -10.4, 262, 0.2, CH, 0, 0
1045, -9.0, 262, 0.2, CH, 0, 0
1046, -9.8, 261, 0.3, CH, 0, 0
1047, -10.3, 261, 0.3, CH, 0, 0
1048, -10.2, 261, 0.3, CH, 0, 0
1049, -9.9, 260, 0.3, CH, 0, 0
1050, -11.0, 260, 0.3, CH, 0, 0
1051, -9.2, 259, 0.3, CH, 0, 0
1052, -8.6, 259, 0.3, CH, 0, 0
1053, -9.9, 258, 0.3, CH, 0, 0
1054, -10.9, 258, 0.3, CH, 0, 0
1055, -11.6, 258, 0.3, CH, 0, 0
1056, -9.8, 258, 0.3, CH, 0, 0
1057, -9.0, 258, 0.3, CH, 0, 0
1058, -9.0, 258, 0.3, CH, 0, 0
1059, -10.3, 258, 0.3, CH, 0, 0
1060, -10.8, 258, 0.3, CH, 0, 0
1061, -11.4, 258, 0.3, CH, 0, 0
1062, -10.7, 259, 0.3, CH, 0, 0
1063, -10.3, 259, 0.3, CH, 0, 0
1064, -10.1, 259, 0.3, CH, 0, 0
1065, -11.1, 259, 0.3, CH, 0, 0
1066, -11.3, 260, 0.3, CH, 0, 0
1067, -11.9, 260, 0.3, CH, 0, 0
1068, -11.0, 260, 0.3, CH, 0, 0
1069, -11.5, 261, 0.3, CH, 0, 0
1070, -10.9, 261, 0.3, CH, 0, 0
1071, -13.0, 262, 0.3, CH, 0, 0
1072, -12.6, 263, 0.3, CH, 0, 0
1073, -11.7, 264, 0.3, CH, 0, 0
1074, -10.9, 264, 0.3, CH, 0, 0
1075, -11.1, 264, 0.3, CH, 0, 0
1076, -12.3, 265, 0.3, CH, 0, 0
1077, -13.1, 265, 0.3, CH, 0, 0
1078, -13.4, 265, 0.3, CH, 0, 0
1079, -12.6, 265, 0.3, CH, 0, 0
1080, -11.5, 266, 0.3, CH, 0, 0
1081, -11.7, 266, 0.3, CH, 0, 0
1082, -13.5, 266, 0.3, CH, 0, 0
1083, -12.5, 266, 0.3, CH, 0, 0
1084, -12.5, 267, 0.3, CH, 0, 0
1085, -11.7, 267, 0.3, CH, 0, 0
1086, -11.4, 267, 0.3, CH, 0, 0
1087, -10.7, 267, 0.3, CH, 0, 0
1088, -12.0, 267, 0.2, CH, 0, 0
1089, -12.1, 267, 0.2, CH, 0, 0
1090, -13.1, 267, 0.2, CH, 0, 0
1091, -10.3, 267, 0.3, CH, 0, 0
1092, -11.2, 267, 0.3, CH, 0, 0
1093, -11.6, 266, 0.3, CH, 0, 0
1094, -15.7, 266, 0.3, CH, 0, 0
1095, -11.1, 266, 0.2, CH, 0, 0
1096, -13.6, 266, 0.2, CH, 0, 0
1097, -10.4, 267, 0.2, CH, 0, 0
1098, -9.9, 266, 0.2, CH, 0, 0
1099, -10.6, 266, 0.2, CH, 0, 0
1100, -11.6, 266, 0.3, CH, 0, 0
1101, -11.3, 265, 0.2, CH, 0, 0
1102, -8.1, 265, 0.3, CH, 0, 0
1103, -9.7, 265, 0.3, CH, 0, 0
1104, -14.8, 264, 0.3, CH, 0, 0
1105, -10.4, 264, 0.3, CH, 0, 0
1106, -10.8, 263, 0.3, CH, 0, 0
1107, -11.3, 263, 0.3, CH, 0, 0
1108, -9.6, 263, 0.2, CH, 0, 0
1109, -9.5, 263, 0.2, CH, 0, 0
1110, -8.7, 262, 0.2, CH, 0, 0
1111, -10.2, 262, 0.2, CH, 0, 0
1112, -10.2, 262, 0.2, CH, 0, 0
1113, -10.2, 262, 0.2, CH, 0, 0
1114, -5.7, 261, 0.2, CH, 0, 0
1115, -10.7, 261, 0.2, CH, 0, 0
1116, -7.3, 261, 0.3, CH, 0, 0
1117, -10.1, 260, 0.3, CH, 0, 0
1118, -10.4, 260, 0.3, CH, 0, 0
1119, -9.9, 260, 0.3, CH, 0, 0
1120, -9.5, 260, 0.3, CH, 0, 0
1121, -9.6, 261, 0.3, CH, 0, 0
1122, -11.9, 261, 0.3, CH, 0, 0
1123, -11.8, 262, 0.3, CH, 0, 0
1124, -6.7, 262, 0.3, CH, 0, 0
1125, -10.8, 263, 0.3, CH, 0, 0
1126, -10.8, 263, 0.3, CH, 0, 0
1127, -10.8, 264, 0.3, CH, 0, 0
1128, -12.3, 264, 0.3, CH, 0, 0
1129, -12.4, 264, 0.3, CH, 0, 0
1130, -11.7, 265, 0.2, CH, 0, 0
1131, -12.0, 266, 0.2, CH, 0, 0
1132, -11.9, 266, 0.3, CH, 0, 0
1133, -11.7, 267, 0.3, CH, 0, 0
1134, -13.5, 267, 0.3, CH, 0, 0
1135, -12.0, 268, 0.3, CH, 0, 0
1136, -12.6, 268, 0.3, CH, 0, 0
1137, -12.7, 269, 0.3, CH, 0, 0
1138, -12.9, 269, 0.2, CH, 0, 0
1139, -12.4, 269, 0.2, CH, 0, 0
1140, -13.3, 270, 0.2, CH, 0, 0
1141, -12.2, 270, 0.2, CH, 0, 0
1142, -11.7, 270, 0.2, CH, 0, 0
1143, -11.5, 270, 0.2, CH, 0, 0
1144, -12.6, 270, 0.2, CH, 0, 0
1145, -12.8, 270, 0.2, CH, 0, 0
1146, -12.7, 270, 0.2, CH, 0, 0
1147, -13.7, 270, 0.2, CH, 0, 0
1148, -11.7, 270, 0.2, CH, 0, 0
1149, -11.4, 270, 0.2, CH, 0, 0
1150, -12.1, 269, 0.3, CH, 0, 0
1151, -12.6, 269, 0.3, CH, 0, 0
1152, -12.7, 270, 0.2, CH, 0, 0
1153, -11.4, 269, 0.2, CH, 0, 0
1154, -10.8, 269, 0.2, CH, 0, 0
1155, -11.2, 269, 0.2, CH, 0, 0
1156, -12.4, 269, 0.3, CH, 0, 0
1157, -11.8, 269, 0.3, CH, 0, 0
1158, -12.4, 268, 0.3, CH, 0, 0
1159, -12.0, 268, 0.3, CH, 0, 0
1160, -11.8, 268, 0.3, CH, 0, 0
1161, -11.8, 268, 0.3, CH, 0, 0
1162, -11.7, 268, 0.3, CH, 0, 0
1163, -12.0, 268, 0.3, CH, 0, 0
1164, -11.6, 268, 0.3, CH, 0, 0
1165, -11.0, 268, 0.3, CH, 0, 0
1166, -10.5, 267, 0.3, CH, 0, 0
1167, -9.9, 267, 0.3, CH, 0, 0
1168, -8.8, 267, 0.3, CH, 0, 0
1169, -11.1, 267, 0.3, CH, 0, 0
1170, -10.4, 266, 0.3, CH, 0, 0
1171, -9.9, 266, 0.3, CH, 0, 0
1172, -9.8, 265, 0.3, CH, 0, 0
1173, -11.2, 265, 0.3, CH, 0, 0
1174, -11.4, 264, 0.3, CH, 0, 0
1175, -13.0, 264, 0.3, CH, 0, 0
1176, -11.0, 265, 0.3, CH, 0, 0
1177, -10.3, 265, 0.3, CH, 0, 0
1178, -9.5, 265, 0.3, CH, 0, 0
1179, -11.2, 265, 0.3, CH, 0, 0
1180, -11.0, 265, 0.3, CH, 0, 0
1181, -11.7, 265, 0.3, CH, 0, 0
1182, -11.6, 265, 0.3, CH, 0, 0
1183, -11.3, 266, 0.3, CH, 0, 0
1184, -11.3, 266, 0.3, CH, 0, 0
1185, -11.9, 267, 0.3, CH, 0, 0
1186, -12.6, 267, 0.3, CH, 0, 0
1187, -11.7, 267, 0.3, CH, 0, 0
1188, -14.4, 268, 0.3, CH, 0, 0
1189, -12.4, 269, 0.3, CH, 0, 0
1190, -12.9, 269, 0.3, CH, 0, 0
1191, -13.8, 270, 0.3, CH, 0, 0
1192, -14.0, 271, 0.3, CH, 0, 0
1193, -13.1, 271, 0.3, CH, 0, 0
1194, -12.3, 272, 0.3, CH, 0, 0
1195, -11.3, 272, 0.3, CH, 0, 0
1196, -14.6, 272, 0.3, CH, 0, 0
1197, -7.4, 273, 0.3, CH, 0, 0
1198, -13.5, 273, 0.2, CH, 0, 0
1199, -12.9, 273, 0.2, CH, 0, 0
1200, -12.3, 274, 0.2, CH, 0, 0
1201, -12.5, 274, 0.3, CH, 0, 0
1202, -13.7, 274, 0.2, CH, 0, 0
1203, -13.5, 274, 0.2, CH, 0, 0
1204, -12.7, 274, 0.2, CH, 0, 0
1205, -12.5, 274, 0.2, CH, 0, 0
1206, -12.2, 274, 0.2, CH, 0, 0
1207, -13.1, 274, 0.2, CH, 0, 0
1208, -12.2, 274, 0.2, CH, 0, 0
1209, -12.9, 273, 0.2, CH, 0, 0
1210, -12.2, 273, 0.2, CH, 0, 0
1211, -11.5, 273, 0.2, CH, 0, 0
1212, -11.6, 273, 0.2, CH, 0, 0
1213, -12.1, 273, 0.2, CH, 0, 0
1214, -12.7, 272, 0.2, CH, 0, 0
1215, -11.9, 272, 0.2, CH, 0, 0
1216, -9.4, 272, 0.2, CH, 0, 0
1217, -17.6, 271, 0.2, CH, 0, 0
1218, -12.1, 271, 0.2, CH, 0, 0
1219, -12.3, 271, 0.2, CH, 0, 0
1220, -12.9, 271, 0.2, CH, 0, 0
1221, -12.4, 271, 0.2, CH, 0, 0
1222, -12.3, 271, 0.2, CH, 0, 0
1223, -7.9, 270, 0.2, CH, 0, 0
1224, -12.2, 270, 0.2, CH, 0, 0
1225, -12.2, 270, 0.2, CH, 0, 0
1226, -9.8, 270, 0.2, CH, 0, 0
1227, -11.3, 270, 0.2, CH, 0, 0
1228, -12.7, 270, 0.2, CH, 0, 0
1229, -10.4, 269, 0.2, CH, 0, 0
1230, -11.2, 269, 0.3, CH, 0, 0
1231, -12.3, 269, 0.3, CH, 0, 0
1232, -11.3, 269, 0.2, CH, 0, 0
1233, -11.3, 269, 0.2, CH, 0, 0
1234, -10.9, 268, 0.2, CH, 0, 0
1235, -11.5, 268, 0.2, CH, 0, 0
1236, -13.3, 268, 0.2, CH, 0, 0
1237, -12.3, 268, 0.2, CH, 0, 0
1238, -11.3, 268, 0.2, CH, 0, 0
1239, -11.3, 268, 0.2, CH, 0, 0
1240, -10.9, 268, 0.2, CH, 0, 0
1241, -11.6, 268, 0.2, CH, 0, 0
1242, -11.0, 269, 0.2, CH, 0, 0
1243, -16.1, 269, 0.2, CH, 0, 0
1244, -11.7, 269, 0.2, CH, 0, 0
1245, -12.6, 270, 0.2, CH, 0, 0
1246, -14.1, 270, 0.2, CH, 0, 0
1247, -11.8, 271, 0.2, CH, 0, 0
1248, -12.3, 271, 0.2, CH, 0, 0
1249, -13.5, 271, 0.2, CH, 0, 0
1250, -13.3, 272, 0.2, CH, 0, 0
1251, -12.2, 272, 0.2, CH, 0, 0
1252, -12.9, 273, 0.3, CH, 0, 0
1253, -13.0, 273, 0.3, CH, 0, 0
1254, -13.3, 273, 0.3, CH, 0, 0
1255, -13.4, 274, 0.2, CH, 0, 0
1256, -12.3, 274, 0.2, CH, 0, 0
1257, -12.7, 274, 0.2, CH, 0, 0
1258, -12.4, 275, 0.2, CH, 0, 0
1259, -13.7, 275, 0.2, CH, 0, 0
1260, -11.6, 275, 0.2, CH, 0, 0
1261, -12.1, 275, 0.2, CH, 0, 0
1262, -11.3, 275, 0.2, CH, 0, 0
1263, -10.9, 274, 0.2, CH, 0, 0
1264, -13.1, 274, 0.2, CH, 0, 0
1265, -12.7, 273, 0.2, CH, 0, 0
1266, -12.3, 272, 0.2, CH, 0, 0
1267, -13.6, 272, 0.2, CH, 0, 0
1268, -10.8, 271, 0.2, CH, 0, 0
1269, -10.5, 271, 0.2, CH, 0, 0
1270, -11.6, 270, 0.2, CH, 0, 0
1271, -11.4, 270, 0.2, CH, 0, 0
1272, -11.5, 269, 0.2, CH, 0, 0
1273, -10.9, 269, 0.1, CH, 0, 0
1274, -10.8, 268, 0.1, CH, 0, 0
1275, -9.5, 267, 0.1, CH, 0, 0
1276, -9.7, 266, 0.2, CH, 0, 0
1277, -10.2, 265, 0.2, CH, 0, 0
1278, -11.2, 265, 0.2, CH, 0, 0
1279, -10.2, 265, 0.2, CH, 0, 0
1280, -11.3, 265, 0.2, CH, 0, 0
1281, -10.6, 264, 0.3, CH, 0, 0
1282, -10.8, 264, 0.3, CH, 0, 0
1283, -11.0, 264, 0.3, CH, 0, 0
1284, -8.8, 263, 0.2, CH, 0, 0
1285, -8.7, 263, 0.3, CH, 0, 0
1286, -9.2, 263, 0.3, CH, 0, 0
1287, -10.9, 263, 0.3, CH, 0, 0
1288, -11.4, 263, 0.3, CH, 0, 0
1289, -11.2, 263, 0.3, CH, 0, 0
1290, -10.2, 262, 0.3, CH, 0, 0
1291, -9.2, 262, 0.2, CH, 0, 0
1292, -9.5, 262, 0.3, CH, 0, 0
1293, -9.9, 262, 0.3, CH, 0, 0
1294, -10.3, 262, 0.3, CH, 0, 0
1295, -10.9, 262, 0.3, CH, 0, 0
1296, -10.8, 262, 0.3, CH, 0, 0
1297, -10.0, 262, 0.3, CH, 0, 0
1298, -9.5, 262, 0.3, CH, 0, 0
1299, -10.0, 262, 0.3, CH, 0, 0
1300, -10.8, 262, 0.3, CH, 0, 0
1301, -10.6, 262, 0.3, CH, 0, 0
1302, -10.6, 262, 0.3, CH, 0, 0
1303, -10.5, 262, 0.3, CH, 0, 0
1304, -11.2, 262, 0.3, CH, 0, 0
1305, -11.2, 263, 0.3, CH, 0, 0
1306, -12.4, 263, 0.3, CH, 0, 0
1307, -8.8, 263, 0.3, CH, 0, 0
1308, -10.5, 264, 0.3, CH, 0, 0
1309, -11.3, 264, 0.3, CH, 0, 0
1310, -11.3, 265, 0.3, CH, 0, 0
1311, -13.0, 266, 0.3, CH, 0, 0
1312, -13.2, 266, 0.3, CH, 0, 0
1313, -12.6, 267, 0.3, CH, 0, 0
1314, -11.8, 267, 0.3, CH, 0, 0
1315, -12.3, 268, 0.3, CH, 0, 0
1316, -12.2, 268, 0.3, CH, 0, 0
1317, -13.5, 269, 0.3, CH, 0, 0
1318, -13.2, 270, 0.3, CH, 0, 0
1319, -12.7, 270, 0.3, CH, 0, 0
1320, -12.0, 270, 0.3, CH, 0, 0
1321, -12.2, 271, 0.3, CH, 0, 0
1322, -13.7, 271, 0.3, CH, 0, 0
1323, -12.7, 271, 0.3, CH, 0, 0
1324, -12.5, 271, 0.3, CH, 0, 0
1325, -12.1, 271, 0.2, CH, 0, 0
1326, -11.8, 272, 0.3, CH, 0, 0
1327, -12.2, 271, 0.3, CH, 0, 0
1328, -12.4, 271, 0.3, CH, 0, 0
1329, -12.2, 271, 0.3, CH, 0, 0
1330, -12.1, 271, 0.3, CH, 0, 0
1331, -12.0, 270, 0.3, CH, 0, 0
1332, -10.3, 270, 0.3, CH, 0, 0
1333, -11.7, 270, 0.3, CH, 0, 0
1334, -12.0, 269, 0.3, CH, 0, 0
1335, -12.2, 269, 0.3, CH, 0, 0
1336, -10.8, 268, 0.3, CH, 0, 0
1337, -10.0, 268, 0.3, CH, 0, 0
1338, -10.3, 267, 0.3, CH, 0, 0
1339, -11.5, 267, 0.3, CH, 0, 0
1340, -12.1, 266, 0.3, CH, 0, 0
1341, -12.3, 266, 0.3, CH, 0, 0
1342, -9.5, 266, 0.3, CH, 0, 0
1343, -10.0, 266, 0.3, CH, 0, 0
1344, -10.5, 265, 0.3, CH, 0, 0
1345, -12.3, 265, 0.3, CH, 0, 0
1346, -12.2, 265, 0.3, CH, 0, 0
1347, -11.0, 265, 0.3, CH, 0, 0
1348, -11.1, 265, 0.2, CH, 0, 0
1349, -9.9, 264, 0.2, CH, 0, 0
1350, -10.3, 264, 0.2, CH, 0, 0
1351, -9.5, 264, 0.2, CH, 0, 0
1352, -10.8, 263, 0.2, CH, 0, 0
1353, -10.1, 263, 0.2, CH, 0, 0
1354, -9.5, 263, 0.2, CH, 0, 0
1355, -9.8, 263, 0.2, CH, 0, 0
1356, -12.1, 263, 0.2, CH, 0, 0
1357, -10.8, 263, 0.2, CH, 0, 0
1358, -10.7, 263, 0.2, CH, 0, 0
1359, -9.9, 263, 0.2, CH, 0, 0
1360, -9.9, 263, 0.2, CH, 0, 0
1361, -9.5, 263, 0.2, CH, 0, 0
1362, -10.8, 263, 0.2, CH, 0, 0
1363, -11.7, 264, 0.2, CH, 0, 0
1364, -10.7, 264, 0.2, CH, 0, 0
1365, -11.3, 264, 0.2, CH, 0, 0
1366, -10.7, 264, 0.2, CH, 0, 0
1367, -10.7, 264, 0.2, CH, 0, 0
1368, -10.8, 265, 0.3, CH, 0, 0
1369, -12.3, 265, 0.2, CH, 0, 0
1370, -11.9, 265, 0.3, CH, 0, 0
1371, -11.7, 266, 0.3, CH, 0, 0
1372, -11.9, 266, 0.3, CH, 0, 0
1373, -12.5, 267, 0.3, CH, 0, 0
1374, -12.5, 267, 0.3, CH, 0, 0
1375, -13.0, 268, 0.3, CH, 0, 0
1376, -10.8, 269, 0.3, CH, 0, 0
1377, -11.9, 269, 0.3, CH, 0, 0
1378, -12.6, 270, 0.3, CH, 0, 0
1379, -17.2, 270, 0.3, CH, 0, 0
1380, -13.0, 270, 0.3, CH, 0, 0
1381, -12.8, 270, 0.3, CH, 0, 0
1382, -11.9, 271, 0.3, CH, 0, 0
1383, -11.2, 271, 0.3, CH, 0, 0
1384, -11.8, 271, 0.3, CH, 0, 0
1385, -10.7, 270, 0.3, CH, 0, 0
1386, -12.6, 270, 0.3, CH, 0, 0
1387, -11.4, 270, 0.3, CH, 0, 0
1388, -11.3, 270, 0.3, CH, 0, 0
1389, -11.1, 270, 0.3, CH, 0, 0
1390, -11.5, 270, 0.3, CH, 0, 0
1391, -12.0, 270, 0.3, CH, 0, 0
1392, -11.7, 270, 0.2, CH, 0, 0
1393, -10.8, 269, 0.2, CH, 0, 0
1394, -12.1, 269, 0.2, CH, 0, 0
1395, -10.5, 269, 0.2, CH, 0, 0
1396, -12.4, 268, 0.2, CH, 0, 0
1397, -11.4, 268, 0.2, CH, 0, 0
1398, -10.8, 268, 0.2, CH, 0, 0
1399, -6.9, 267, 0.2, CH, 0, 0
1400, -9.5, 267, 0.2, CH, 0, 0
1401, -10.2, 266, 0.2, CH, 0, 0
1402, -10.2, 266, 0.3, CH, 0, 0
1403, -10.8, 266, 0.3, CH, 0, 0
1404, -10.3, 265, 0.3, CH, 0, 0
1405, -11.7, 264, 0.2, CH, 0, 0
1406, -3.9, 264, 0.2, CH, 0, 0
1407, -12.0, 264, 0.2, CH, 0, 0
1408, -10.4, 264, 0.3, CH, 0, 0
1409, -10.4, 263, 0.3, CH, 0, 0
1410, -11.1, 263, 0.2, CH, 0, 0
1411, -3.7, 262, 0.2, CH, 0, 0
1412, -8.9, 262, 0.2, CH, 0, 0
1413, -10.0, 261, 0.3, CH, 0, 0
1414, -10.3, 261, 0.3, CH, 0, 0
1415, -10.9, 261, 0.3, CH, 0, 0
1416, -7.8, 260, 0.3, CH, 0, 0
1417, -8.9, 260, 0.3, CH, 0, 0
1418, -9.2, 259, 0.3, CH, 0, 0
1419, -9.0, 259, 0.3, CH, 0, 0
1420, -11.2, 259, 0.3, CH, 0, 0
1421, -11.0, 259, 0.3, CH, 0, 0
1422, -11.4, 260, 0.3, CH, 0, 0
1423, -10.8, 261, 0.3, CH, 0, 0
1424, -11.5, 261, 0.3, CH, 0, 0
1425, -9.6, 261, 0.3, CH, 0, 0
1426, -11.6, 262, 0.3, CH, 0, 0
1427, -10.0, 262, 0.3, CH, 0, 0
1428, -11.4, 262, 0.3, CH, 0, 0
1429, -11.1, 263, 0.3, CH, 0, 0
1430, -10.8, 264, 0.3, CH, 0, 0
1431, -12.7, 265, 0.3, CH, 0, 0
1432, -13.4, 265, 0.3, CH, 0, 0
1433, -12.6, 266, 0.3, CH, 0, 0
1434, -12.0, 267, 0.3, CH, 0, 0
1435, -11.9, 267, 0.3, CH, 0, 0
1436, -13.0, 268, 0.3, CH, 0, 0
1437, -14.2, 269, 0.3, CH, 0, 0
1438, -13.1, 270, 0.3, CH, 0, 0
1439, -12.5, 270, 0.3, CH, 0, 0
1440, -11.8, 270, 0.3, CH, 0, 0
1441, -12.4, 271, 0.3, CH, 0, 0
1442, -12.5, 271, 0.3, CH, 0, 0
1443, -12.4, 271, 0.3, CH, 0, 0
1444, -12.1, 271, 0.3, CH, 0, 0
1445, -11.9, 271, 0.3, CH, 0, 0
1446, -11.9, 271, 0.3, CH, 0, 0
1447, -12.3, 271, 0.3, CH, 0, 0
1448, -13.0, 271, 0.3, CH, 0, 0
1449, -12.6, 272, 0.3, CH, 0, 0
1450, -12.7, 271, 0.3, CH, 0, 0
1451, -11.8, 271, 0.2, CH, 0, 0
1452, -10.8, 271, 0.3, CH, 0, 0
1453, -12.1, 271, 0.2, CH, 0, 0
1454, -12.3, 271, 0.2, CH, 0, 0
1455, -11.7, 270, 0.2, CH, 0, 0
1456, -11.6, 270, 0.2, CH, 0, 0
1457, -10.3, 269, 0.2, CH, 0, 0
1458, -10.8, 269, 0.2, CH, 0, 0
1459, -12.8, 269, 0.2, CH, 0, 0
1460, -11.2, 268, 0.2, CH, 0, 0
1461, -11.4, 268, 0.2, CH, 0, 0
1462, -10.0, 268, 0.2, CH, 0, 0
1463, -10.5, 267, 0.2, CH, 0, 0
1464, -9.3, 267, 0.2, CH, 0, 0
1465, -11.8, 266, 0.2, CH, 0, 0
1466, -10.1, 265, 0.2, CH, 0, 0
1467, -14.2, 265, 0.2, CH, 0, 0
1468, -9.3, 264, 0.2, CH, 0, 0
1469, -9.8, 264, 0.2, CH, 0, 0
1470, -10.0, 263, 0.2, CH, 0, 0
1471, -10.5, 263, 0.2, CH, 0, 0
1472, -10.6, 262, 0.2, CH, 0, 0
1473, -13.9, 262, 0.2, CH, 0, 0
1474, -9.9, 262, 0.2, CH, 0, 0
1475, -10.2, 261, 0.2, CH, 0, 0
1476, -9.3, 261, 0.2, CH, 0, 0
1477, -11.8, 261, 0.2, CH, 0, 0
1478, -11.6, 261, 0.2, CH, 0, 0
1479, -9.7, 261, 0.2, CH, 0, 0
1480, -9.9, 261, 0.2, CH, 0, 0
1481, -10.7, 261, 0.2, CH, 0, 0
1482, -11.9, 261, 0.2, CH, 0, 0
1483, -11.6, 262, 0.2, CH, 0, 0
1484, -12.1, 262, 0.2, CH, 0, 0
1485, -10.9, 263, 0.2, CH, 0, 0
1486, -10.4, 263, 0.2, CH, 0, 0
1487, -7.4, 264, 0.2, CH, 0, 0
1488, -11.9, 264, 0.2, CH, 0, 0
1489, -12.2, 265, 0.2, CH, 0, 0
1490, -11.9, 265, 0.2, CH, 0, 0
1491, -11.4, 266, 0.2, CH, 0, 0
1492, -12.0, 266, 0.2, CH, 0, 0
1493, -7.5, 267, 0.2, CH, 0, 0
1494, -12.8, 268, 0.2, CH, 0, 0
1495, -13.1, 269, 0.2, CH, 0, 0
1496, -12.8, 269, 0.2, CH, 0, 0
1497, -11.7, 270, 0.2, CH, 0, 0
1498, -11.5, 271, 0.2, CH, 0, 0
1499, -12.3, 271, 0.2, CH, 0, 0
1500, -14.4, 272, 0.2, CH, 0, 0
1501, -11.9, 272, 0.2, CH, 0, 0
1502, -12.1, 272, 0.2, CH, 0, 0
1503, -12.0, 272, 0.2, CH, 0, 0
1504, -12.8, 273, 0.2, CH, 0, 0
1505, -11.9, 273, 0.2, CH, 0, 0
1506, -13.7, 273, 0.2, CH, 0, 0
1507, -14.5, 273, 0.2, CH, 0, 0
1508, -12.6, 273, 0.2, CH, 0, 0
1509, -12.0, 273, 0.2, CH, 0, 0
1510, -11.6, 274, 0.3, CH, 0, 0
1511, -12.9, 274, 0.2, CH, 0, 0
1512, -12.5, 274, 0.2, CH, 0, 0
1513, -13.1, 274, 0.2, CH, 0, 0
1514, -11.3, 274, 0.2, CH, 0, 0
1515, -11.0, 274, 0.3, CH, 0, 0
1516, -12.9, 274, 0.2, CH, 0, 0
1517, -11.3, 273, 0.3, CH, 0, 0
1518, -12.1, 273, 0.3, CH, 0, 0
1519, 0.1, 272, 0.3, CH, 0, 0
1520, -9.8, 272, 0.3, CH, 0, 0
1521, -11.2, 272, 0.3, CH, 0, 0
1522, -11.1, 272, 0.3, CH, 0, 0
1523, -11.9, 271, 0.3, CH, 0, 0
1524, -12.0, 271, 0.3, CH, 0, 0
1525, -12.1, 270, 0.3, CH, 0, 0
1526, -10.7, 270, 0.3, CH, 0, 0
1527, -10.3, 270, 0.3, CH, 0, 0
1528, -11.0, 269, 0.3, CH, 0, 0
1529, -11.2, 269, 0.3, CH, 0, 0
1530, -10.4, 268, 0.3, CH, 0, 0
1531, -10.1, 267, 0.3, CH, 0, 0
1532, -9.6, 266, 0.3, CH, 0, 0
1533, -9.5, 266, 0.3, CH, 0, 0
1534, -11.1, 265, 0.3, CH, 0, 0
1535, -11.3, 265, 0.3, CH, 0, 0
1536, -12.0, 265, 0.3, CH, 0, 0
1537, -10.6, 265, 0.3, CH, 0, 0
1538, -10.3, 264, 0.3, CH, 0, 0
1539, -22.1, 264, 0.3, CH, 0, 0
1540, -11.7, 264, 0.3, CH, 0, 0
1541, -10.8, 264, 0.3, CH, 0, 0
1542, -10.4, 264, 0.2, CH, 0, 0
1543, -9.9, 264, 0.2, CH, 0, 0
1544, -9.2, 263, 0.2, CH, 0, 0
1545, -10.1, 263, 0.3, CH, 0, 0
1546, -10.7, 263, 0.3, CH, 0, 0
1547, -9.6, 263, 0.3, CH, 0, 0
1548, -10.9, 263, 0.3, CH, 0, 0
1549, -10.4, 263, 0.3, CH, 0, 0
1550, -11.3, 263, 0.3, CH, 0, 0
1551, -11.5, 263, 0.3, CH, 0, 0
1552, -11.8, 264, 0.3, CH, 0, 0
1553, -11.0, 264, 0.3, CH, 0, 0
1554, -10.5, 264, 0.3, CH, 0, 0
1555, -10.5, 264, 0.3, CH, 0, 0
1556, -8.6, 264, 0.3, CH, 0, 0
1557, -12.3, 264, 0.3, CH, 0, 0
1558, -4.2, 264, 0.3, CH, 0, 0
1559, -10.7, 264, 0.3, CH, 0, 0
1560, -10.0, 264, 0.3, CH, 0, 0
1561, -11.2, 264, 0.3, CH, 0, 0
1562, -10.7, 264, 0.3, CH, 0, 0
1563, -7.5, 264, 0.3, CH, 0, 0
1564, -11.7, 264, 0.3, CH, 0, 0
1565, -10.0, 264, 0.3, CH, 0, 0
1566, -10.4, 264, 0.3, CH, 0, 0
1567, -10.1, 264, 0.3, CH, 0, 0
1568, -10.3, 263, 0.3, CH, 0, 0
1569, -11.6, 263, 0.3, CH, 0, 0
1570, -10.6, 263, 0.3, CH, 0, 0
1571, -10.4, 263, 0.3, CH, 0, 0
1572, -10.3, 263, 0.3, CH, 0, 0
1573, -10.8, 263, 0.3, CH, 0, 0
1574, -10.5, 263, 0.3, CH, 0, 0
1575, -11.4, 262, 0.3, CH, 0, 0
1576, -9.9, 262, 0.3, CH, 0, 0
1577, -8.6, 262, 0.3, CH, 0, 0
1578, -16.7, 262, 0.3, CH, 0, 0
1579, -10.3, 261, 0.3, CH, 0, 0
1580, -10.5, 261, 0.3, CH, 0, 0
1581, -11.2, 261, 0.3, CH, 0, 0
1582, -11.6, 261, 0.3, CH, 0, 0
1583, -13.1, 260, 0.3, CH, 0, 0
1584, -10.0, 260, 0.3, CH, 0, 0
1585, -10.1, 260, 0.3, CH, 0, 0
1586, -9.9, 259, 0.3, CH, 0, 0
1587, -9.7, 259, 0.3, CH, 0, 0
1588, -10.1, 259, 0.3, CH, 0, 0
1589, -9.1, 258, 0.3, CH, 0, 0
1590, -8.4, 258, 0.3, CH, 0, 0
1591, -9.0, 257, 0.3, CH, 0, 0
1592, -9.2, 256, 0.3, CH, 0, 0
1593, -9.4, 256, 0.3, CH, 0, 0
1594, -9.5, 255, 0.3, CH, 0, 0
1595, -7.9, 255, 0.3, CH, 0, 0
1596, -9.7, 255, 0.3, CH, 0, 0
1597, -9.4, 255, 0.3, CH, 0, 0
1598, -9.8, 255, 0.3, CH, 0, 0
1599, -9.4, 254, 0.3, CH, 0, 0
1600, -9.6, 255, 0.3, CH, 0, 0
1601, -8.3, 255, 0.2, CH, 0, 0
1602, -8.6, 255, 0.3, CH, 0, 0
1603, -11.5, 256, 0.2, CH, 0, 0
1604, -9.5, 256, 0.2, CH, 0, 0
1605, -10.6, 257, 0.2, CH, 0, 0
1606, -10.0, 257, 0.2, CH, 0, 0
1607, -10.5, 258, 0.2, CH, 0, 0
1608, -10.4, 258, 0.2, CH, 0, 0
1609, -10.6, 259, 0.2, CH, 0, 0
1610, -12.0, 260, 0.2, CH, 0, 0
1611, -10.5, 260, 0.2, CH, 0, 0
1612, -11.1, 261, 0.3, CH, 0, 0
1613, -11.1, 261, 0.3, CH, 0, 0
1614, -11.2, 262, 0.3, CH, 0, 0
1615, -12.0, 263, 0.3, CH, 0, 0
1616, -11.6, 263, 0.2, CH, 0, 0
1617, -11.4, 264, 0.2, CH, 0, 0
1618, -11.0, 265, 0.2, CH, 0, 0
1619, -12.2, 265, 0.2, CH, 0, 0
1620, -11.1, 265, 0.2, CH, 0, 0
1621, -11.8, 265, 0.2, CH, 0, 0
1622, -11.0, 265, 0.2, CH, 0, 0
1623, -9.7, 264, 0.2, CH, 0, 0
1624, -11.3, 264, 0.3, CH, 0, 0
1625, -11.0, 264, 0.3, CH, 0, 0
1626, -12.0, 264, 0.3, CH, 0, 0
1627, -11.9, 264, 0.3, CH, 0, 0
1628, -10.0, 264, 0.3, CH, 0, 0
1629, -10.4, 264, 0.3, CH, 0, 0
1630, -11.0, 264, 0.3, CH, 0, 0
1631, -12.3, 264, 0.3, CH, 0, 0
1632, -11.2, 264, 0.3, CH, 0, 0
1633, -10.4, 263, 0.3, CH, 0, 0
1634, -9.7, 263, 0.3, CH, 0, 0
1635, -9.4, 263, 0.3, CH, 0, 0
1636, -10.2, 262, 0.3, CH, 0, 0
1637, -10.7, 262, 0.3, CH, 0, 0
1638, -10.8, 262, 0.3, CH, 0, 0
1639, -9.2, 261, 0.3, CH, 0, 0
1640, -10.3, 261, 0.3, CH, 0, 0
1641, -9.2, 261, 0.3, CH, 0, 0
1642, -10.1, 261, 0.3, CH, 0, 0
1643, -10.4, 261, 0.3, CH, 0, 0
1644, -10.2, 261, 0.3, CH, 0, 0
1645, -9.8, 261, 0.3, CH, 0, 0
1646, -9.5, 260, 0.3, CH, 0, 0
1647, -10.3, 260, 0.3, CH, 0, 0
1648, -12.6, 260, 0.3, CH, 0, 0
1649, -9.9, 260, 0.3, CH, 0, 0
1650, -9.7, 260, 0.3, CH, 0, 0
1651, -9.4, 260, 0.3, CH, 0, 0
1652, -9.5, 259, 0.3, CH, 0, 0
1653, -9.9, 259, 0.3, CH, 0, 0
1654, -11.4, 259, 0.3, CH, 0, 0
1655, -11.7, 259, 0.2, CH, 0, 0
1656, -10.6, 260, 0.2, CH, 0, 0
1657, -9.0, 260, 0.2, CH, 0, 0
1658, -9.3, 260, 0.2, CH, 0, 0
1659, -10.5, 260, 0.2, CH, 0, 0
1660, -11.7, 260, 0.2, CH, 0, 0
1661, -11.4, 260, 0.2, CH, 0, 0
1662, -10.3, 260, 0.2, CH, 0, 0
1663, -10.3, 261, 0.2, CH, 0, 0
1664, -9.9, 261, 0.2, CH, 0, 0
1665, -10.8, 261, 0.2, CH, 0, 0
1666, -10.9, 261, 0.2, CH, 0, 0
1667, -10.3, 261, 0.2, CH, 0, 0
1668, -9.6, 261, 0.2, CH, 0, 0
1669, -11.2, 262, 0.2, CH, 0, 0
1670, -11.9, 262, 0.2, CH, 0, 0
1671, -10.9, 263, 0.2, CH, 0, 0
1672, -11.7, 264, 0.2, CH, 0, 0
1673, -11.7, 264, 0.2, CH, 0, 0
1674, -10.8, 264, 0.2, CH, 0, 0
1675, -10.5, 265, 0.2, CH, 0, 0
1676, -11.2, 265, 0.3, CH, 0, 0
1677, -13.0, 265, 0.3, CH, 0, 0
1678, -12.6, 266, 0.3, CH, 0, 0
1679, -11.5, 266, 0.3, CH, 0, 0
1680, -9.7, 266, 0.3, CH, 0, 0
1681, -10.8, 266, 0.3, CH, 0, 0
1682, -11.9, 266, 0.3, CH, 0, 0
1683, -12.2, 266, 0.3, CH, 0, 0
1684, -11.9, 266, 0.3, CH, 0, 0
1685, -11.2, 266, 0.3, CH, 0, 0
1686, -11.7, 267, 0.3, CH, 0, 0
1687, -10.3, 267, 0.3, CH, 0, 0
1688, -11.3, 266, 0.3, CH, 0, 0
1689, -11.8, 266, 0.3, CH, 0, 0
1690, -5.8, 266, 0.3, CH, 0, 0
1691, -10.8, 266, 0.3, CH, 0, 0
1692, -10.8, 266, 0.3, CH, 0, 0
1693, -11.2, 266, 0.3, CH, 0, 0
1694, -11.0, 266, 0.3, CH, 0, 0
1695, -11.0, 266, 0.3, CH, 0, 0
1696, -10.4, 265, 0.3, CH, 0, 0
1697, -9.8, 265, 0.3, CH, 0, 0
1698, -10.4, 265, 0.3, CH, 0, 0
1699, -11.0, 265, 0.3, CH, 0, 0
1700, -11.6, 265, 0.3, CH, 0, 0
1701, -10.6, 265, 0.3, CH, 0, 0
1702, -11.1, 264, 0.3, CH, 0, 0
1703, -9.8, 264, 0.3, CH, 0, 0
1704, -10.1, 264, 0.3, CH, 0, 0
1705, -10.6, 263, 0.3, CH, 0, 0
1706, -10.3, 263, 0.3, CH, 0, 0
1707, -12.7, 263, 0.3, CH, 0, 0
1708, -14.4, 263, 0.3, CH, 0, 0
1709, -9.1, 262, 0.3, CH, 0, 0
1710, -14.0, 262, 0.3, CH, 0, 0
1711, -10.2, 262, 0.3, CH, 0, 0
1712, -10.2, 261, 0.3, CH, 0, 0
1713, -9.6, 261, 0.3, CH, 0, 0
1714, -9.8, 261, 0.3, CH, 0, 0
1715, -9.5, 261, 0.3, CH, 0, 0
1716, -9.9, 260, 0.3, CH, 0, 0
1717, -10.7, 260, 0.3, CH, 0, 0
1718, -10.3, 260, 0.3, CH, 0, 0
1719, -10.1, 260, 0.3, CH, 0, 0
1720, -9.8, 260, 0.3, CH, 0, 0
1721, -10.7, 260, 0.3, CH, 0, 0
1722, -10.1, 260, 0.3, CH, 0, 0
1723, -11.4, 261, 0.3, CH, 0, 0
1724, -10.6, 261, 0.3, CH, 0, 0
1725, -10.4, 261, 0.3, CH, 0, 0
1726, -10.2, 262, 0.3, CH, 0, 0
1727, -9.2, 262, 0.3, CH, 0, 0
1728, -6.6, 262, 0.3, CH, 0, 0
1729, -12.5, 262, 0.3, CH, 0, 0
1730, -12.6, 263, 0.3, CH, 0, 0
1731, -11.7, 264, 0.3, CH, 0, 0
1732, -11.4, 264, 0.3, CH, 0, 0
1733, -11.9, 265, 0.3, CH, 0, 0
1734, -12.4, 265, 0.3, CH, 0, 0
1735, -13.0, 266, 0.3, CH, 0, 0
1736, -12.6, 267, 0.3, CH, 0, 0
1737, -12.1, 267, 0.3, CH, 0, 0
1738, -12.3, 268, 0.3, CH, 0, 0
1739, -13.5, 268, 0.3, CH, 0, 0
1740, -12.4, 268, 0.3, CH, 0, 0
1741, -11.7, 268, 0.3, CH, 0, 0
1742, -11.6, 268, 0.3, CH, 0, 0
1743, -11.3, 268, 0.3, CH, 0, 0
1744, -12.2, 268, 0.3, CH, 0, 0
1745, -12.4, 269, 0.3, CH, 0, 0
1746, -13.7, 269, 0.3, CH, 0, 0
1747, -7.9, 269, 0.3, CH, 0, 0
1748, -11.1, 269, 0.3, CH, 0, 0
1749, -11.2, 268, 0.3, CH, 0, 0
1750, -11.5, 268, 0.3, CH, 0, 0
1751, -11.7, 268, 0.3, CH, 0, 0
1752, -11.8, 268, 0.3, CH, 0, 0
1753, -12.5, 268, 0.3, CH, 0, 0
1754, -6.5, 268, 0.3, CH, 0, 0
1755, -10.3, 267, 0.3, CH, 0, 0
1756, -11.5, 267, 0.3, CH, 0, 0
1757, -11.0, 267, 0.3, CH, 0, 0
1758, -10.9, 267, 0.2, CH, 0, 0
1759, -10.4, 266, 0.2, CH, 0, 0
1760, -10.8, 266, 0.2, CH, 0, 0
1761, -10.9, 266, 0.2, CH, 0, 0
1762, -11.3, 266, 0.3, CH, 0, 0
1763, -11.1, 266, 0.3, CH, 0, 0
1764, -11.1, 266, 0.2, CH, 0, 0
1765, -10.0, 265, 0.2, CH, 0, 0
1766, -8.7, 265, 0.2, CH, 0, 0
1767, -15.0, 265, 0.2, CH, 0, 0
1768, -11.0, 265, 0.2, CH, 0, 0
1769, -10.2, 264, 0.2, CH, 0, 0
1770, -9.8, 264, 0.2, CH, 0, 0
1771, -9.7, 263, 0.3, CH, 0, 0
1772, -9.7, 263, 0.3, CH, 0, 0
1773, -9.3, 263, 0.3, CH, 0, 0
1774, -15.2, 262, 0.3, CH, 0, 0
1775, -11.1, 262, 0.3, CH, 0, 0
1776, -9.9, 262, 0.3, CH, 0, 0
1777, -9.6, 262, 0.3, CH, 0, 0
1778, -10.1, 262, 0.3, CH, 0, 0
1779, -9.8, 261, 0.3, CH, 0, 0
1780, -11.0, 261, 0.3, CH, 0, 0
1781, -11.3, 262, 0.3, CH, 0, 0
1782, -10.7, 262, 0.3, CH, 0, 0
1783, -11.1, 263, 0.3, CH, 0, 0
1784, -11.1, 263, 0.3, CH, 0, 0
1785, -11.6, 263, 0.3, CH, 0, 0
1786, -12.3, 264, 0.3, CH, 0, 0
1787, -11.6, 264, 0.3, CH, 0, 0
1788, -11.3, 265, 0.3, CH, 0, 0
1789, -12.2, 265, 0.3, CH, 0, 0
1790, -13.3, 266, 0.3, CH, 0, 0
1791, -13.0, 267, 0.3, CH, 0, 0
1792, -12.8, 267, 0.3, CH, 0, 0
1793, -12.3, 268, 0.3, CH, 0, 0
1794, -11.8, 268, 0.3, CH, 0, 0
1795, -12.6, 269, 0.3, CH, 0, 0
1796, -12.7, 269, 0.3, CH, 0, 0
1797, -13.5, 270, 0.3, CH, 0, 0
1798, -13.2, 270, 0.3, CH, 0, 0
1799, -12.3, 271, 0.3, CH, 0, 0
1800, -11.8, 271, 0.3, CH, 0, 0
1801, -11.7, 271, 0.3, CH, 0, 0
1802, -12.4, 271, 0.3, CH, 0, 0
1803, -13.2, 271, 0.3, CH, 0, 0
1804, -12.2, 271, 0.3, CH, 0, 0
1805, -12.2, 271, 0.3, CH, 0, 0
1806, -11.9, 272, 0.3, CH, 0, 0
1807, -11.6, 272, 0.3, CH, 0, 0
1808, -13.4, 271, 0.3, CH, 0, 0
1809, -12.3, 271, 0.3, CH, 0, 0
1810, -12.2, 271, 0.3, CH, 0, 0
1811, -12.9, 271, 0.3, CH, 0, 0
1812, -12.1, 271, 0.3, CH, 0, 0
1813, -12.1, 271, 0.3, CH, 0, 0
1814, -12.6, 271, 0.3, CH, 0, 0
1815, -11.1, 270, 0.3, CH, 0, 0
1816, -12.0, 270, 0.3, CH, 0, 0
1817, -11.0, 269, 0.3, CH, 0, 0
1818, -11.0, 269, 0.3, CH, 0, 0
1819, -12.0, 269, 0.3, CH, 0, 0
1820, -12.0, 268, 0.3, CH, 0, 0
1821, -13.0, 268, 0.3, CH, 0, 0
1822, -10.6, 268, 0.3, CH, 0, 0
1823, -9.7, 267, 0.3, CH, 0, 0
1824, -11.8, 267, 0.3, CH, 0, 0
1825, -11.3, 267, 0.3, CH, 0, 0
1826, -12.8, 266, 0.3, CH, 0, 0
1827, -11.0, 267, 0.3, CH, 0, 0
1828, -9.9, 267, 0.3, CH, 0, 0
1829, -10.3, 266, 0.3, CH, 0, 0
1830, -9.9, 266, 0.2, CH, 0, 0
1831, -9.4, 266, 0.2, CH, 0, 0
1832, -11.3, 265, 0.2, CH, 0, 0
1833, -10.8, 265, 0.2, CH, 0, 0
1834, -9.6, 265, 0.1, CH, 0, 0
1835, -11.2, 266, 0.1, CH, 0, 0
1836, -9.9, 266, 0.1, CH, 0, 0
1837, -12.2, 266, 0.2, CH, 0, 0
1838, -11.9, 266, 0.1, CH, 0, 0
1839, -10.1, 266, 0.1, CH, 0, 0
1840, -10.1, 266, 0.1, CH, 0, 0
1841, -9.5, 266, 0.2, CH, 0, 0
1842, -12.0, 266, 0.2, CH, 0, 0
1843, -12.4, 266, 0.2, CH, 0, 0
1844, -10.7, 266, 0.2, CH, 0, 0
1845, -11.9, 267, 0.2, CH, 0, 0
1846, -9.0, 267, 0.2, CH, 0, 0
1847, -11.0, 267, 0.3, CH, 0, 0
1848, -11.7, 267, 0.3, CH, 0, 0
1849, -12.4, 267, 0.3, CH, 0, 0
1850, -12.6, 267, 0.3, CH, 0, 0
1851, -12.4, 268, 0.3, CH, 0, 0
1852, -10.8, 268, 0.3, CH, 0, 0
1853, -12.4, 269, 0.3, CH, 0, 0
1854, -12.8, 269, 0.3, CH, 0, 0
1855, -12.1, 269, 0.3, CH, 0, 0
1856, -12.4, 269, 0.3, CH, 0, 0
1857, -10.5, 270, 0.3, CH, 0, 0
1858, -10.6, 270, 0.3, CH, 0, 0
1859, -12.4, 270, 0.3, CH, 0, 0
1860, -12.4, 270, 0.3, CH, 0, 0
1861, -11.4, 269, 0.3, CH, 0, 0
1862, -14.0, 269, 0.3, CH, 0, 0
1863, -10.5, 268, 0.3, CH, 0, 0
1864, -10.9, 268, 0.3, CH, 0, 0
1865, -10.9, 268, 0.3, CH, 0, 0
1866, -11.8, 268, 0.3, CH, 0, 0
1867, -15.3, 268, 0.3, CH, 0, 0
1868, -10.4, 267, 0.3, CH, 0, 0
1869, -9.8, 267, 0.3, CH, 0, 0
1870, -9.3, 266, 0.3, CH, 0, 0
1871, -10.3, 266, 0.3, CH, 0, 0
1872, -10.9, 265, 0.3, CH, 0, 0
1873, -10.1, 265, 0.3, CH, 0, 0
1874, -9.2, 264, 0.3, CH, 0, 0
1875, -9.0, 263, 0.3, CH, 0, 0
1876, -11.3, 263, 0.3, CH, 0, 0
1877, -10.3, 262, 0.3, CH, 0, 0
1878, -10.3, 262, 0.3, CH, 0, 0
1879, -9.6, 261, 0.3, CH, 0, 0
1880, -9.7, 261, 0.3, CH, 0, 0
1881, -9.8, 261, 0.3, CH, 0, 0
1882, -7.0, 261, 0.3, CH, 0, 0
1883, -10.3, 261, 0.3, CH, 0, 0
1884, -9.8, 260, 0.3, CH, 0, 0
1885, -9.5, 260, 0.3, CH, 0, 0
1886, -9.9, 260, 0.3, CH, 0, 0
1887, -6.9, 260, 0.3, CH, 0, 0
1888, -10.2, 260, 0.3, CH, 0, 0
1889, -10.6, 259, 0.3, CH, 0, 0
1890, -10.3, 259, 0.3, CH, 0, 0
1891, -8.6, 259, 0.2, CH, 0, 0
1892, -9.1, 259, 0.3, CH, 0, 0
1893, -9.8, 258, 0.3, CH, 0, 0
1894, -10.5, 258, 0.3, CH, 0, 0
1895, -11.2, 258, 0.3, CH, 0, 0
1896, -8.8, 259, 0.3, CH, 0, 0
1897, -9.5, 259, 0.3, CH, 0, 0
1898, -9.3, 259, 0.3, CH, 0, 0
1899, -5.9, 259, 0.3, CH, 0, 0
1900, -10.4, 259, 0.3, CH, 0, 0
1901, -11.3, 259, 0.2, CH, 0, 0
1902, -10.4, 260, 0.2, CH, 0, 0
1903, -10.3, 261, 0.2, CH, 0, 0
1904, -10.5, 261, 0.3, CH, 0, 0
1905, -10.8, 261, 0.3, CH, 0, 0
1906, -9.9, 261, 0.3, CH, 0, 0
1907, -10.0, 261, 0.3, CH, 0, 0
1908, -10.8, 261, 0.3, CH, 0, 0
1909, -10.5, 262, 0.3, CH, 0, 0
1910, -10.9, 262, 0.3, CH, 0, 0
1911, -12.5, 263, 0.3, CH, 0, 0
1912, -12.0, 263, 0.3, CH, 0, 0
1913, -10.9, 263, 0.3, CH, 0, 0
1914, -11.4, 264, 0.3, CH, 0, 0
1915, -11.6, 265, 0.3, CH, 0, 0
1916, -12.1, 265, 0.3, CH, 0, 0
1917, -13.0, 266, 0.3, CH, 0, 0
1918, -12.9, 266, 0.3, CH, 0, 0
1919, -16.6, 267, 0.3, CH, 0, 0
1920, -11.4, 267, 0.3, CH, 0, 0
1921, -11.2, 267, 0.3, CH, 0, 0
1922, -16.2, 267, 0.3, CH, 0, 0
1923, -11.7, 266, 0.3, CH, 0, 0
1924, -12.1, 266, 0.3, CH, 0, 0
1925, -11.2, 267, 0.3, CH, 0, 0
1926, -11.7, 267, 0.3, CH, 0, 0
1927, -12.6, 267, 0.3, CH, 0, 0
1928, -4.4, 267, 0.3, CH, 0, 0
1929, -13.1, 266, 0.3, CH, 0, 0
1930, -10.9, 266, 0.3, CH, 0, 0
1931, -10.4, 266, 0.3, CH, 0, 0
1932, -10.8, 265, 0.3, CH, 0, 0
1933, -11.0, 265, 0.3, CH, 0, 0
1934, -11.9, 265, 0.3, CH, 0, 0
1935, -10.1, 264, 0.3, CH, 0, 0
1936, -9.7, 264, 0.3, CH, 0, 0
1937, -9.5, 263, 0.2, CH, 0, 0
1938, -9.7, 263, 0.3, CH, 0, 0
1939, -11.0, 262, 0.3, CH, 0, 0
1940, -11.1, 262, 0.2, CH, 0, 0
1941, -11.1, 262, 0.3, CH, 0, 0
1942, -5.6, 262, 0.2, CH, 0, 0
1943, -9.9, 262, 0.2, CH, 0, 0
1944, -10.8, 262, 0.3, CH, 0, 0
1945, -10.6, 262, 0.3, CH, 0, 0
1946, -10.7, 262, 0.3, CH, 0, 0
1947, -10.0, 262, 0.2, CH, 0, 0
1948, -18.0, 262, 0.2, CH, 0, 0
1949, -2.1, 263, 0.2, CH, 0, 0
1950, -11.4, 263, 0.2, CH, 0, 0
1951, -4.9, 263, 0.2, CH, 0, 0
1952, -10.1, 262, 0.2, CH, 0, 0
1953, -9.9, 262, 0.2, CH, 0, 0
1954, -10.1, 262, 0.2, CH, 0, 0
1955, -9.9, 262, 0.2, CH, 0, 0
1956, -11.7, 262, 0.2, CH, 0, 0
1957, -11.7, 262, 0.2, CH, 0, 0
1958, -11.0, 263, 0.2, CH, 0, 0
1959, -8.9, 263, 0.3, CH, 0, 0
1960, -9.8, 263, 0.3, CH, 0, 0
1961, -10.5, 263, 0.3, CH, 0, 0
1962, -11.0, 263, 0.3, CH, 0, 0
1963, -11.7, 264, 0.3, CH, 0, 0
1964, -10.5, 264, 0.3, CH, 0, 0
1965, -10.4, 264, 0.3, CH, 0, 0
1966, -10.8, 264, 0.3, CH, 0, 0
1967, -10.3, 264, 0.3, CH, 0, 0
1968, -11.8, 265, 0.3, CH, 0, 0
1969, -18.5, 265, 0.3, CH, 0, 0
1970, -11.0, 266, 0.3, CH, 0, 0
1971, -17.5, 266, 0.3, CH, 0, 0
1972, -12.3, 267, 0.3, CH, 0, 0
1973, -12.4, 267, 0.3, CH, 0, 0
1974, -11.7, 268, 0.3, CH, 0, 0
1975, -12.9, 269, 0.3, CH, 0, 0
1976, -11.4, 269, 0.3, CH, 0, 0
1977, -11.2, 269, 0.3, CH, 0, 0
1978, -12.1, 269, 0.3, CH, 0, 0
1979, -14.4, 270, 0.3, CH, 0, 0
1980, -8.9, 270, 0.3, CH, 0, 0
1981, -11.6, 270, 0.3, CH, 0, 0
1982, -11.4, 271, 0.3, CH, 0, 0
1983, -10.6, 271, 0.3, CH, 0, 0
1984, -10.8, 270, 0.3, CH, 0, 0
1985, -13.2, 270, 0.3, CH, 0, 0
1986, -11.8, 270, 0.3, CH, 0, 0
1987, -12.0, 269, 0.3, CH, 0, 0
1988, -9.4, 269, 0.3, CH, 0, 0
1989, -10.3, 268, 0.3, CH, 0, 0
1990, -10.3, 268, 0.3, CH, 0, 0
1991, -11.3, 267, 0.3, CH, 0, 0
1992, -10.5, 267, 0.3, CH, 0, 0
1993, -10.7, 266, 0.3, CH, 0, 0
1994, -9.8, 266, 0.3, CH, 0, 0
1995, -9.5, 265, 0.3, CH, 0, 0
1996, -10.0, 264, 0.3, CH, 0, 0
1997, -10.4, 264, 0.3, CH, 0, 0
1998, -10.4, 263, 0.3, CH, 0, 0
1999, -10.0, 263, 0.3, CH, 0, 0
2000, -13.7, 263, 0.3, CH, 0, 0
2001, -9.9, 263, 0.3, CH, 0, 0
2002, -11.5, 262, 0.3, CH, 0, 0
2003, -11.4, 262, 0.3, CH, 0, 0
2004, -12.8, 263, 0.3, CH, 0, 0
2005, -9.3, 263, 0.3, CH, 0, 0
2006, -10.0, 263, 0.3, CH, 0, 0
2007, -10.6, 263, 0.3, CH, 0, 0
2008, -11.6, 263, 0.3, CH, 0, 0
2009, -11.3, 263, 0.3, CH, 0, 0
2010, -11.8, 264, 0.3, CH, 0, 0
2011, -9.7, 264, 0.2, CH, 0, 0
2012, -10.2, 264, 0.2, CH, 0, 0
2013, -10.6, 264, 0.3, CH, 0, 0
2014, -12.2, 264, 0.3, CH, 0, 0
2015, -11.6, 264, 0.2, CH, 0, 0
2016, -11.8, 265, 0.2, CH, 0, 0
2017, -11.1, 265, 0.2, CH, 0, 0
2018, -10.6, 265, 0.2, CH, 0, 0
2019, -10.7, 266, 0.2, CH, 0, 0
2020, -11.3, 266, 0.2, CH, 0, 0
2021, -11.9, 266, 0.2, CH, 0, 0
2022, -11.1, 266, 0.2, CH, 0, 0
2023, -11.2, 267, 0.2, CH, 0, 0
2024, -10.2, 267, 0.2, CH, 0, 0
2025, -12.4, 267, 0.2, CH, 0, 0
2026, -12.8, 268, 0.2, CH, 0, 0
2027, -11.7, 268, 0.2, CH, 0, 0
2028, -11.8, 268, 0.2, CH, 0, 0
2029, -11.9, 269, 0.2, CH, 0, 0
2030, -11.7, 270, 0.2, CH, 0, 0
2031, -13.4, 270, 0.3, CH, 0, 0
2032, -14.3, 271, 0.3, CH, 0, 0
2033, -13.0, 272, 0.2, CH, 0, 0
2034, -11.6, 272, 0.2, CH, 0, 0
2035, -12.3, 272, 0.2, CH, 0, 0
2036, -12.6, 273, 0.2, CH, 0, 0
2037, -13.6, 273, 0.3, CH, 0, 0
2038, -13.8, 274, 0.3, CH, 0, 0
2039, -13.2, 274, 0.3, CH, 0, 0
2040, -13.6, 275, 0.3, CH, 0, 0
2041, -12.4, 275, 0.3, CH, 0, 0
2042, -13.1, 275, 0.3, CH, 0, 0
2043, -12.8, 275, 0.3, CH, 0, 0
2044, -11.7, 274, 0.2, CH, 0, 0
2045, -11.7, 274, 0.2, CH, 0, 0
2046, -11.4, 274, 0.2, CH, 0, 0
2047, -11.9, 274, 0.3, CH, 0, 0
2048, -11.9, 273, 0.3, CH, 0, 0
2049, -12.0, 273, 0.2, CH, 0, 0
2050, -11.4, 272, 0.2, CH, 0, 0
2051, -11.0, 272, 0.2, CH, 0, 0
2052, -10.2, 271, 0.2, CH, 0, 0
2053, -11.3, 271, 0.3, CH, 0, 0
2054, -11.9, 271, 0.3, CH, 0, 0
2055, -12.1, 270, 0.3, CH, 0, 0
2056, -10.6, 269, 0.3, CH, 0, 0
2057, -10.3, 269, 0.3, CH, 0, 0
2058, -10.6, 268, 0.3, CH, 0, 0
2059, -9.9, 268, 0.3, CH, 0, 0
2060, -10.6, 267, 0.3, CH, 0, 0
2061, -11.7, 267, 0.3, CH, 0, 0
2062, -11.2, 266, 0.3, CH, 0, 0
2063, -8.8, 266, 0.3, CH, 0, 0
2064, -11.6, 267, 0.3, CH, 0, 0
2065, -11.1, 266, 0.3, CH, 0, 0
2066, -11.4, 266, 0.3, CH, 0, 0
2067, -11.0, 266, 0.3, CH, 0, 0
2068, -11.3, 266, 0.3, CH, 0, 0
2069, -10.7, 266, 0.3, CH, 0, 0
2070, -11.7, 266, 0.3, CH, 0, 0
2071, -12.6, 265, 0.3, CH, 0, 0
2072, -10.9, 265, 0.3, CH, 0, 0
2073, -12.4, 265, 0.3, CH, 0, 0
2074, -10.4, 265, 0.3, CH, 0, 0
2075, -10.4, 265, 0.3, CH, 0, 0
2076, -12.1, 265, 0.3, CH, 0, 0
2077, -11.4, 265, 0.2, CH, 0, 0
2078, -10.9, 265, 0.2, CH, 0, 0
2079, -10.9, 265, 0.2, CH, 0, 0
2080, -12.7, 265, 0.2, CH, 0, 0
2081, -11.5, 265, 0.2, CH, 0, 0
2082, -10.8, 265, 0.2, CH, 0, 0
2083, -14.5, 266, 0.2, CH, 0, 0
2084, -11.9, 266, 0.2, CH, 0, 0
2085, -12.0, 267, 0.2, CH, 0, 0
2086, -12.5, 267, 0.2, CH, 0, 0
2087, -12.6, 267, 0.2, CH, 0, 0
2088, -12.7, 268, 0.2, CH, 0, 0
2089, -12.9, 269, 0.2, CH, 0, 0
2090, -12.4, 269, 0.2, CH, 0, 0
2091, -11.3, 270, 0.2, CH, 0, 0
2092, -13.4, 270, 0.3, CH, 0, 0
2093, -11.6, 271, 0.3, CH, 0, 0
2094, -14.4, 272, 0.3, CH, 0, 0
2095, -13.7, 272, 0.3, CH, 0, 0
2096, -12.8, 273, 0.3, CH, 0, 0
2097, -13.0, 273, 0.3, CH, 0, 0
2098, -13.8, 274, 0.3, CH, 0, 0
2099, -14.7, 275, 0.3, CH, 0, 0
2100, -11.5, 275, 0.3, CH, 0, 0
2101, -13.1, 275, 0.3, CH, 0, 0
2102, -12.2, 275, 0.3, CH, 0, 0
2103, -11.2, 275, 0.3, CH, 0, 0
2104, -12.6, 275, 0.3, CH, 0, 0
2105, -12.1, 275, 0.3, CH, 0, 0
2106, -12.0, 275, 0.3, CH, 0, 0
2107, -11.3, 274, 0.3, CH, 0, 0
2108, -11.4, 274, 0.3, CH, 0, 0
2109, -11.4, 273, 0.3, CH, 0, 0
2110, -12.0, 273, 0.3, CH, 0, 0
2111, -12.1, 273, 0.3, CH, 0, 0
2112, -11.5, 272, 0.3, CH, 0, 0
2113, -11.6, 272, 0.3, CH, 0, 0
2114, -10.4, 272, 0.3, CH, 0, 0
2115, -11.6, 271, 0.3, CH, 0, 0
2116, -10.6, 271, 0.3, CH, 0, 0
2117, -11.1, 270, 0.3, CH, 0, 0
2118, -11.8, 270, 0.3, CH, 0, 0
2119, -9.0, 270, 0.3, CH, 0, 0
2120, -11.2, 269, 0.3, CH, 0, 0
2121, -10.1, 268, 0.3, CH, 0, 0
2122, -11.6, 268, 0.3, CH, 0, 0
2123, -12.7, 267, 0.2, CH, 0, 0
2124, -10.8, 267, 0.2, CH, 0, 0
2125, -11.7, 267, 0.2, CH, 0, 0
2126, -10.2, 267, 0.3, CH, 0, 0
2127, -12.3, 267, 0.3, CH, 0, 0
2128, -12.9, 267, 0.3, CH, 0, 0
2129, -10.9, 267, 0.2, CH, 0, 0
2130, -10.6, 267, 0.2, CH, 0, 0
2131, -10.4, 266, 0.2, CH, 0, 0
2132, -9.8, 266, 0.2, CH, 0, 0
2133, -11.2, 266, 0.3, CH, 0, 0
2134, -10.4, 266, 0.3, CH, 0, 0
2135, -9.8, 265, 0.3, CH, 0, 0
2136, -10.2, 265, 0.3, CH, 0, 0
2137, -10.2, 265, 0.3, CH, 0, 0
2138, -9.7, 264, 0.3, CH, 0, 0
2139, -11.2, 264, 0.3, CH, 0, 0
2140, -12.2, 264, 0.3, CH, 0, 0
2141, -10.9, 264, 0.3, CH, 0, 0
2142, -11.0, 264, 0.3, CH, 0, 0
2143, -9.0, 265, 0.3, CH, 0, 0
2144, -10.9, 265, 0.3, CH, 0, 0
2145, -11.0, 265, 0.3, CH, 0, 0
2146, -11.8, 265, 0.3, CH, 0, 0
2147, -10.7, 265, 0.3, CH, 0, 0
2148, -8.8, 265, 0.3, CH, 0, 0
2149, -11.1, 265, 0.3, CH, 0, 0
2150, -10.6, 265, 0.3, CH, 0, 0
2151, -11.8, 265, 0.3, CH, 0, 0
2152, -12.6, 266, 0.3, CH, 0, 0
2153, -11.2, 266, 0.3, CH, 0, 0
2154, -11.2, 266, 0.3, CH, 0, 0
2155, -11.7, 266, 0.3, CH, 0, 0
2156, -12.2, 267, 0.3, CH, 0, 0
2157, -12.3, 267, 0.3, CH, 0, 0
2158, -12.1, 268, 0.3, CH, 0, 0
2159, -12.1, 268, 0.3, CH, 0, 0
2160, -9.8, 268, 0.3, CH, 0, 0
2161, -11.1, 268, 0.3, CH, 0, 0
2162, -11.1, 268, 0.3, CH, 0, 0
2163, -12.8, 268, 0.3, CH, 0, 0
2164, -11.1, 268, 0.3, CH, 0, 0
2165, -10.1, 268, 0.3, CH, 0, 0
2166, -10.6, 267, 0.3, CH, 0, 0
2167, -11.3, 267, 0.3, CH, 0, 0
2168, -11.9, 267, 0.3, CH, 0, 0
2169, -11.8, 267, 0.3, CH, 0, 0
2170, -12.2, 266, 0.2, CH, 0, 0
2171, -9.9, 266, 0.2, CH, 0, 0
2172, -9.9, 266, 0.2, CH, 0, 0
2173, -10.2, 265, 0.2, CH, 0, 0
2174, -11.9, 265, 0.3, CH, 0, 0
2175, -10.4, 265, 0.3, CH, 0, 0
2176, -11.1, 264, 0.3, CH, 0, 0
2177, -10.5, 264, 0.2, CH, 0, 0
2178, -9.0, 263, 0.2, CH, 0, 0
2179, -9.4, 263, 0.2, CH, 0, 0
2180, -9.8, 262, 0.2, CH, 0, 0
2181, -10.8, 262, 0.2, CH, 0, 0
2182, -10.3, 262, 0.2, CH, 0, 0
2183, -8.7, 262, 0.2, CH, 0, 0
2184, -10.4, 262, 0.2, CH, 0, 0
2185, -10.4, 261, 0.2, CH, 0, 0
2186, -9.9, 261, 0.2, CH, 0, 0
2187, -8.9, 261, 0.2, CH, 0, 0
2188, -9.2, 260, 0.2, CH, 0, 0
2189, -8.7, 260, 0.2, CH, 0, 0
2190, -7.3, 259, 0.3, CH, 0, 0
2191, -9.6, 259, 0.3, CH, 0, 0
2192, -9.7, 258, 0.3, CH, 0, 0
2193, -9.0, 258, 0.3, CH, 0, 0
2194, -8.5, 258, 0.3, CH, 0, 0
2195, -8.7, 257, 0.3, CH, 0, 0
2196, -7.7, 257, 0.3, CH, 0, 0
2197, -8.6, 257, 0.3, CH, 0, 0
2198, -9.9, 257, 0.3, CH, 0, 0
2199, -10.3, 256, 0.3, CH, 0, 0
2200, -9.6, 256, 0.3, CH, 0, 0
2201, -9.2, 256, 0.3, CH, 0, 0
2202, -10.2, 256, 0.3, CH, 0, 0
2203, -11.1, 257, 0.3, CH, 0, 0
2204, -10.0, 257, 0.3, CH, 0, 0
2205, -9.5, 257, 0.3, CH, 0, 0
2206, -9.4, 257, 0.3, CH, 0, 0
2207, -11.0, 258, 0.3, CH, 0, 0
2208, -10.8, 258, 0.3, CH, 0, 0
2209, -11.2, 258, 0.3, CH, 0, 0
2210, -12.0, 259, 0.3, CH, 0, 0
2211, -10.9, 260, 0.3, CH, 0, 0
2212, -10.8, 260, 0.3, CH, 0, 0
2213, -11.3, 261, 0.3, CH, 0, 0
2214, -11.1, 261, 0.3, CH, 0, 0
2215, -12.6, 262, 0.3, CH, 0, 0
2216, -13.6, 262, 0.3, CH, 0, 0
2217, -11.7, 263, 0.3, CH, 0, 0
2218, -11.6, 264, 0.3, CH, 0, 0
2219, -11.8, 265, 0.3, CH, 0, 0
2220, -12.3, 265, 0.3, CH, 0, 0
2221, -9.9, 266, 0.3, CH, 0, 0
2222, -11.4, 266, 0.3, CH, 0, 0
2223, -11.0, 266, 0.3, CH, 0, 0
2224, -15.6, 266, 0.3, CH, 0, 0
2225, -12.6, 267, 0.3, CH, 0, 0
2226, -12.7, 267, 0.2, CH, 0, 0
2227, -10.7, 267, 0.2, CH, 0, 0
2228, -13.0, 267, 0.2, CH, 0, 0
2229, -10.9, 267, 0.2, CH, 0, 0
2230, -11.2, 267, 0.3, CH, 0, 0
2231, -12.2, 267, 0.3, CH, 0, 0
2232, -12.3, 267, 0.2, CH, 0, 0
2233, -11.8, 268, 0.2, CH, 0, 0
2234, -10.8, 268, 0.2, CH, 0, 0
2235, -9.9, 267, 0.2, CH, 0, 0
2236, -11.1, 267, 0.2, CH, 0, 0
2237, -11.2, 266, 0.2, CH, 0, 0
2238, -10.8, 266, 0.2, CH, 0, 0
2239, -10.7, 266, 0.2, CH, 0, 0
2240, -10.3, 265, 0.2, CH, 0, 0
2241, -12.1, 265, 0.2, CH, 0, 0
2242, -10.0, 265, 0.2, CH, 0, 0
2243, -10.8, 264, 0.2, CH, 0, 0
2244, -7.3, 264, 0.2, CH, 0, 0
2245, -4.8, 263, 0.2, CH, 0, 0
2246, -10.4, 263, 0.2, CH, 0, 0
2247, -11.5, 263, 0.1, CH, 0, 0
2248, -8.3, 263, 0.2, CH, 0, 0
2249, -10.1, 262, 0.2, CH, 0, 0
2250, -10.3, 262, 0.2, CH, 0, 0
2251, -8.6, 261, 0.2, CH, 0, 0
2252, -10.1, 260, 0.2, CH, 0, 0
2253, -9.0, 260, 0.2, CH, 0, 0
2254, -10.4, 259, 0.2, CH, 0, 0
2255, -10.8, 259, 0.2, CH, 0, 0
2256, -8.1, 259, 0.3, CH, 0, 0
2257, -9.5, 259, 0.2, CH, 0, 0
2258, -9.3, 259, 0.2, CH, 0, 0
2259, -8.9, 258, 0.3, CH, 0, 0
2260, -9.9, 258, 0.3, CH, 0, 0
2261, -10.4, 258, 0.3, CH, 0, 0
2262, -9.5, 258, 0.3, CH, 0, 0
2263, -9.3, 258, 0.3, CH, 0, 0
2264, -8.4, 258, 0.3, CH, 0, 0
2265, -10.9, 258, 0.3, CH, 0, 0
2266, -9.8, 258, 0.3, CH, 0, 0
2267, -9.2, 258, 0.3, CH, 0, 0
2268, -10.8, 258, 0.3, CH, 0, 0
2269, -10.6, 259, 0.3, CH, 0, 0
2270, -10.4, 260, 0.3, CH, 0, 0
2271, -11.9, 260, 0.3, CH, 0, 0
2272, -11.1, 261, 0.3, CH, 0, 0
2273, -11.5, 261, 0.3, CH, 0, 0
2274, -10.8, 262, 0.3, CH, 0, 0
2275, -10.8, 262, 0.3, CH, 0, 0
2276, -12.2, 263, 0.3, CH, 0, 0
2277, -12.0, 264, 0.3, CH, 0, 0
2278, -12.5, 264, 0.3, CH, 0, 0
2279, -12.2, 265, 0.3, CH, 0, 0
2280, -11.5, 265, 0.3, CH, 0, 0
2281, -12.2, 266, 0.3, CH, 0, 0
2282, -13.2, 266, 0.3, CH, 0, 0
2283, -12.9, 267, 0.3, CH, 0, 0
2284, -12.4, 267, 0.2, CH, 0, 0
2285, -14.3, 268, 0.3, CH, 0, 0
2286, -11.6, 268, 0.3, CH, 0, 0
2287, -11.5, 268, 0.3, CH, 0, 0
2288, -11.8, 268, 0.3, CH, 0, 0
2289, -12.5, 268, 0.3, CH, 0, 0
2290, -12.0, 268, 0.3, CH, 0, 0
2291, -11.1, 268, 0.3, CH, 0, 0
2292, -10.4, 268, 0.3, CH, 0, 0
2293, -12.1, 269, 0.3, CH, 0, 0
2294, -11.4, 269, 0.3, CH, 0, 0
2295, -11.7, 269, 0.3, CH, 0, 0
2296, -11.5, 268, 0.3, CH, 0, 0
2297, -10.9, 268, 0.2, CH, 0, 0
2298, -10.6, 268, 0.3, CH, 0, 0
2299, -10.6, 268, 0.3, CH, 0, 0
2300, -11.3, 267, 0.3, CH, 0, 0
2301, -10.9, 267, 0.3, CH, 0, 0
2302, -10.8, 267, 0.3, CH, 0, 0
2303, -9.5, 267, 0.3, CH, 0, 0
2304, -11.9, 266, 0.3, CH, 0, 0
2305, -12.8, 266, 0.3, CH, 0, 0
2306, -10.9, 266, 0.3, CH, 0, 0
2307, -10.4, 266, 0.2, CH, 0, 0
2308, -10.0, 265, 0.2, CH, 0, 0
2309, -6.2, 265, 0.2, CH, 0, 0
2310, -10.9, 264, 0.2, CH, 0, 0
2311, -10.1, 263, 0.2, CH, 0, 0
2312, -9.9, 263, 0.2, CH, 0, 0
2313, -9.1, 263, 0.2, CH, 0, 0
2314, -10.3, 262, 0.2, CH, 0, 0
2315, -9.2, 262, 0.2, CH, 0, 0
2316, -9.0, 262, 0.2, CH, 0, 0
2317, -9.5, 261, 0.2, CH, 0, 0
2318, -10.1, 261, 0.2, CH, 0, 0
2319, -9.9, 261, 0.2, CH, 0, 0
2320, -9.6, 260, 0.2, CH, 0, 0
2321, -9.6, 261, 0.2, CH, 0, 0
2322, -9.5, 261, 0.2, CH, 0, 0
2323, -11.6, 261, 0.2, CH, 0, 0
2324, -8.7, 261, 0.2, CH, 0, 0
2325, -11.2, 261, 0.2, CH, 0, 0
2326, -6.7, 261, 0.2, CH, 0, 0
2327, -10.9, 261, 0.2, CH, 0, 0
2328, -11.9, 262, 0.2, CH, 0, 0
2329, -15.3, 263, 0.2, CH, 0, 0
2330, -11.3, 263, 0.2, CH, 0, 0
2331, -11.8, 263, 0.3, CH, 0, 0
2332, -11.6, 264, 0.3, CH, 0, 0
2333, -12.0, 265, 0.3, CH, 0, 0
2334, -12.0, 265, 0.3, CH, 0, 0
2335, -12.6, 266, 0.3, CH, 0, 0
2336, -12.0, 266, 0.3, CH, 0, 0
2337, -12.1, 267, 0.3, CH, 0, 0
2338, -12.7, 268, 0.3, CH, 0, 0
2339, -13.5, 268, 0.3, CH, 0, 0
2340, -12.4, 269, 0.3, CH, 0, 0
2341, -12.0, 268, 0.2, CH, 0, 0
2342, -12.2, 268, 0.2, CH, 0, 0
2343, -10.8, 269, 0.2, CH, 0, 0
2344, -12.0, 269, 0.2, CH, 0, 0
2345, -11.4, 269, 0.3, CH, 0, 0
2346, -16.1, 269, 0.2, CH, 0, 0
2347, -12.1, 269, 0.2, CH, 0, 0
2348, -10.8, 269, 0.2, CH, 0, 0
2349, -11.1, 269, 0.3, CH, 0, 0
2350, -12.1, 269, 0.2, CH, 0, 0
2351, -11.9, 269, 0.2, CH, 0, 0
2352, -12.2, 269, 0.2, CH, 0, 0
2353, -11.4, 269, 0.2, CH, 0, 0
2354, -10.5, 269, 0.2, CH, 0, 0
2355, -10.4, 268, 0.2, CH, 0, 0
2356, -12.7, 268, 0.2, CH, 0, 0
2357, -11.1, 267, 0.2, CH, 0, 0
2358, -10.7, 267, 0.2, CH, 0, 0
2359, -10.5, 267, 0.2, CH, 0, 0
2360, -10.6, 267, 0.2, CH, 0, 0
2361, -10.5, 267, 0.2, CH, 0, 0
2362, -10.3, 266, 0.2, CH, 0, 0
2363, -11.9, 266, 0.2, CH, 0, 0
2364, -11.2, 265, 0.2, CH, 0, 0
2365, -12.6, 265, 0.2, CH, 0, 0
2366, -10.4, 265, 0.2, CH, 0, 0
2367, -10.4, 265, 0.2, CH, 0, 0
2368, -13.1, 265, 0.2, CH, 0, 0
2369, -10.5, 265, 0.2, CH, 0, 0
2370, -8.8, 264, 0.2, CH, 0, 0
2371, -10.0, 264, 0.3, CH, 0, 0
2372, -3.2, 263, 0.3, CH, 0, 0
2373, -10.4, 263, 0.3, CH, 0, 0
2374, -11.5, 263, 0.3, CH, 0, 0
2375, -11.2, 263, 0.3, CH, 0, 0
2376, -8.6, 263, 0.2, CH, 0, 0
2377, -10.2, 263, 0.2, CH, 0, 0
2378, -9.8, 262, 0.2, CH, 0, 0
2379, -10.8, 262, 0.3, CH, 0, 0
2380, -11.5, 262, 0.3, CH, 0, 0
2381, -11.7, 263, 0.3, CH, 0, 0
2382, -11.2, 263, 0.3, CH, 0, 0
2383, -10.4, 263, 0.3, CH, 0, 0
2384, -10.4, 263, 0.3, CH, 0, 0
2385, -9.0, 263, 0.3, CH, 0, 0
2386, -11.9, 264, 0.3, CH, 0, 0
2387, -11.9, 264, 0.3, CH, 0, 0
2388, -9.3, 264, 0.3, CH, 0, 0
2389, -11.9, 265, 0.3, CH, 0, 0
2390, -13.3, 266, 0.3, CH, 0, 0
2391, -12.8, 266, 0.3, CH, 0, 0
2392, -18.9, 267, 0.3, CH, 0, 0
2393, -12.3, 268, 0.3, CH, 0, 0
2394, -11.7, 268, 0.3, CH, 0, 0
2395, -12.2, 269, 0.3, CH, 0, 0
2396, -13.0, 269, 0.3, CH, 0, 0
2397, -12.9, 270, 0.3, CH, 0, 0
2398, -14.4, 271, 0.3, CH, 0, 0
2399, -13.3, 272, 0.3, CH, 0, 0
2400, -12.3, 272, 0.3, CH, 0, 0
2401, -12.6, 272, 0.3, CH, 0, 0
2402, -13.0, 273, 0.3, CH, 0, 0
2403, -13.6, 273, 0.3, CH, 0, 0
2404, -13.6, 274, 0.3, CH, 0, 0
2405, -12.9, 274, 0.3, CH, 0, 0
2406, -12.2, 274, 0.3, CH, 0, 0
2407, -12.8, 274, 0.3, CH, 0, 0
2408, -13.4, 274, 0.3, CH, 0, 0
2409, -8.0, 274, 0.3, CH, 0, 0
2410, -11.6, 274, 0.3, CH, 0, 0
2411, -11.3, 274, 0.3, CH, 0, 0
2412, -12.9, 274, 0.3, CH, 0, 0
2413, -12.2, 274, 0.3, CH, 0, 0
2414, -12.2, 273, 0.3, CH, 0, 0
2415, -12.2, 273, 0.3, CH, 0, 0
2416, -11.7, 273, 0.3, CH, 0, 0
2417, -11.4, 272, 0.3, CH, 0, 0
2418, -10.2, 272, 0.3, CH, 0, 0
2419, -11.1, 271, 0.3, CH, 0, 0
2420, -11.4, 271, 0.3, CH, 0, 0
2421, -10.8, 270, 0.3, CH, 0, 0
2422, -10.2, 270, 0.3, CH, 0, 0
2423, -9.6, 269, 0.3, CH, 0, 0
2424, -10.0, 268, 0.3, CH, 0, 0
2425, -10.5, 267, 0.3, CH, 0, 0
2426, -10.7, 267, 0.3, CH, 0, 0
2427, -9.5, 266, 0.3, CH, 0, 0
2428, -11.1, 266, 0.3, CH, 0, 0
2429, -14.3, 265, 0.3, CH, 0, 0
2430, -9.3, 264, 0.3, CH, 0, 0
2431, -9.8, 263, 0.3, CH, 0, 0
2432, -8.8, 262, 0.3, CH, 0, 0
2433, -9.2, 262, 0.3, CH, 0, 0
2434, -8.9, 261, 0.3, CH, 0, 0
2435, -9.1, 261, 0.3, CH, 0, 0
2436, -9.8, 260, 0.3, CH, 0, 0
2437, -9.9, 260, 0.3, CH, 0, 0
2438, -10.3, 260, 0.3, CH, 0, 0
2439, -8.2, 259, 0.3, CH, 0, 0
2440, -9.2, 259, 0.3, CH, 0, 0
2441, -9.8, 259, 0.3, CH, 0, 0
2442, -10.2, 259, 0.3, CH, 0, 0
2443, -10.8, 259, 0.3, CH, 0, 0
2444, -10.0, 259, 0.3, CH, 0, 0
2445, -10.5, 259, 0.3, CH, 0, 0
2446, -9.4, 259, 0.3, CH, 0, 0
2447, -10.4, 259, 0.3, CH, 0, 0
2448, -9.6, 260, 0.3, CH, 0, 0
2449, -10.9, 260, 0.3, CH, 0, 0
2450, -11.1, 260, 0.3, CH, 0, 0
2451, -10.9, 260, 0.3, CH, 0, 0
2452, -10.6, 260, 0.3, CH, 0, 0
2453, -11.9, 261, 0.3, CH, 0, 0
2454, -11.8, 261, 0.2, CH, 0, 0
2455, -11.7, 262, 0.2, CH, 0, 0
2456, -11.1, 262, 0.2, CH, 0, 0
2457, -11.0, 263, 0.2, CH, 0, 0
2458, -10.3, 263, 0.2, CH, 0, 0
2459, -11.7, 264, 0.2, CH, 0, 0
2460, -12.0, 264, 0.2, CH, 0, 0
2461, -12.0, 264, 0.2, CH, 0, 0
2462, -11.9, 264, 0.2, CH, 0, 0
2463, -8.7, 265, 0.2, CH, 0, 0
2464, -12.8, 265, 0.2, CH, 0, 0
2465, -11.2, 266, 0.2, CH, 0, 0
2466, -11.9, 266, 0.2, CH, 0, 0
2467, -13.1, 266, 0.2, CH, 0, 0
2468, -10.0, 266, 0.2, CH, 0, 0
2469, -10.7, 266, 0.2, CH, 0, 0
2470, -11.4, 266, 0.2, CH, 0, 0
2471, -11.2, 266, 0.2, CH, 0, 0
2472, -12.1, 266, 0.2, CH, 0, 0
2473, -10.8, 266, 0.2, CH, 0, 0
2474, -10.1, 266, 0.2, CH, 0, 0
2475, -10.1, 266, 0.2, CH, 0, 0
2476, -10.4, 266, 0.2, CH, 0, 0
2477, -11.0, 265, 0.2, CH, 0, 0
2478, -11.0, 265, 0.2, CH, 0, 0
2479, -10.6, 265, 0.2, CH, 0, 0
2480, -9.7, 265, 0.2, CH, 0, 0
2481, -9.5, 265, 0.2, CH, 0, 0
2482, -10.2, 264, 0.2, CH, 0, 0
2483, -13.2, 264, 0.2, CH, 0, 0
2484, -9.2, 263, 0.2, CH, 0, 0
2485, -9.0, 263, 0.2, CH, 0, 0
2486, -9.4, 262, 0.2, CH, 0, 0
2487, -8.2, 262, 0.2, CH, 0, 0
2488, -11.1, 262, 0.2, CH, 0, 0
2489, -10.0, 261, 0.2, CH, 0, 0
2490, -9.6, 261, 0.2, CH, 0, 0
2491, -8.9, 261, 0.2, CH, 0, 0
2492, -8.8, 260, 0.2, CH, 0, 0
2493, -9.7, 260, 0.3, CH, 0, 0
2494, -10.4, 260, 0.3, CH, 0, 0
2495, -10.7, 260, 0.3, CH, 0, 0
2496, -11.0, 260, 0.3, CH, 0, 0
2497, -10.3, 260, 0.3, CH, 0, 0
2498, -9.9, 260, 0.2, CH, 0, 0
2499, -7.2, 260, 0.2, CH, 0, 0
2500, -10.4, 260, 0.3, CH, 0, 0
2501, -10.8, 260, 0.2, CH, 0, 0
2502, -9.5, 260, 0.3, CH, 0, 0
2503, -10.1, 261, 0.3, CH, 0, 0
2504, -10.3, 261, 0.3, CH, 0, 0
2505, -11.0, 261, 0.3, CH, 0, 0
2506, -11.2, 262, 0.3, CH, 0, 0
2507, -11.0, 262, 0.3, CH, 0, 0
2508, -10.1, 262, 0.3, CH, 0, 0
2509, -10.5, 262, 0.3, CH, 0, 0
2510, -11.7, 263, 0.3, CH, 0, 0
2511, -11.8, 263, 0.3, CH, 0, 0
2512, -11.9, 263, 0.3, CH, 0, 0
2513, -11.6, 264, 0.3, CH, 0, 0
2514, -11.0, 264, 0.3, CH, 0, 0
2515, -11.1, 264, 0.3, CH, 0, 0
2516, -10.5, 264, 0.3, CH, 0, 0
2517, -11.3, 264, 0.3, CH, 0, 0
2518, -12.1, 265, 0.3, CH, 0, 0
2519, -12.9, 265, 0.3, CH, 0, 0
2520, -8.2, 266, 0.3, CH, 0, 0
2521, -11.7, 266, 0.3, CH, 0, 0
2522, -12.2, 266, 0.3, CH, 0, 0
2523, -12.2, 267, 0.3, CH, 0, 0
2524, -12.5, 267, 0.3, CH, 0, 0
2525, -12.0, 267, 0.3, CH, 0, 0
2526, -11.3, 267, 0.3, CH, 0, 0
2527, -11.4, 267, 0.3, CH, 0, 0
2528, -11.8, 267, 0.3, CH, 0, 0
2529, -12.1, 267, 0.3, CH, 0, 0
2530, -11.6, 267, 0.3, CH, 0, 0
2531, -10.9, 267, 0.2, CH, 0, 0
2532, -11.0, 267, 0.3, CH, 0, 0
2533, -11.1, 268, 0.3, CH, 0, 0
2534, -11.3, 268, 0.2, CH, 0, 0
2535, -12.4, 268, 0.2, CH, 0, 0
2536, -10.7, 268, 0.2, CH, 0, 0
2537, -10.5, 268, 0.2, CH, 0, 0
2538, -10.3, 267, 0.2, CH, 0, 0
2539, -10.5, 267, 0.2, CH, 0, 0
2540, -14.5, 267, 0.2, CH, 0, 0
2541, -11.1, 267, 0.2, CH, 0, 0
2542, -9.9, 266, 0.2, CH, 0, 0
2543, -8.9, 266, 0.2, CH, 0, 0
2544, -8.4, 265, 0.3, CH, 0, 0
2545, -10.4, 264, 0.3, CH, 0, 0
2546, -10.3, 264, 0.3, CH, 0, 0
2547, -10.1, 263, 0.2, CH, 0, 0
2548, -10.9, 263, 0.3, CH, 0, 0
2549, -9.3, 262, 0.3, CH, 0, 0
2550, -10.2, 262, 0.3, CH, 0, 0
2551, -9.9, 261, 0.3, CH, 0, 0
2552, -9.5, 261, 0.3, CH, 0, 0
2553, -8.0, 260, 0.3, CH, 0, 0
2554, -9.9, 260, 0.3, CH, 0, 0
2555, -8.8, 260, 0.3, CH, 0, 0
2556, -9.3, 259, 0.3, CH, 0, 0
2557, -10.2, 258, 0.3, CH, 0, 0
2558, -10.6, 258, 0.3, CH, 0, 0
2559, -9.2, 258, 0.3, CH, 0, 0
2560, -9.0, 258, 0.3, CH, 0, 0
2561, -8.6, 258, 0.3, CH, 0, 0
2562, -9.9, 258, 0.3, CH, 0, 0
2563, -11.4, 259, 0.3, CH, 0, 0
2564, -11.3, 259, 0.3, CH, 0, 0
2565, -10.1, 259, 0.3, CH, 0, 0
2566, -10.6, 260, 0.3, CH, 0, 0
2567, -10.6, 260, 0.3, CH, 0, 0
2568, -10.1, 261, 0.3, CH, 0, 0
2569, -10.7, 261, 0.3, CH, 0, 0
2570, -10.5, 262, 0.3, CH, 0, 0
2571, -11.2, 263, 0.3, CH, 0, 0
2572, -10.9, 263, 0.3, CH, 0, 0
2573, -11.8, 264, 0.3, CH, 0, 0
2574, -12.2, 264, 0.3, CH, 0, 0
2575, -12.4, 265, 0.3, CH, 0, 0
2576, -12.5, 266, 0.3, CH, 0, 0
2577, -11.3, 266, 0.3, CH, 0, 0
2578, -11.2, 267, 0.3, CH, 0, 0
2579, -12.6, 267, 0.3, CH, 0, 0
2580, -13.3, 268, 0.3, CH, 0, 0
2581, -12.7, 268, 0.3, CH, 0, 0
2582, -12.1, 269, 0.3, CH, 0, 0
2583, -11.9, 269, 0.3, CH, 0, 0
2584, -11.6, 270, 0.3, CH, 0, 0
2585, -13.7, 270, 0.3, CH, 0, 0
2586, -13.0, 271, 0.3, CH, 0, 0
2587, -11.8, 271, 0.3, CH, 0, 0
2588, -12.5, 271, 0.2, CH, 0, 0
2589, -11.4, 271, 0.2, CH, 0, 0
2590, -11.9, 271, 0.3, CH, 0, 0
2591, -12.5, 271, 0.3, CH, 0, 0
2592, -12.6, 271, 0.3, CH, 0, 0
2593, -11.7, 271, 0.2, CH, 0, 0
2594, -10.6, 271, 0.2, CH, 0, 0
2595, -11.4, 271, 0.3, CH, 0, 0
2596, -11.6, 270, 0.3, CH, 0, 0
2597, -11.1, 270, 0.3, CH, 0, 0
2598, -11.7, 269, 0.2, CH, 0, 0
2599, -11.4, 269, 0.3, CH, 0, 0
2600, -10.3, 269, 0.3, CH, 0, 0
2601, -10.2, 268, 0.3, CH, 0, 0
2602, -10.4, 268, 0.3, CH, 0, 0
2603, -11.0, 267, 0.3, CH, 0, 0
2604, -11.2, 267, 0.2, CH, 0, 0
2605, -9.3, 266, 0.3, CH, 0, 0
2606, -9.5, 265, 0.3, CH, 0, 0
2607, -11.0, 265, 0.3, CH, 0, 0
2608, -9.5, 265, 0.3, CH, 0, 0
2609, -10.5, 264, 0.3, CH, 0, 0
2610, -11.3, 264, 0.3, CH, 0, 0
2611, -2.8, 264, 0.3, CH, 0, 0
2612, -8.9, 263, 0.3, CH, 0, 0
2613, -9.4, 263, 0.3, CH, 0, 0
2614, -11.6, 262, 0.3, CH, 0, 0
2615, -10.1, 262, 0.3, CH, 0, 0
2616, -13.5, 262, 0.3, CH, 0, 0
2617, -3.5, 262, 0.3, CH, 0, 0
2618, -9.1, 262, 0.3, CH, 0, 0
2619, -10.2, 262, 0.2, CH, 0, 0
2620, -11.3, 261, 0.2, CH, 0, 0
2621, -10.7, 262, 0.2, CH, 0, 0
2622, -10.8, 262, 0.2, CH, 0, 0
2623, -9.9, 262, 0.2, CH, 0, 0
2624, -9.4, 262, 0.2, CH, 0, 0
2625, -10.8, 262, 0.3, CH, 0, 0
2626, -11.4, 262, 0.3, CH, 0, 0
2627, -10.4, 262, 0.3, CH, 0, 0
2628, -10.5, 263, 0.3, CH, 0, 0
2629, -10.8, 263, 0.3, CH, 0, 0
2630, -9.8, 263, 0.3, CH, 0, 0
2631, -18.5, 264, 0.3, CH, 0, 0
2632, -12.5, 265, 0.3, CH, 0, 0
2633, -12.2, 265, 0.3, CH, 0, 0
2634, -10.4, 266, 0.3, CH, 0, 0
2635, -11.4, 267, 0.3, CH, 0, 0
2636, -8.4, 267, 0.3, CH, 0, 0
2637, -19.6, 268, 0.3, CH, 0, 0
2638, -13.4, 269, 0.3, CH, 0, 0
2639, -11.9, 269, 0.3, CH, 0, 0
2640, -11.4, 270, 0.3, CH, 0, 0
2641, -12.6, 270, 0.3, CH, 0, 0
2642, -12.7, 270, 0.3, CH, 0, 0
2643, -13.4, 271, 0.3, CH, 0, 0
2644, -13.4, 271, 0.3, CH, 0, 0
2645, -12.7, 272, 0.3, CH, 0, 0
2646, -12.2, 272, 0.3, CH, 0, 0
2647, -12.3, 273, 0.3, CH, 0, 0
2648, -12.9, 273, 0.3, CH, 0, 0
2649, -13.1, 273, 0.3, CH, 0, 0
2650, -13.2, 273, 0.3, CH, 0, 0
2651, -13.4, 273, 0.3, CH, 0, 0
2652, -11.6, 273, 0.3, CH, 0, 0
2653, -12.8, 273, 0.3, CH, 0, 0
2654, -12.5, 272, 0.3, CH, 0, 0
2655, -12.5, 272, 0.3, CH, 0, 0
2656, -11.5, 271, 0.2, CH, 0, 0
2657, -10.6, 271, 0.2, CH, 0, 0
2658, -10.9, 271, 0.3, CH, 0, 0
2659, -11.6, 270, 0.3, CH, 0, 0
2660, -11.5, 270, 0.3, CH, 0, 0
2661, -11.3, 270, 0.3, CH, 0, 0
2662, -11.6, 269, 0.3, CH, 0, 0
2663, -11.2, 269, 0.2, CH, 0, 0
2664, -10.2, 268, 0.2, CH, 0, 0
2665, -11.3, 268, 0.2, CH, 0, 0
2666, -11.1, 268, 0.2, CH, 0, 0
2667, -11.9, 267, 0.2, CH, 0, 0
2668, -10.7, 267, 0.2, CH, 0, 0
2669, -9.7, 267, 0.2, CH, 0, 0
2670, -12.1, 266, 0.2, CH, 0, 0
2671, -2.4, 266, 0.2, CH, 0, 0
2672, -10.8, 265, 0.2, CH, 0, 0
2673, -9.9, 265, 0.2, CH, 0, 0
2674, -10.3, 265, 0.2, CH, 0, 0
2675, -10.1, 265, 0.2, CH, 0, 0
2676, -10.6, 265, 0.2, CH, 0, 0
2677, -13.1, 265, 0.2, CH, 0, 0
2678, -11.0, 264, 0.2, CH, 0, 0
2679, -9.9, 264, 0.2, CH, 0, 0
2680, -10.6, 264, 0.2, CH, 0, 0
2681, -10.9, 264, 0.2, CH, 0, 0
2682, -10.9, 264, 0.3, CH, 0, 0
2683, -11.2, 264, 0.3, CH, 0, 0
2684, -12.4, 265, 0.3, CH, 0, 0
2685, -11.2, 265, 0.3, CH, 0, 0
2686, -11.5, 266, 0.3, CH, 0, 0
2687, -10.7, 266, 0.3, CH, 0, 0
2688, -12.1, 266, 0.3, CH, 0, 0
2689, -13.1, 267, 0.3, CH, 0, 0
2690, -10.2, 268, 0.3, CH, 0, 0
2691, -19.6, 268, 0.3, CH, 0, 0
2692, -12.6, 269, 0.3, CH, 0, 0
2693, -12.7, 270, 0.3, CH, 0, 0
2694, -14.3, 270, 0.3, CH, 0, 0
2695, -13.8, 271, 0.2, CH, 0, 0
2696, -14.4, 272, 0.3, CH, 0, 0
2697, -4.0, 272, 0.3, CH, 0, 0
2698, -12.3, 274, 0.3, CH, 0, 0
2699, -15.1, 274, 0.2, CH, 0, 0
2700, -14.1, 275, 0.2, CH, 0, 0
2701, -13.7, 276, 0.2, CH, 0, 0
2702, -13.1, 276, 0.2, CH, 0, 0
2703, -12.7, 277, 0.2, CH, 0, 0
2704, -13.2, 277, 0.2, CH, 0, 0
2705, -14.2, 278, 0.2, CH, 0, 0
2706, -14.1, 278, 0.2, CH, 0, 0
2707, -14.3, 279, 0.2, CH, 0, 0
2708, -14.0, 279, 0.2, CH, 0, 0
2709, -12.7, 280, 0.2, CH, 0, 0
2710, -13.3, 280, 0.2, CH, 0, 0
2711, -13.1, 280, 0.2, CH, 0, 0
2712, -13.5, 280, 0.2, CH, 0, 0
2713, -13.1, 280, 0.2, CH, 0, 0
2714, -11.3, 280, 0.2, CH, 0, 0
2715, -12.0, 280, 0.2, CH, 0, 0
2716, -11.5, 280, 0.2, CH, 0, 0
2717, -20.3, 279, 0.2, CH, 0, 0
2718, -9.9, 279, 0.2, CH, 0, 0
2719, -11.1, 278, 0.2, CH, 0, 0
2720, -11.6, 278, 0.2, CH, 0, 0
2721, -11.0, 277, 0.2, CH, 0, 0
2722, -12.4, 277, 0.3, CH, 0, 0
2723, -12.3, 276, 0.3, CH, 0, 0
2724, -11.6, 276, 0.3, CH, 0, 0
2725, -11.7, 275, 0.2, CH, 0, 0
2726, -11.1, 275, 0.3, CH, 0, 0
2727, -11.3, 274, 0.3, CH, 0, 0
2728, -11.6, 273, 0.3, CH, 0, 0
2729, -11.9, 273, 0.3, CH, 0, 0
2730, -12.2, 272, 0.3, CH, 0, 0
2731, -12.7, 272, 0.3, CH, 0, 0
2732, -10.9, 272, 0.3, CH, 0, 0
2733, -12.4, 272, 0.3, CH, 0, 0
2734, -12.5, 272, 0.3, CH, 0, 0
2735, -13.3, 272, 0.3, CH, 0, 0
2736, -11.9, 272, 0.3, CH, 0, 0
2737, -11.2, 272, 0.2, CH, 0, 0
2738, -15.5, 272, 0.3, CH, 0, 0
2739, -13.5, 272, 0.2, CH, 0, 0
2740, -12.6, 272, 0.2, CH, 0, 0
2741, -13.6, 272, 0.2, CH, 0, 0
2742, -11.8, 272, 0.2, CH, 0, 0
2743, -12.4, 273, 0.2, CH, 0, 0
2744, -13.0, 273, 0.2, CH, 0, 0
2745, -12.2, 273, 0.3, CH, 0, 0
2746, -13.2, 273, 0.2, CH, 0, 0
2747, -12.6, 274, 0.2, CH, 0, 0
2748, -12.2, 274, 0.2, CH, 0, 0
2749, -12.6, 275, 0.2, CH, 0, 0
2750, -5.9, 275, 0.2, CH, 0, 0
2751, -12.3, 275, 0.3, CH, 0, 0
2752, -13.9, 276, 0.2, CH, 0, 0
2753, -13.5, 276, 0.2, CH, 0, 0
2754, -12.2, 276, 0.2, CH, 0, 0
2755, -11.7, 276, 0.3, CH, 0, 0
2756, -13.4, 277, 0.3, CH, 0, 0
2757, -13.7, 277, 0.3, CH, 0, 0
2758, -13.6, 277, 0.3, CH, 0, 0
2759, -12.2, 277, 0.3, CH, 0, 0
2760, -8.5, 278, 0.2, CH, 0, 0
2761, -12.2, 278, 0.3, CH, 0, 0
2762, -12.9, 278, 0.3, CH, 0, 0
2763, -13.2, 278, 0.3, CH, 0, 0
2764, -12.5, 278, 0.2, CH, 0, 0
2765, -12.4, 278, 0.2, CH, 0, 0
2766, -12.1, 278, 0.3, CH, 0, 0
2767, -12.5, 277, 0.3, CH, 0, 0
2768, -13.2, 277, 0.3, CH, 0, 0
2769, -12.7, 277, 0.3, CH, 0, 0
2770, -18.4, 276, 0.3, CH, 0, 0
2771, -11.7, 276, 0.3, CH, 0, 0
2772, -11.6, 275, 0.3, CH, 0, 0
2773, -10.8, 275, 0.3, CH, 0, 0
2774, -13.3, 275, 0.3, CH, 0, 0
2775, -12.7, 274, 0.3, CH, 0, 0
2776, -11.8, 274, 0.3, CH, 0, 0
2777, -10.5, 274, 0.3, CH, 0, 0
2778, -10.4, 273, 0.3, CH, 0, 0
2779, -11.0, 273, 0.3, CH, 0, 0
2780, -16.0, 272, 0.3, CH, 0, 0
2781, -11.8, 272, 0.3, CH, 0, 0
2782, -11.4, 271, 0.3, CH, 0, 0
2783, -10.4, 270, 0.3, CH, 0, 0
2784, -10.9, 270, 0.3, CH, 0, 0
2785, -11.9, 269, 0.3, CH, 0, 0
2786, -10.8, 268, 0.3, CH, 0, 0
2787, -11.5, 268, 0.3, CH, 0, 0
2788, -10.3, 267, 0.3, CH, 0, 0
2789, -10.7, 267, 0.3, CH, 0, 0
2790, -10.4, 267, 0.3, CH, 0, 0
2791, -10.0, 266, 0.3, CH, 0, 0
2792, -10.1, 266, 0.3, CH, 0, 0
2793, -10.9, 265, 0.2, CH, 0, 0
2794, -8.6, 265, 0.2, CH, 0, 0
2795, -9.8, 265, 0.2, CH, 0, 0
2796, -9.9, 265, 0.2, CH, 0, 0
2797, -11.6, 265, 0.2, CH, 0, 0
2798, -11.7, 264, 0.2, CH, 0, 0
2799, -11.1, 264, 0.2, CH, 0, 0
2800, -10.8, 264, 0.2, CH, 0, 0
2801, -10.4, 264, 0.2, CH, 0, 0
2802, -10.4, 265, 0.2, CH, 0, 0
2803, -11.7, 265, 0.2, CH, 0, 0
2804, -11.6, 265, 0.1, CH, 0, 0
2805, -10.6, 266, 0.1, CH, 0, 0
2806, -10.9, 267, 0.1, CH, 0, 0
2807, -10.5, 267, 0.2, CH, 0, 0
2808, -11.2, 267, 0.2, CH, 0, 0
2809, -11.6, 268, 0.2, CH, 0, 0
2810, -12.0, 268, 0.2, CH, 0, 0
2811, -12.1, 269, 0.2, CH, 0, 0
2812, -12.0, 269, 0.2, CH, 0, 0
2813, -12.1, 270, 0.2, CH, 0, 0
2814, -12.9, 270, 0.2, CH, 0, 0
2815, -12.3, 271, 0.2, CH, 0, 0
2816, -12.2, 271, 0.2, CH, 0, 0
2817, -11.7, 271, 0.2, CH, 0, 0
2818, -11.5, 271, 0.2, CH, 0, 0
2819, -12.6, 272, 0.2, CH, 0, 0
2820, -11.9, 272, 0.2, CH, 0, 0
2821, -12.5, 272, 0.2, CH, 0, 0
2822, -13.1, 272, 0.2, CH, 0, 0
2823, -11.4, 272, 0.2, CH, 0, 0
2824, -10.9, 272, 0.2, CH, 0, 0
2825, -11.1, 271, 0.2, CH, 0, 0
2826, -12.5, 271, 0.3, CH, 0, 0
2827, -11.4, 271, 0.3, CH, 0, 0
2828, -11.7, 271, 0.2, CH, 0, 0
2829, -10.8, 270, 0.2, CH, 0, 0
2830, -11.6, 270, 0.3, CH, 0, 0
2831, -11.7, 270, 0.2, CH, 0, 0
2832, -11.7, 269, 0.2, CH, 0, 0
2833, -11.7, 269, 0.2, CH, 0, 0
2834, -11.6, 269, 0.3, CH, 0, 0
2835, -10.6, 269, 0.3, CH, 0, 0
2836, -10.7, 268, 0.3, CH, 0, 0
2837, -12.7, 268, 0.3, CH, 0, 0
2838, -11.6, 267, 0.3, CH, 0, 0
2839, -10.3, 267, 0.2, CH, 0, 0
2840, -10.1, 267, 0.3, CH, 0, 0
2841, -9.3, 267, 0.2, CH, 0, 0
2842, -9.2, 266, 0.3, CH, 0, 0
2843, -10.1, 266, 0.3, CH, 0, 0
2844, -11.5, 266, 0.3, CH, 0, 0
2845, -11.5, 266, 0.2, CH, 0, 0
2846, -9.7, 266, 0.2, CH, 0, 0
2847, -10.6, 265, 0.2, CH, 0, 0
2848, -10.0, 265, 0.2, CH, 0, 0
2849, -10.5, 264, 0.2, CH, 0, 0
2850, -9.9, 263, 0.3, CH, 0, 0
2851, -9.2, 263, 0.3, CH, 0, 0
2852, -10.6, 263, 0.3, CH, 0, 0
2853, -9.4, 263, 0.2, CH, 0, 0
2854, -10.0, 263, 0.3, CH, 0, 0
2855, -9.9, 263, 0.3, CH, 0, 0
2856, -10.0, 263, 0.2, CH, 0, 0
2857, -7.7, 263, 0.2, CH, 0, 0
2858, -9.4, 263, 0.2, CH, 0, 0
2859, -9.2, 263, 0.3, CH, 0, 0
2860, -11.2, 263, 0.3, CH, 0, 0
2861, -11.2, 263, 0.3, CH, 0, 0
2862, -10.7, 264, 0.3, CH, 0, 0
2863, -10.6, 264, 0.3, CH, 0, 0
2864, -9.7, 264, 0.3, CH, 0, 0
2865, -10.5, 264, 0.3, CH, 0, 0
2866, -11.3, 264, 0.3, CH, 0, 0
2867, -11.0, 265, 0.3, CH, 0, 0
2868, -11.2, 265, 0.3, CH, 0, 0
2869, -11.4, 266, 0.3, CH, 0, 0
2870, -11.7, 267, 0.3, CH, 0, 0
2871, -12.6, 268, 0.3, CH, 0, 0
2872, -12.1, 268, 0.3, CH, 0, 0
2873, -11.6, 268, 0.3, CH, 0, 0
2874, -11.2, 269, 0.3, CH, 0, 0
2875, -12.0, 269, 0.3, CH, 0, 0
2876, -13.8, 269, 0.3, CH, 0, 0
2877, -13.1, 270, 0.3, CH, 0, 0
2878, -13.0, 270, 0.3, CH, 0, 0
2879, -13.1, 271, 0.3, CH, 0, 0
2880, -13.0, 271, 0.3, CH, 0, 0
2881, -12.6, 272, 0.3, CH, 0, 0
2882, -14.0, 273, 0.3, CH, 0, 0
2883, -13.1, 273, 0.3, CH, 0, 0
2884, -13.1, 273, 0.3, CH, 0, 0
2885, -12.0, 274, 0.3, CH, 0, 0
2886, -12.4, 274, 0.3, CH, 0, 0
2887, -13.1, 274, 0.3, CH, 0, 0
2888, -13.6, 274, 0.3, CH, 0, 0
2889, -13.5, 274, 0.3, CH, 0, 0
2890, -12.7, 274, 0.3, CH, 0, 0
2891, -12.1, 274, 0.3, CH, 0, 0
2892, -10.9, 274, 0.2, CH, 0, 0
2893, -12.0, 274, 0.3, CH, 0, 0
2894, -12.2, 274, 0.3, CH, 0, 0
2895, -12.4, 274, 0.3, CH, 0, 0
2896, -11.5, 273, 0.2, CH, 0, 0
2897, -11.3, 273, 0.2, CH, 0, 0
2898, -10.5, 272, 0.2, CH, 0, 0
2899, -11.0, 272, 0.3, CH, 0, 0
2900, -9.9, 271, 0.3, CH, 0, 0
2901, -11.1, 270, 0.3, CH, 0, 0
2902, -9.3, 269, 0.3, CH, 0, 0
2903, -10.5, 268, 0.3, CH, 0, 0
2904, -10.1, 267, 0.3, CH, 0, 0
2905, -10.9, 267, 0.3, CH, 0, 0
2906, -10.8, 266, 0.3, CH, 0, 0
2907, -10.0, 266, 0.3, CH, 0, 0
2908, -9.8, 265, 0.3, CH, 0, 0
2909, -9.1, 265, 0.2, CH, 0, 0
2910, -9.8, 264, 0.2, CH, 0, 0
2911, -10.0, 264, 0.2, CH, 0, 0
2912, -10.5, 263, 0.2, CH, 0, 0
2913, -10.7, 263, 0.2, CH, 0, 0
2914, -8.8, 262, 0.2, CH, 0, 0
2915, -8.2, 262, 0.2, CH, 0, 0
2916, -9.1, 261, 0.3, CH, 0, 0
2917, -11.0, 261, 0.3, CH, 0, 0
2918, -10.8, 261, 0.3, CH, 0, 0
2919, -10.8, 261, 0.3, CH, 0, 0
2920, -10.3, 262, 0.3, CH, 0, 0
2921, -10.4, 262, 0.3, CH, 0, 0
2922, -11.0, 262, 0.3, CH, 0, 0
2923, -10.9, 262, 0.3, CH, 0, 0
2924, -11.3, 262, 0.3, CH, 0, 0
2925, -11.8, 263, 0.3, CH, 0, 0
2926, -10.4, 264, 0.3, CH, 0, 0
2927, -11.0, 264, 0.3, CH, 0, 0
2928, -11.0, 264, 0.3, CH, 0, 0
2929, -13.1, 265, 0.3, CH, 0, 0
2930, -11.9, 265, 0.3, CH, 0, 0
2931, -11.8, 266, 0.3, CH, 0, 0
2932, -11.3, 267, 0.3, CH, 0, 0
2933, -12.1, 267, 0.3, CH, 0, 0
2934, -13.5, 268, 0.3, CH, 0, 0
2935, -14.4, 269, 0.3, CH, 0, 0
2936, -12.6, 270, 0.3, CH, 0, 0
2937, -11.6, 270, 0.3, CH, 0, 0
2938, -12.3, 271, 0.3, CH, 0, 0
2939, -12.4, 272, 0.3, CH, 0, 0
2940, -13.3, 272, 0.3, CH, 0, 0
2941, -13.1, 273, 0.3, CH, 0, 0
2942, -12.8, 273, 0.3, CH, 0, 0
2943, -12.4, 274, 0.3, CH, 0, 0
2944, -12.6, 274, 0.3, CH, 0, 0
2945, -11.7, 274, 0.3, CH, 0, 0
2946, -13.6, 274, 0.3, CH, 0, 0
2947, -13.1, 275, 0.3, CH, 0, 0
2948, -13.0, 275, 0.3, CH, 0, 0
2949, -11.2, 275, 0.2, CH, 0, 0
2950, -12.9, 275, 0.3, CH, 0, 0
2951, -12.7, 275, 0.3, CH, 0, 0
2952, -13.3, 275, 0.3, CH, 0, 0
2953, -12.0, 275, 0.2, CH, 0, 0
2954, -13.4, 275, 0.2, CH, 0, 0
2955, -12.2, 274, 0.2, CH, 0, 0
2956, -12.1, 274, 0.2, CH, 0, 0
2957, -12.3, 274, 0.2, CH, 0, 0
2958, -12.3, 273, 0.3, CH, 0, 0
2959, -12.9, 273, 0.2, CH, 0, 0
2960, -10.9, 273, 0.2, CH, 0, 0
2961, -11.0, 273, 0.2, CH, 0, 0
2962, -11.7, 272, 0.3, CH, 0, 0
2963, -11.4, 271, 0.3, CH, 0, 0
2964, -12.1, 271, 0.3, CH, 0, 0
2965, -11.0, 270, 0.2, CH, 0, 0
2966, -11.4, 270, 0.2, CH, 0, 0
2967, -8.9, 269, 0.2, CH, 0, 0
2968, -10.3, 269, 0.2, CH, 0, 0
2969, -12.0, 268, 0.2, CH, 0, 0
2970, -10.0, 268, 0.2, CH, 0, 0
2971, -10.0, 267, 0.2, CH, 0, 0
2972, -9.8, 267, 0.2, CH, 0, 0
2973, -10.9, 266, 0.2, CH, 0, 0
2974, -10.9, 266, 0.2, CH, 0, 0
2975, -10.5, 266, 0.2, CH, 0, 0
2976, -10.6, 265, 0.2, CH, 0, 0
2977, -10.6, 265, 0.2, CH, 0, 0
2978, -10.2, 265, 0.2, CH, 0, 0
2979, -9.5, 265, 0.2, CH, 0, 0
2980, -11.6, 265, 0.2, CH, 0, 0
2981, -11.5, 265, 0.2, CH, 0, 0
2982, -11.1, 265, 0.2, CH, 0, 0
2983, -11.1, 265, 0.2, CH, 0, 0
2984, -10.7, 265, 0.2, CH, 0, 0
2985, -11.4, 265, 0.2, CH, 0, 0
2986, -11.1, 265, 0.3, CH, 0, 0
2987, -13.7, 266, 0.3, CH, 0, 0
2988, -12.0, 266, 0.3, CH, 0, 0
2989, -11.0, 267, 0.3, CH, 0, 0
2990, -13.0, 267, 0.3, CH, 0, 0
2991, -13.5, 268, 0.3, CH, 0, 0
2992, -13.3, 268, 0.3, CH, 0, 0
2993, -12.7, 269, 0.3, CH, 0, 0
2994, -11.2, 269, 0.3, CH, 0, 0
2995, -12.5, 270, 0.3, CH, 0, 0
2996, -13.1, 270, 0.3, CH, 0, 0
2997, -13.2, 271, 0.3, CH, 0, 0
2998, -13.9, 272, 0.3, CH, 0, 0
2999, -13.2, 273, 0.3, CH, 0, 0
3000, -12.7, 273, 0.3, CH, 0, 0
3001, -13.1, 274, 0.3, CH, 0, 0
3002, -14.4, 274, 0.3, CH, 0, 0
3003, -13.9, 275, 0.3, CH, 0, 0
3004, -13.1, 276, 0.3, CH, 0, 0
3005, -13.2, 276, 0.3, CH, 0, 0
3006, -13.0, 276, 0.3, CH, 0, 0
3007, -13.3, 277, 0.3, CH, 0, 0
3008, -13.2, 277, 0.3, CH, 0, 0
3009, -13.4, 277, 0.3, CH, 0, 0
3010, -12.8, 277, 0.2, CH, 0, 0
3011, -12.6, 277, 0.2, CH, 0, 0
3012, -12.2, 277, 0.2, CH, 0, 0
3013, -12.1, 277, 0.3, CH, 0, 0
3014, -12.9, 277, 0.3, CH, 0, 0
3015, -13.0, 277, 0.2, CH, 0, 0
3016, -12.6, 277, 0.2, CH, 0, 0
3017, -12.4, 277, 0.2, CH, 0, 0
3018, -11.7, 276, 0.2, CH, 0, 0
3019, -12.8, 276, 0.3, CH, 0, 0
3020, -12.6, 276, 0.3, CH, 0, 0
3021, -12.5, 276, 0.3, CH, 0, 0
3022, -12.0, 275, 0.3, CH, 0, 0
3023, -12.5, 275, 0.3, CH, 0, 0
3024, -11.3, 275, 0.3, CH, 0, 0
3025, -11.8, 274, 0.3, CH, 0, 0
3026, -12.1, 274, 0.3, CH, 0, 0
3027, -11.2, 273, 0.3, CH, 0, 0
3028, -11.0, 273, 0.3, CH, 0, 0
3029, -10.0, 272, 0.3, CH, 0, 0
3030, -10.7, 271, 0.3, CH, 0, 0
3031, -11.7, 270, 0.3, CH, 0, 0
3032, -11.2, 270, 0.3, CH, 0, 0
3033, -11.1, 269, 0.3, CH, 0, 0
3034, -10.6, 269, 0.3, CH, 0, 0
3035, -10.4, 269, 0.3, CH, 0, 0
3036, -11.4, 268, 0.3, CH, 0, 0
3037, -10.5, 268, 0.3, CH, 0, 0
3038, -11.2, 267, 0.3, CH, 0, 0
3039, -11.2, 267, 0.3, CH, 0, 0
3040, -10.5, 267, 0.3, CH, 0, 0
3041, -10.8, 267, 0.3, CH, 0, 0
3042, -10.0, 267, 0.3, CH, 0, 0
3043, -10.4, 267, 0.3, CH, 0, 0
3044, -11.4, 267, 0.3, CH, 0, 0
3045, -11.1, 267, 0.2, CH, 0, 0
3046, -10.5, 266, 0.2, CH, 0, 0
3047, -11.4, 267, 0.3, CH, 0, 0
3048, -12.5, 267, 0.3, CH, 0, 0
3049, -12.5, 267, 0.3, CH, 0, 0
3050, -12.0, 267, 0.3, CH, 0, 0
3051, -10.8, 268, 0.3, CH, 0, 0
3052, -11.7, 268, 0.3, CH, 0, 0
3053, -12.2, 268, 0.3, CH, 0, 0
3054, -12.8, 268, 0.3, CH, 0, 0
3055, -12.7, 269, 0.3, CH, 0, 0
3056, -11.5, 269, 0.3, CH, 0, 0
3057, -12.2, 269, 0.2, CH, 0, 0
3058, -11.8, 270, 0.2, CH, 0, 0
3059, -11.3, 269, 0.2, CH, 0, 0
3060, -12.2, 270, 0.2, CH, 0, 0
3061, -11.3, 269, 0.2, CH, 0, 0
3062, -16.1, 269, 0.2, CH, 0, 0
3063, -11.4, 269, 0.2, CH, 0, 0
3064, -10.1, 269, 0.2, CH, 0, 0
3065, -12.2, 269, 0.2, CH, 0, 0
3066, -12.9, 269, 0.2, CH, 0, 0
3067, -11.4, 269, 0.2, CH, 0, 0
3068, -11.7, 269, 0.2, CH, 0, 0
3069, -11.3, 268, 0.2, CH, 0, 0
3070, -12.4, 268, 0.2, CH, 0, 0
3071, -13.0, 268, 0.2, CH, 0, 0
3072, -12.1, 268, 0.2, CH, 0, 0
3073, -11.1, 268, 0.2, CH, 0, 0
3074, -11.2, 267, 0.2, CH, 0, 0
3075, -10.4, 267, 0.2, CH, 0, 0
3076, -11.0, 267, 0.2, CH, 0, 0
3077, -11.9, 267, 0.2, CH, 0, 0
3078, -11.2, 266, 0.2, CH, 0, 0
3079, -11.1, 266, 0.2, CH, 0, 0
3080, -10.5, 266, 0.2, CH, 0, 0
3081, -10.7, 266, 0.2, CH, 0, 0
3082, -6.5, 266, 0.2, CH, 0, 0
3083, -10.9, 266, 0.2, CH, 0, 0
3084, -12.6, 265, 0.2, CH, 0, 0
3085, -9.9, 265, 0.2, CH, 0, 0
3086, -10.0, 264, 0.2, CH, 0, 0
3087, -10.8, 264, 0.2, CH, 0, 0
3088, -11.0, 264, 0.2, CH, 0, 0
3089, -10.6, 264, 0.2, CH, 0, 0
3090, -9.7, 264, 0.2, CH, 0, 0
3091, -8.6, 263, 0.2, CH, 0, 0
3092, -9.8, 263, 0.2, CH, 0, 0
3093, -10.2, 263, 0.2, CH, 0, 0
3094, -10.3, 263, 0.3, CH, 0, 0
3095, -11.0, 263, 0.2, CH, 0, 0
3096, -11.0, 263, 0.3, CH, 0, 0
3097, -9.0, 263, 0.3, CH, 0, 0
3098, -9.8, 263, 0.3, CH, 0, 0
3099, -11.0, 263, 0.3, CH, 0, 0
3100, -11.4, 263, 0.2, CH, 0, 0
3101, -11.9, 263, 0.2, CH, 0, 0
3102, -10.9, 263, 0.2, CH, 0, 0
3103, -10.9, 264, 0.2, CH, 0, 0
3104, -10.7, 264, 0.2, CH, 0, 0
3105, -11.2, 264, 0.2, CH, 0, 0
3106, -11.0, 264, 0.2, CH, 0, 0
3107, -11.8, 264, 0.2, CH, 0, 0
3108, -11.0, 265, 0.3, CH, 0, 0
3109, -11.5, 265, 0.3, CH, 0, 0
3110, -11.3, 265, 0.3, CH, 0, 0
3111, -12.3, 266, 0.3, CH, 0, 0
3112, -12.0, 267, 0.3, CH, 0, 0
3113, -12.5, 267, 0.3, CH, 0, 0
3114, -11.0, 267, 0.3, CH, 0, 0
3115, -11.7, 267, 0.3, CH, 0, 0
3116, -10.5, 267, 0.3, CH, 0, 0
3117, -12.9, 268, 0.3, CH, 0, 0
3118, -13.5, 268, 0.3, CH, 0, 0
3119, -11.3, 268, 0.3, CH, 0, 0
3120, -11.4, 269, 0.3, CH, 0, 0
3121, -11.6, 269, 0.3, CH, 0, 0
3122, -11.7, 269, 0.3, CH, 0, 0
3123, -12.2, 269, 0.3, CH, 0, 0
3124, -12.5, 269, 0.3, CH, 0, 0
3125, -11.9, 269, 0.3, CH, 0, 0
3126, -11.6, 269, 0.3, CH, 0, 0
3127, -10.7, 269, 0.3, CH, 0, 0
3128, -10.5, 269, 0.3, CH, 0, 0
3129, -12.1, 268, 0.3, CH, 0, 0
3130, -11.4, 268, 0.3, CH, 0, 0
3131, -11.2, 268, 0.3, CH, 0, 0
3132, -11.5, 268, 0.3, CH, 0, 0
3133, -10.8, 268, 0.3, CH, 0, 0
3134, -12.7, 268, 0.3, CH, 0, 0
3135, -11.3, 268, 0.3, CH, 0, 0
3136, -12.1, 268, 0.3, CH, 0, 0
3137, -10.8, 268, 0.2, CH, 0, 0
3138, -10.1, 267, 0.3, CH, 0, 0
3139, -11.0, 267, 0.3, CH, 0, 0
3140, -11.5, 267, 0.3, CH, 0, 0
3141, -10.7, 267, 0.3, CH, 0, 0
3142, -10.8, 267, 0.3, CH, 0, 0
3143, -10.6, 266, 0.3, CH, 0, 0
3144, -10.4, 266, 0.3, CH, 0, 0
3145, -11.1, 266, 0.3, CH, 0, 0
3146, -11.2, 266, 0.3, CH, 0, 0
3147, -11.9, 265, 0.3, CH, 0, 0
3148, -11.3, 265, 0.3, CH, 0, 0
3149, -9.6, 265, 0.3, CH, 0, 0
3150, -10.7, 264, 0.3, CH, 0, 0
3151, -10.6, 264, 0.3, CH, 0, 0
3152, -10.7, 264, 0.3, CH, 0, 0
3153, -10.4, 264, 0.3, CH, 0, 0
3154, -9.3, 264, 0.3, CH, 0, 0
3155, -10.3, 264, 0.3, CH, 0, 0
3156, -10.3, 264, 0.3, CH, 0, 0
3157, -11.0, 264, 0.3, CH, 0, 0
3158, -10.7, 263, 0.3, CH, 0, 0
3159, -10.8, 263, 0.2, CH, 0, 0
3160, -10.4, 263, 0.3, CH, 0, 0
3161, -10.8, 264, 0.3, CH, 0, 0
3162, -11.4, 264, 0.3, CH, 0, 0
3163, -10.6, 264, 0.3, CH, 0, 0
3164, -11.1, 264, 0.2, CH, 0, 0
3165, -10.8, 264, 0.2, CH, 0, 0
3166, -10.8, 265, 0.2, CH, 0, 0
3167, -10.4, 265, 0.2, CH, 0, 0
3168, -11.3, 265, 0.2, CH, 0, 0
3169, -12.7, 266, 0.2, CH, 0, 0
3170, -11.7, 266, 0.2, CH, 0, 0
3171, -11.8, 267, 0.2, CH, 0, 0
3172, -11.3, 267, 0.2, CH, 0, 0
3173, -12.0, 267, 0.2, CH, 0, 0
3174, -13.0, 268, 0.2, CH, 0, 0
3175, -12.7, 268, 0.2, CH, 0, 0
3176, -12.6, 268, 0.2, CH, 0, 0
3177, -12.3, 269, 0.2, CH, 0, 0
3178, -12.3, 270, 0.2, CH, 0, 0
3179, -12.7, 270, 0.2, CH, 0, 0
3180, -12.7, 270, 0.2, CH, 0, 0
3181, -12.5, 271, 0.2, CH, 0, 0
3182, -13.2, 271, 0.2, CH, 0, 0
3183, -12.6, 271, 0.3, CH, 0, 0
3184, -12.2, 271, 0.3, CH, 0, 0
3185, -12.9, 272, 0.3, CH, 0, 0
3186, -12.9, 272, 0.3, CH, 0, 0
3187, -13.1, 272, 0.3, CH, 0, 0
3188, -7.8, 272, 0.3, CH, 0, 0
3189, -11.4, 272, 0.3, CH, 0, 0
3190, -12.3, 272, 0.3, CH, 0, 0
3191, -12.6, 271, 0.3, CH, 0, 0
3192, -12.8, 271, 0.3, CH, 0, 0
3193, -13.0, 271, 0.3, CH, 0, 0
3194, -8.6, 271, 0.3, CH, 0, 0
3195, -10.8, 271, 0.3, CH, 0, 0
3196, -12.1, 271, 0.3, CH, 0, 0
3197, -11.7, 270, 0.3, CH, 0, 0
3198, -11.7, 270, 0.3, CH, 0, 0
3199, -11.8, 270, 0.3, CH, 0, 0
3200, -7.9, 270, 0.3, CH, 0, 0
3201, -10.2, 269, 0.3, CH, 0, 0
3202, -10.5, 269, 0.3, CH, 0, 0
3203, -11.1, 268, 0.2, CH, 0, 0
3204, -11.2, 268, 0.2, CH, 0, 0
3205, -10.8, 267, 0.2, CH, 0, 0
3206, -10.3, 267, 0.2, CH, 0, 0
3207, -9.9, 267, 0.2, CH, 0, 0
3208, -14.9, 266, 0.2, CH, 0, 0
3209, -10.8, 266, 0.2, CH, 0, 0
3210, -4.4, 265, 0.2, CH, 0, 0
3211, -10.6, 265, 0.2, CH, 0, 0
3212, -9.6, 264, 0.2, CH, 0, 0
3213, -9.4, 264, 0.2, CH, 0, 0
3214, -13.5, 264, 0.2, CH, 0, 0
3215, -11.2, 264, 0.2, CH, 0, 0
3216, -10.2, 264, 0.3, CH, 0, 0
3217, -9.9, 264, 0.3, CH, 0, 0
3218, -10.6, 264, 0.2, CH, 0, 0
3219, -9.9, 263, 0.3, CH, 0, 0
3220, -14.4, 263, 0.3, CH, 0, 0
3221, -12.4, 264, 0.3, CH, 0, 0
3222, -10.8, 264, 0.3, CH, 0, 0
3223, -10.9, 265, 0.3, CH, 0, 0
3224, -11.2, 265, 0.3, CH, 0, 0
3225, -11.2, 265, 0.3, CH, 0, 0
3226, -12.2, 266, 0.3, CH, 0, 0
3227, -11.8, 266, 0.3, CH, 0, 0
3228, -12.2, 267, 0.3, CH, 0, 0
3229, -12.3, 267, 0.3, CH, 0, 0
3230, -19.0, 268, 0.3, CH, 0, 0
3231, -12.2, 269, 0.3, CH, 0, 0
3232, -13.1, 269, 0.3, CH, 0, 0
3233, -13.0, 270, 0.3, CH, 0, 0
3234, -12.5, 270, 0.2, CH, 0, 0
3235, -12.3, 270, 0.2, CH, 0, 0
3236, -12.2, 271, 0.2, CH, 0, 0
3237, -13.9, 272, 0.3, CH, 0, 0
3238, -13.0, 272, 0.3, CH, 0, 0
3239, -12.8, 272, 0.2, CH, 0, 0
3240, -12.1, 272, 0.2, CH, 0, 0
3241, -12.2, 272, 0.3, CH, 0, 0
3242, -12.7, 273, 0.2, CH, 0, 0
3243, -13.1, 273, 0.2, CH, 0, 0
3244, -13.1, 273, 0.2, CH, 0, 0
3245, -12.5, 273, 0.2, CH, 0, 0
3246, -12.6, 273, 0.2, CH, 0, 0
3247, -12.9, 273, 0.2, CH, 0, 0
3248, -12.7, 273, 0.3, CH, 0, 0
3249, -13.3, 273, 0.3, CH, 0, 0
3250, -11.4, 273, 0.2, CH, 0, 0
3251, -11.6, 272, 0.2, CH, 0, 0
3252, -11.5, 272, 0.3, CH, 0, 0
3253, -11.3, 272, 0.3, CH, 0, 0
3254, -11.7, 272, 0.3, CH, 0, 0
3255, -12.1, 272, 0.3, CH, 0, 0
3256, -12.8, 272, 0.3, CH, 0, 0
3257, -10.8, 271, 0.2, CH, 0, 0
3258, -10.7, 270, 0.2, CH, 0, 0
3259, -11.7, 270, 0.2, CH, 0, 0
3260, -12.2, 270, 0.2, CH, 0, 0
3261, -12.0, 270, 0.2, CH, 0, 0
3262, -11.0, 270, 0.3, CH, 0, 0
3263, -11.6, 269, 0.2, CH, 0, 0
3264, -11.3, 269, 0.2, CH, 0, 0
3265, -11.3, 268, 0.2, CH, 0, 0
3266, -11.0, 268, 0.2, CH, 0, 0
3267, -11.0, 268, 0.2, CH, 0, 0
3268, -11.2, 268, 0.2, CH, 0, 0
3269, -9.5, 268, 0.2, CH, 0, 0
3270, -11.0, 267, 0.2, CH, 0, 0
3271, -11.3, 267, 0.2, CH, 0, 0
3272, -11.1, 267, 0.2, CH, 0, 0
3273, -11.9, 267, 0.2, CH, 0, 0
3274, -10.7, 267, 0.2, CH, 0, 0
3275, -10.8, 267, 0.2, CH, 0, 0
3276, -9.9, 267, 0.2, CH, 0, 0
3277, -12.8, 267, 0.2, CH, 0, 0
3278, -12.3, 267, 0.2, CH, 0, 0
3279, -10.8, 267, 0.2, CH, 0, 0
3280, -10.4, 267, 0.2, CH, 0, 0
3281, -10.8, 267, 0.2, CH, 0, 0
3282, -12.1, 268, 0.2, CH, 0, 0
3283, -12.0, 268, 0.2, CH, 0, 0
3284, -12.3, 268, 0.2, CH, 0, 0
3285, -11.5, 269, 0.2, CH, 0, 0
3286, -9.9, 269, 0.3, CH, 0, 0
3287, -11.5, 269, 0.3, CH, 0, 0
3288, -11.4, 269, 0.3, CH, 0, 0
3289, -13.1, 270, 0.3, CH, 0, 0
3290, -12.4, 270, 0.3, CH, 0, 0
3291, -12.2, 271, 0.3, CH, 0, 0
3292, -12.3, 271, 0.3, CH, 0, 0
3293, -12.2, 272, 0.3, CH, 0, 0
3294, -13.0, 272, 0.3, CH, 0, 0
3295, -13.1, 272, 0.3, CH, 0, 0
3296, -13.1, 273, 0.3, CH, 0, 0
3297, -11.2, 273, 0.3, CH, 0, 0
3298, -12.3, 274, 0.3, CH, 0, 0
3299, -13.9, 274, 0.3, CH, 0, 0
3300, -13.8, 274, 0.3, CH, 0, 0
3301, -13.3, 275, 0.3, CH, 0, 0
3302, -12.7, 275, 0.3, CH, 0, 0
3303, -12.1, 276, 0.3, CH, 0, 0
3304, -11.0, 276, 0.3, CH, 0, 0
3305, -13.5, 276, 0.3, CH, 0, 0
3306, -14.9, 276, 0.3, CH, 0, 0
3307, -14.0, 276, 0.3, CH, 0, 0
3308, -12.6, 277, 0.3, CH, 0, 0
3309, -12.2, 277, 0.3, CH, 0, 0
3310, -12.1, 277, 0.3, CH, 0, 0
3311, -12.9, 277, 0.3, CH, 0, 0
3312, -13.4, 277, 0.3, CH, 0, 0
3313, -13.6, 277, 0.3, CH, 0, 0
3314, -11.9, 277, 0.3, CH, 0, 0
3315, -11.7, 277, 0.3, CH, 0, 0
3316, -11.9, 277, 0.3, CH, 0, 0
3317, -12.2, 276, 0.3, CH, 0, 0
3318, -12.1, 276, 0.3, CH, 0, 0
3319, -11.0, 276, 0.3, CH, 0, 0
3320, -11.1, 275, 0.3, CH, 0, 0
3321, -11.7, 274, 0.3, CH, 0, 0
3322, -12.0, 274, 0.3, CH, 0, 0
3323, -11.5, 274, 0.3, CH, 0, 0
3324, -12.0, 273, 0.3, CH, 0, 0
3325, -10.6, 272, 0.3, CH, 0, 0
3326, -10.4, 272, 0.3, CH, 0, 0
3327, -9.6, 271, 0.3, CH, 0, 0
3328, -10.6, 270, 0.3, CH, 0, 0
3329, -10.9, 270, 0.3, CH, 0, 0
3330, -10.9, 269, 0.3, CH, 0, 0
3331, -10.3, 268, 0.3, CH, 0, 0
3332, -9.5, 267, 0.3, CH, 0, 0
3333, -9.5, 267, 0.3, CH, 0, 0
3334, -11.6, 266, 0.3, CH, 0, 0
3335, -11.0, 266, 0.3, CH, 0, 0
3336, -11.1, 266, 0.3, CH, 0, 0
3337, -10.1, 266, 0.3, CH, 0, 0
3338, -10.2, 265, 0.3, CH, 0, 0
3339, -11.0, 265, 0.3, CH, 0, 0
3340, -11.0, 265, 0.3, CH, 0, 0
3341, -10.4, 265, 0.3, CH, 0, 0
3342, -10.1, 265, 0.3, CH, 0, 0
3343, -10.5, 265, 0.3, CH, 0, 0
3344, -10.7, 265, 0.3, CH, 0, 0
3345, -11.7, 265, 0.3, CH, 0, 0
3346, -11.4, 265, 0.3, CH, 0, 0
3347, -12.4, 265, 0.3, CH, 0, 0
3348, -11.4, 266, 0.3, CH, 0, 0
3349, -10.9, 266, 0.3, CH, 0, 0
3350, -11.5, 267, 0.2, CH, 0, 0
3351, -12.6, 268, 0.3, CH, 0, 0
3352, -12.4, 268, 0.3, CH, 0, 0
3353, -11.5, 269, 0.2, CH, 0, 0
3354, -10.7, 269, 0.2, CH, 0, 0
3355, -11.5, 269, 0.3, CH, 0, 0
3356, -11.6, 269, 0.2, CH, 0, 0
3357, -12.9, 269, 0.2, CH, 0, 0
3358, -12.7, 270, 0.2, CH, 0, 0
3359, -11.7, 270, 0.2, CH, 0, 0
3360, -11.7, 270, 0.2, CH, 0, 0
3361, -12.6, 271, 0.2, CH, 0, 0
3362, -12.4, 271, 0.2, CH, 0, 0
3363, -12.6, 271, 0.3, CH, 0, 0
3364, -12.8, 271, 0.2, CH, 0, 0
3365, -11.6, 271, 0.2, CH, 0, 0
3366, -11.9, 271, 0.3, CH, 0, 0
3367, -11.0, 271, 0.3, CH, 0, 0
3368, -12.4, 271, 0.3, CH, 0, 0
3369, -12.6, 271, 0.3, CH, 0, 0
3370, -12.1, 271, 0.3, CH, 0, 0
3371, -11.2, 271, 0.3, CH, 0, 0
3372, -11.2, 271, 0.3, CH, 0, 0
3373, -11.4, 271, 0.3, CH, 0, 0
3374, -12.2, 271, 0.3, CH, 0, 0
3375, -11.7, 270, 0.3, CH, 0, 0
3376, -11.3, 270, 0.3, CH, 0, 0
3377, -10.8, 270, 0.3, CH, 0, 0
3378, -10.8, 269, 0.3, CH, 0, 0
3379, -12.5, 269, 0.3, CH, 0, 0
3380, -11.7, 269, 0.3, CH, 0, 0
3381, -11.0, 268, 0.3, CH, 0, 0
3382, -10.6, 268, 0.3, CH, 0, 0
3383, -9.9, 268, 0.3, CH, 0, 0
3384, -9.5, 267, 0.3, CH, 0, 0
3385, -11.1, 267, 0.3, CH, 0, 0
3386, -11.5, 266, 0.3, CH, 0, 0
3387, -10.7, 266, 0.3, CH, 0, 0
3388, -10.2, 266, 0.3, CH, 0, 0
3389, -9.2, 265, 0.3, CH, 0, 0
3390, -14.0, 265, 0.3, CH, 0, 0
3391, -9.8, 265, 0.2, CH, 0, 0
3392, -10.4, 264, 0.3, CH, 0, 0
3393, -9.9, 264, 0.2, CH, 0, 0
3394, -9.9, 264, 0.2, CH, 0, 0
3395, -9.8, 264, 0.2, CH, 0, 0
3396, -10.9, 264, 0.2, CH, 0, 0
3397, -5.5, 264, 0.2, CH, 0, 0
3398, -10.4, 264, 0.2, CH, 0, 0
3399, -11.2, 264, 0.2, CH, 0, 0
3400, -9.7, 263, 0.2, CH, 0, 0
3401, -9.7, 263, 0.2, CH, 0, 0
3402, -10.4, 264, 0.2, CH, 0, 0
3403, -11.6, 264, 0.2, CH, 0, 0
3404, -11.8, 265, 0.2, CH, 0, 0
3405, -9.9, 265, 0.2, CH, 0, 0
3406, -9.8, 265, 0.2, CH, 0, 0
3407, -10.8, 266, 0.2, CH, 0, 0
3408, -11.5, 266, 0.2, CH, 0, 0
3409, -12.6, 266, 0.2, CH, 0, 0
3410, -7.7, 267, 0.2, CH, 0, 0
3411, -11.8, 268, 0.2, CH, 0, 0
3412, -11.5, 268, 0.2, CH, 0, 0
3413, -12.2, 268, 0.3, CH, 0, 0
3414, -12.0, 269, 0.3, CH, 0, 0
3415, -12.4, 269, 0.3, CH, 0, 0
3416, -11.4, 269, 0.2, CH, 0, 0
3417, -16.5, 270, 0.3, CH, 0, 0
3418, -12.2, 270, 0.3, CH, 0, 0
3419, -11.2, 270, 0.3, CH, 0, 0
3420, -12.7, 270, 0.3, CH, 0, 0
3421, -12.3, 271, 0.2, CH, 0, 0
3422, -14.3, 270, 0.2, CH, 0, 0
3423, -2.7, 271, 0.2, CH, 0, 0
3424, -11.7, 270, 0.2, CH, 0, 0
3425, -12.8, 271, 0.3, CH, 0, 0
3426, -12.8, 271, 0.3, CH, 0, 0
3427, -12.4, 271, 0.2, CH, 0, 0
3428, -11.4, 271, 0.2, CH, 0, 0
3429, -11.6, 271, 0.2, CH, 0, 0
3430, -11.5, 270, 0.2, CH, 0, 0
3431, -11.9, 270, 0.2, CH, 0, 0
3432, -12.2, 270, 0.2, CH, 0, 0
3433, -11.9, 270, 0.2, CH, 0, 0
3434, -10.9, 270, 0.2, CH, 0, 0
3435, -11.6, 270, 0.2, CH, 0, 0
3436, -11.2, 270, 0.2, CH, 0, 0
3437, -11.4, 269, 0.2, CH, 0, 0
3438, -11.2, 269, 0.2, CH, 0, 0
3439, -11.1, 269, 0.2, CH, 0, 0
3440, -10.5, 269, 0.2, CH, 0, 0
3441, -10.5, 268, 0.2, CH, 0, 0
3442, -9.4, 268, 0.2, CH, 0, 0
3443, -20.4, 268, 0.3, CH, 0, 0
3444, -12.1, 268, 0.2, CH, 0, 0
3445, -9.9, 267, 0.2, CH, 0, 0
3446, -9.7, 267, 0.2, CH, 0, 0
3447, -10.7, 267, 0.2, CH, 0, 0
3448, -10.8, 267, 0.2, CH, 0, 0
3449, -10.1, 266, 0.3, CH, 0, 0
3450, -10.8, 266, 0.3, CH, 0, 0
3451, -10.8, 266, 0.2, CH, 0, 0
3452, -9.5, 265, 0.2, CH, 0, 0
3453, -10.0, 265, 0.3, CH, 0, 0
3454, -11.1, 265, 0.3, CH, 0, 0
3455, -11.2, 265, 0.2, CH, 0, 0
3456, -10.7, 266, 0.2, CH, 0, 0
3457, -10.4, 266, 0.2, CH, 0, 0
3458, -10.1, 266, 0.3, CH, 0, 0
3459, -9.6, 266, 0.3, CH, 0, 0
3460, -11.0, 266, 0.3, CH, 0, 0
3461, -11.5, 266, 0.3, CH, 0, 0
3462, -10.8, 266, 0.3, CH, 0, 0
3463, -10.7, 267, 0.3, CH, 0, 0
3464, -10.4, 267, 0.3, CH, 0, 0
3465, -11.9, 267, 0.3, CH, 0, 0
3466, -12.2, 268, 0.3, CH, 0, 0
3467, -11.8, 268, 0.3, CH, 0, 0
3468, -11.9, 269, 0.3, CH, 0, 0
3469, -12.1, 269, 0.3, CH, 0, 0
3470, -12.2, 270, 0.3, CH, 0, 0
3471, -12.4, 270, 0.3, CH, 0, 0
3472, -13.5, 271, 0.3, CH, 0, 0
3473, -12.5, 271, 0.3, CH, 0, 0
3474, -12.0, 272, 0.3, CH, 0, 0
3475, -11.5, 272, 0.3, CH, 0, 0
3476, -12.7, 272, 0.3, CH, 0, 0
3477, -13.2, 273, 0.3, CH, 0, 0
3478, -13.5, 273, 0.3, CH, 0, 0
3479, -12.9, 274, 0.3, CH, 0, 0
3480, -13.4, 274, 0.3, CH, 0, 0
3481, -12.6, 274, 0.3, CH, 0, 0
3482, -13.6, 275, 0.3, CH, 0, 0
3483, -13.1, 275, 0.3, CH, 0, 0
3484, -12.9, 275, 0.3, CH, 0, 0
3485, -12.9, 275, 0.2, CH, 0, 0
3486, -12.4, 275, 0.2, CH, 0, 0
3487, -12.1, 275, 0.2, CH, 0, 0
3488, -12.7, 275, 0.3, CH, 0, 0
3489, -12.6, 274, 0.3, CH, 0, 0
3490, -12.2, 274, 0.2, CH, 0, 0
3491, -11.9, 274, 0.2, CH, 0, 0
3492, -11.5, 274, 0.2, CH, 0, 0
3493, -12.2, 274, 0.3, CH, 0, 0
3494, -12.6, 274, 0.3, CH, 0, 0
3495, -12.6, 274, 0.3, CH, 0, 0
3496, -11.7, 273, 0.2, CH, 0, 0
3497, -11.1, 273, 0.2, CH, 0, 0
3498, -10.9, 273, 0.2, CH, 0, 0
3499, -11.3, 272, 0.3, CH, 0, 0
3500, -11.5, 272, 0.3, CH, 0, 0
3501, -11.8, 271, 0.3, CH, 0, 0
3502, -10.1, 271, 0.3, CH, 0, 0
3503, -11.2, 271, 0.3, CH, 0, 0
3504, -11.2, 270, 0.3, CH, 0, 0
3505, -11.4, 270, 0.3, CH, 0, 0
3506, -10.9, 270, 0.3, CH, 0, 0
3507, -10.9, 269, 0.2, CH, 0, 0
3508, -10.3, 269, 0.2, CH, 0, 0
3509, -10.0, 269, 0.2, CH, 0, 0
3510, -11.3, 268, 0.2, CH, 0, 0
3511, -10.2, 268, 0.2, CH, 0, 0
3512, -10.9, 268, 0.2, CH, 0, 0
3513, -10.9, 267, 0.2, CH, 0, 0
3514, -10.3, 267, 0.2, CH, 0, 0
3515, -10.2, 267, 0.2, CH, 0, 0
3516, -12.1, 267, 0.2, CH, 0, 0
3517, -11.8, 267, 0.2, CH, 0, 0
3518, -11.6, 267, 0.2, CH, 0, 0
3519, -11.3, 267, 0.2, CH, 0, 0
3520, -10.5, 267, 0.2, CH, 0, 0
3521, -11.0, 267, 0.2, CH, 0, 0
3522, -12.0, 267, 0.2, CH, 0, 0
3523, -11.5, 268, 0.2, CH, 0, 0
3524, -12.8, 268, 0.2, CH, 0, 0
3525, -11.2, 269, 0.2, CH, 0, 0
3526, -11.7, 269, 0.2, CH, 0, 0
3527, -12.1, 270, 0.2, CH, 0, 0
3528, -12.6, 270, 0.2, CH, 0, 0
3529, -13.4, 271, 0.2, CH, 0, 0
3530, -12.2, 271, 0.2, CH, 0, 0
3531, -12.8, 272, 0.2, CH, 0, 0
3532, -12.5, 272, 0.3, CH, 0, 0
3533, -13.3, 273, 0.2, CH, 0, 0
3534, -13.3, 274, 0.2, CH, 0, 0
3535, -13.1, 274, 0.2, CH, 0, 0
3536, -12.7, 274, 0.3, CH, 0, 0
3537, -13.4, 275, 0.2, CH, 0, 0
3538, -12.3, 275, 0.3, CH, 0, 0
3539, -13.4, 276, 0.2, CH, 0, 0
3540, -13.3, 276, 0.2, CH, 0, 0
3541, -13.1, 276, 0.2, CH, 0, 0
3542, -12.3, 276, 0.2, CH, 0, 0
3543, -12.2, 276, 0.2, CH, 0, 0
3544, -12.4, 276, 0.2, CH, 0, 0
3545, -14.4, 277, 0.2, CH, 0, 0
3546, -13.5, 277, 0.2, CH, 0, 0
3547, -12.4, 276, 0.2, CH, 0, 0
3548, -12.8, 276, 0.2, CH, 0, 0
3549, -11.9, 276, 0.2, CH, 0, 0
3550, -11.5, 276, 0.2, CH, 0, 0
3551, -13.5, 276, 0.2, CH, 0, 0
3552, -13.6, 276, 0.2, CH, 0, 0
3553, -11.3, 276, 0.2, CH, 0, 0
3554, -11.3, 276, 0.2, CH, 0, 0
3555, -11.7, 276, 0.2, CH, 0, 0
3556, -11.7, 275, 0.3, CH, 0, 0
3557, -11.1, 275, 0.3, CH, 0, 0
3558, -12.5, 274, 0.3, CH, 0, 0
3559, -11.5, 274, 0.3, CH, 0, 0
3560, -11.5, 274, 0.3, CH, 0, 0
3561, -11.1, 273, 0.3, CH, 0, 0
3562, -11.6, 272, 0.3, CH, 0, 0
3563, -11.2, 272, 0.3, CH, 0, 0
3564, -10.9, 271, 0.3, CH, 0, 0
3565, -10.9, 271, 0.3, CH, 0, 0
3566, -10.5, 270, 0.3, CH, 0, 0
3567, -11.6, 270, 0.3, CH, 0, 0
3568, -11.4, 269, 0.3, CH, 0, 0
3569, -10.4, 269, 0.3, CH, 0, 0
3570, -12.4, 269, 0.3, CH, 0, 0
3571, -9.8, 268, 0.3, CH, 0, 0
3572, -9.3, 268, 0.3, CH, 0, 0
3573, -11.1, 268, 0.3, CH, 0, 0
3574, -12.0, 268, 0.3, CH, 0, 0
3575, -11.5, 268, 0.3, CH, 0, 0
3576, -11.0, 268, 0.2, CH, 0, 0
3577, -3.7, 268, 0.2, CH, 0, 0
3578, -11.2, 268, 0.2, CH, 0, 0
3579, -11.2, 268, 0.2, CH, 0, 0
3580, -11.7, 268, 0.2, CH, 0, 0
3581, -11.8, 269, 0.2, CH, 0, 0
3582, -11.5, 269, 0.2, CH, 0, 0
3583, -11.3, 269, 0.2, CH, 0, 0
3584, -10.5, 269, 0.2, CH, 0, 0
3585, -10.5, 270, 0.2, CH, 0, 0
3586, -12.2, 270, 0.2, CH, 0, 0
3587, -11.9, 270, 0.2, CH, 0, 0
3588, -11.3, 271, 0.2, CH, 0, 0
3589, -12.8, 271, 0.2, CH, 0, 0
3590, -11.4, 271, 0.2, CH, 0, 0
3591, -12.9, 272, 0.2, CH, 0, 0
3592, -12.7, 273, 0.2, CH, 0, 0
3593, -12.6, 273, 0.3, CH, 0, 0
3594, -11.6, 273, 0.2, CH, 0, 0
3595, -12.0, 274, 0.3, CH, 0, 0
3596, -12.6, 274, 0.3, CH, 0, 0
3597, -14.3, 274, 0.3, CH, 0, 0
3598, -12.6, 275, 0.3, CH, 0, 0
3599, -12.1, 275, 0.3, CH, 0, 0
3600, -12.4, 275, 0.3, CH, 0, 0
